c_darissa;Darissa;;;;;;;;;;;;;x
c_darissa_adj;Darissa;;;;;;;;;;;;;x
c_abbarbas;Abbarbas;;;;;;;;;;;;;x
c_abbarbas_adj;Abbarbian;;;;;;;;;;;;;x
c_abdir;Abdir;;;;;;;;;;;;;x
c_abdir_adj;Abdirian;;;;;;;;;;;;;x
c_bouldertree;Bouldertree;;;;;;;;;;;;;x
c_bouldertree_adj;Bouldertreen;;;;;;;;;;;;;x
c_abidon;Abibon-Gora;;;;;;;;;;;;;x
c_abidon_adj;Abibonean;;;;;;;;;;;;;x
c_acacyn;Acacyn;;;;;;;;;;;;;x
c_acacyn_adj;Acacynnic;;;;;;;;;;;;;x
c_adhisar;Adhisar;;;;;;;;;;;;;x
c_adhisar_adj;Adhisar;;;;;;;;;;;;;x
c_adurin;Adurin;;;;;;;;;;;;;x
c_vandor;Vandor;;;;;;;;;;;;;x
c_vandor_adj;Vandorian;;;;;;;;;;;;;x
c_thalo;Thalo;;;;;;;;;;;;;x
c_thalo_adj;Thalian;;;;;;;;;;;;;x
c_kore;Kore;;;;;;;;;;;;;x
c_kore_adj;Korian;;;;;;;;;;;;;x
c_clothos;Clothos;;;;;;;;;;;;;x
c_clothos_adj;Clothian;;;;;;;;;;;;;x
c_bleakrock;Bleakrock;;;;;;;;;;;;;x
c_bleakrock_adj;Bleakrocker;;;;;;;;;;;;;x
c_kenarthi;Kenarthi's Roost;;;;;;;;;;;;;x
c_kenarthi_adj;Kenarthian;;;;;;;;;;;;;x
c_gorne;Gorne;;;;;;;;;;;;;x
c_gorne_adj;Gornen;;;;;;;;;;;;;x
c_asil_yelir;Asil Yelir;;;;;;;;;;;;;x
c_asil_yelir_adj;Yelirian;;;;;;;;;;;;;x
c_klithi;Klithi;;;;;;;;;;;;;x
c_klithi_adj;Klithian;;;;;;;;;;;;;x
c_arranha;Arranbu;;;;;;;;;;;;;x
c_arranha_adj;Arranbian;;;;;;;;;;;;;x
c_kardesh;Kardesh;;;;;;;;;;;;;x
c_kardesh_adj;Kardeshi;;;;;;;;;;;;;x
c_zamunda;Zamunda;;;;;;;;;;;;;x
c_zamunda_adj;Zamundan;;;;;;;;;;;;;x
c_nakan;Nakan;;;;;;;;;;;;;x
c_nakan_adj;Nakani;;;;;;;;;;;;;x
c_bahia;Bahia;;;;;;;;;;;;;x
c_bahia_adj;Bahian;;;;;;;;;;;;;x
c_moni;Moni;;;;;;;;;;;;;x
c_moni_adj;Monian;;;;;;;;;;;;;x
c_adurin_adj;Adurin;;;;;;;;;;;;;x
c_afyfa;Afyfa;;;;;;;;;;;;;x
c_afyfa_adj;Afyfa;;;;;;;;;;;;;x
c_phrygias;Phyrgias;;;;;;;;;;;;;x
c_phrygias_adj;Phyrgias;;;;;;;;;;;;;x
c_scarstone;Guldun;;;;;;;;;;;;;x
c_scarstone_adj;Guldunic;;;;;;;;;;;;;x
c_hachi;Hachi;;;;;;;;;;;;;x
c_hachi_adj;Hachian;;;;;;;;;;;;;x
c_adurin_adj;Adurinian;;;;;;;;;;;;;x
c_aganna_adj;Agannian;;;;;;;;;;;;;x
c_ahvaz;Ahvaz;;;;;;;;;;;;;x
c_ahvaz_adj;Ahvazzian;;;;;;;;;;;;;x
c_aidhab;Aidhab;;;;;;;;;;;;;x
c_aidhab_adj;Aidhabian;;;;;;;;;;;;;x
c_aikaya;Aikaya;;;;;;;;;;;;;x
c_aikaya_adj;Aikaya;;;;;;;;;;;;;x
c_aikeni;Aikeni;;;;;;;;;;;;;x
c_aikeni_adj;Aikeni;;;;;;;;;;;;;x
c_aimae;Aimae;;;;;;;;;;;;;x
c_aimae_adj;Aimayan;;;;;;;;;;;;;x
c_akeu;Akeu;;;;;;;;;;;;;x
c_akeu_adj;Akeu;;;;;;;;;;;;;x
c_aksana;Aksana;;;;;;;;;;;;;x
c_aksana_adj;Aksana;;;;;;;;;;;;;x
c_akuna;Akuna;;;;;;;;;;;;;x
c_akuna_adj;Akunian;;;;;;;;;;;;;x
c_akrum;Akrum;;;;;;;;;;;;;x
c_akrum_adj;Akrum;;;;;;;;;;;;;x
c_alabaster;Alabaster;;;;;;;;;;;;;x
c_alabaster_adj;Alabaster;;;;;;;;;;;;;x
c_alara;Alara;;;;;;;;;;;;;x
c_alara_adj;Alara;;;;;;;;;;;;;x
c_alcaire;Alcaire;;;;;;;;;;;;;x
c_alcaire_adj;Alcairen;;;;;;;;;;;;;x
c_aldos;Aldos;;;;;;;;;;;;;x
c_aldos_adj;Aldossian;;;;;;;;;;;;;x
c_aldruhn;Ald'Ruhn;;;;;;;;;;;;;x
c_aldruhn_adj;Aldruhnnic;;;;;;;;;;;;;x
c_aldsotha;Aldsotha;;;;;;;;;;;;;x
c_aldsotha_adj;Aldsothian;;;;;;;;;;;;;x
c_alessia;Alessia;;;;;;;;;;;;;x
c_alessia_adj;Alessian;;;;;;;;;;;;;x
c_aleswell;Aleswell;;;;;;;;;;;;;x
c_aleswell_adj;Aleswellian;;;;;;;;;;;;;x
c_alftand_adj;Alftander;;;;;;;;;;;;;x
c_alinor;Alinor;;;;;;;;;;;;;x
c_alinor_adj;Alinor;;;;;;;;;;;;;x
c_almalexia;Mournhold;;;;;;;;;;;;;x
c_almalexia_adj;Mournholdian;;;;;;;;;;;;;x
c_amadesa;Amadesa;;;;;;;;;;;;;x
c_amadesa_adj;Amadesa;;;;;;;;;;;;;x
c_amakal;Amakal;;;;;;;;;;;;;x
c_amakal_adj;Amakal;;;;;;;;;;;;;x
c_amalam;Amalam;;;;;;;;;;;;;x
c_amalam_adj;Amalam;;;;;;;;;;;;;x
c_amalok;Amalok;;;;;;;;;;;;;x
c_amalok_adj;Amalok;;;;;;;;;;;;;x
c_amnarasak;Amnarasak;;;;;;;;;;;;;x
c_amnarasak_adj;Amnarasak;;;;;;;;;;;;;x
c_amnatthaya;Amnatthaya;;;;;;;;;;;;;x
c_amnatthaya_adj;Amnatthayan;;;;;;;;;;;;;x
c_amnkret;Amnkret;;;;;;;;;;;;;x
c_amnkret_adj;Amnkret;;;;;;;;;;;;;x
c_amol;Amol;;;;;;;;;;;;;x
c_amol_adj;Amollic;;;;;;;;;;;;;x
c_anakar;Anakar;;;;;;;;;;;;;x
c_anakar_adj;Anakaran;;;;;;;;;;;;;x
c_andrethis;Andrethis;;;;;;;;;;;;;x
c_andrethis_adj;Andrethian;;;;;;;;;;;;;x
c_anga;Anga;;;;;;;;;;;;;x
c_anga_adj;Angan;;;;;;;;;;;;;x
c_angbesar;Ang Besar;;;;;;;;;;;;;x
c_angbesar_adj;Ang Besar;;;;;;;;;;;;;x
c_anghet;Ang Het;;;;;;;;;;;;;x
c_anghet_adj;Ang Het;;;;;;;;;;;;;x
c_anghon;Ang Hon;;;;;;;;;;;;;x
c_anghon_adj;Ang Hon;;;;;;;;;;;;;x
c_angpo;Ang Po;;;;;;;;;;;;;x
c_angpo_adj;Ang Po;;;;;;;;;;;;;x
c_angsuan;Ang Suan;;;;;;;;;;;;;x
c_angsuan_adj;Ang Suan;;;;;;;;;;;;;x
c_ankar;Ankar;;;;;;;;;;;;;x
c_ankar_adj;Ankar;;;;;;;;;;;;;x
c_ansilvund;Ansilvund;;;;;;;;;;;;;x
c_ansilvund_adj;Ansilvunder;;;;;;;;;;;;;x
c_antara;Antara;;;;;;;;;;;;;x
c_antara_adj;Antara;;;;;;;;;;;;;x
c_anticlere;Anticlere;;;;;;;;;;;;;x
c_anticlere_adj;Anticleren;;;;;;;;;;;;;x
c_anvil;Anvil;;;;;;;;;;;;;x
c_anvil_adj;Anvillian;;;;;;;;;;;;;x
c_applewatch;Applewatch;;;;;;;;;;;;;x
c_applewatch_adj;Applewatcher;;;;;;;;;;;;;x
c_arat;Arat;;;;;;;;;;;;;x
c_arat_adj;Arat;;;;;;;;;;;;;x
c_arcantys;Arcantys;;;;;;;;;;;;;x
c_arcantys_adj;Arcantian;;;;;;;;;;;;;x
c_marbruk;Marbruk;;;;;;;;;;;;;x
c_marbruk_adj;Marbrukic;;;;;;;;;;;;;x
c_archengrangrove;Archengangrove;;;;;;;;;;;;;x
c_archengrangrove_adj;Archengangrovean;;;;;;;;;;;;;x
c_archon;Archon;;;;;;;;;;;;;x
c_archon_adj;Archic;;;;;;;;;;;;;x
c_arenthia;Arenthia;;;;;;;;;;;;;x
c_arenthia_adj;Arenthia;;;;;;;;;;;;;x
c_argolis;Argolis;;;;;;;;;;;;;x
c_argolis_adj;Argolian;;;;;;;;;;;;;x
c_arnor;Arnor;;;;;;;;;;;;;x
c_arnor_adj;Arnor;;;;;;;;;;;;;x
c_arrius;Arrius;;;;;;;;;;;;;x
c_arrius_adj;Arrian;;;;;;;;;;;;;x
c_ascadian;Ascadian Isles;;;;;;;;;;;;;x
c_ascadian_adj;Ascadian;;;;;;;;;;;;;x
c_ash;Ash;;;;;;;;;;;;;x
c_ashlands;Ashlands;;;;;;;;;;;;;x
c_ashlands_adj;Ashen;;;;;;;;;;;;;x
c_ash_adj;Ashen;;;;;;;;;;;;;x
c_askarimir;Askarimir;;;;;;;;;;;;;x
c_askarimir_adj;Askarimir;;;;;;;;;;;;;x
c_asp;Asp;;;;;;;;;;;;;x
c_asp_adj;Asp;;;;;;;;;;;;;x
c_aubigny;Aubigny;;;;;;;;;;;;;x
c_aubigny_adj;Aubignian;;;;;;;;;;;;;x
c_aurus;Aurus;;;;;;;;;;;;;x
c_aurus_adj;Aurian;;;;;;;;;;;;;x
c_aya;Aya;;;;;;;;;;;;;x
c_aya_adj;Aya;;;;;;;;;;;;;x
c_ayasofya;Ayasofya;;;;;;;;;;;;;x
c_ayasofya_adj;Ayasofian;;;;;;;;;;;;;x
c_azracrossing;Azra's Crossing;;;;;;;;;;;;;x
c_azracrossing_adj;Azra's Crossing;;;;;;;;;;;;;x
c_azurascoast;Azura's Coast;;;;;;;;;;;;;x
c_azurascoast_adj;Azuran;;;;;;;;;;;;;x
c_badang;Badang;;;;;;;;;;;;;x
c_badang_adj;Badang;;;;;;;;;;;;;x
c_baga;Baga;;;;;;;;;;;;;x
c_baga_adj;Bagian;;;;;;;;;;;;;x
c_balakan;Balakan;;;;;;;;;;;;;x
c_balakan_adj;Balakan;;;;;;;;;;;;;x
c_balfall;Bal Fall;;;;;;;;;;;;;x
c_balfalls;Balfalls;;;;;;;;;;;;;x
c_balfalls_adj;Balfallic;;;;;;;;;;;;;x
c_balfall_adj;Bal Fall;;;;;;;;;;;;;x
c_balfiera;Balfiera;;;;;;;;;;;;;x
c_balfiera_adj;Balfieran;;;;;;;;;;;;;x
c_balima;Balima;;;;;;;;;;;;;x
c_balima_adj;Balima;;;;;;;;;;;;;x
c_balinesti;Balinesti;;;;;;;;;;;;;x
c_balinesti_adj;Balinestian;;;;;;;;;;;;;x
c_balsquare;Balsquare;;;;;;;;;;;;;x
c_balsquare_adj;Balsquare;;;;;;;;;;;;;x
c_banglasin;Banglasin;;;;;;;;;;;;;x
c_banglasin_adj;Banglasin;;;;;;;;;;;;;x
c_bangom;Bang Om;;;;;;;;;;;;;x
c_bangom_adj;Bang Om;;;;;;;;;;;;;x
c_bangphai;Bang Phai;;;;;;;;;;;;;x
c_bangphai_adj;Bang Phain;;;;;;;;;;;;;x
c_bangsuan;Bang Suan;;;;;;;;;;;;;x
c_bangsuan_adj;Bang Suan;;;;;;;;;;;;;x
c_bannermist;Bannermist;;;;;;;;;;;;;x
c_bannermist_adj;Bannermist;;;;;;;;;;;;;x
c_banta;Banta;;;;;;;;;;;;;x
c_banta_adj;Bantan;;;;;;;;;;;;;x
c_baram;Baram;;;;;;;;;;;;;x
c_baram_adj;Baram;;;;;;;;;;;;;x
c_barda;Barda;;;;;;;;;;;;;x
c_barda_adj;Barda;;;;;;;;;;;;;x
c_batar;Batar;;;;;;;;;;;;;x
c_batar_adj;Batar;;;;;;;;;;;;;x
c_batozan;Batozan;;;;;;;;;;;;;x
c_batozan_adj;Batozan;;;;;;;;;;;;;x
c_battalya;Battalya;;;;;;;;;;;;;x
c_battalya_adj;Battalya;;;;;;;;;;;;;x
c_baut;Irranhu;;;;;;;;;;;;;x
c_baut_adj;Irranhu;;;;;;;;;;;;;x
c_behar;Behar;;;;;;;;;;;;;x
c_behar_adj;Behar;;;;;;;;;;;;;x
c_beku;Beku;;;;;;;;;;;;;x
c_beku_adj;Beku;;;;;;;;;;;;;x
c_belda;Belda;;;;;;;;;;;;;x
c_belda_adj;Beldan;;;;;;;;;;;;;x
c_belemis;Belemis;;;;;;;;;;;;;x
c_belemis_adj;Belemis;;;;;;;;;;;;;x
c_belkarth;Belkarth;;;;;;;;;;;;;x
c_belkarth_adj;Belkarthic;;;;;;;;;;;;;x
c_belportrun;Belport Run;;;;;;;;;;;;;x
c_belportrun_adj;Belport;;;;;;;;;;;;;x
c_betony;Betony;;;;;;;;;;;;;x
c_betony_adj;Betonnic;;;;;;;;;;;;;x
c_bhatanir;Bhatanir;;;;;;;;;;;;;x
c_bhatanir_adj;Bhatanir;;;;;;;;;;;;;x
c_bhoriane;Bhoriane;;;;;;;;;;;;;x
c_bhoriane_adj;Bhorianen;;;;;;;;;;;;;x
c_binaiki;Binaiki;;;;;;;;;;;;;x
c_binaiki_adj;Binaiki;;;;;;;;;;;;;x
c_bingursa;Bingursa;;;;;;;;;;;;;x
c_bingursa_adj;Bingursa;;;;;;;;;;;;;x
c_bisat;Bisat;;;;;;;;;;;;;x
c_bisat_adj;Bisat;;;;;;;;;;;;;x
c_bittercoast;Bitter Coast;;;;;;;;;;;;;x
c_bittercoast_adj;Bitter;;;;;;;;;;;;;x
c_bjoulsae;Bjoulsae;;;;;;;;;;;;;x
c_bjoulsae_adj;Bjoulsaen;;;;;;;;;;;;;x
c_blackboot;Blackboot;;;;;;;;;;;;;x
c_blackboot_adj;Blackboot;;;;;;;;;;;;;x
c_blackharbour;Esroniet;;;;;;;;;;;;;x
c_blackhaven;Blackhaven;;;;;;;;;;;;;x
c_blackhaven_adj;Black Haven;;;;;;;;;;;;;x
c_blackheights;Black Heights;;;;;;;;;;;;;x
c_blackheights_adj;Black;;;;;;;;;;;;;x
c_blacklight;Blacklight;;;;;;;;;;;;;x
c_blacklight_adj;Blacklighter;;;;;;;;;;;;;x
c_blackmarsh;Blackmarsh;;;;;;;;;;;;;x
c_blackmarsh_adj;Blackmarshan;;;;;;;;;;;;;x
c_blackpark;Blackpark;;;;;;;;;;;;;x
c_blackpark_adj;Blackpark;;;;;;;;;;;;;x
c_blackrock;Blackrock;;;;;;;;;;;;;x
c_blackrose;Blackrose;;;;;;;;;;;;;x
c_blackrose_adj;Blackrose;;;;;;;;;;;;;x
c_blackwater;Blackwater;;;;;;;;;;;;;x
c_blackwater_adj;Blackwatery;;;;;;;;;;;;;x
c_blackwood_adj;Blackwood;;;;;;;;;;;;;x
c_blain;Blain;;;;;;;;;;;;;x
c_blain_adj;Blainic;;;;;;;;;;;;;x
c_blankenmarch;Blankenmarch;;;;;;;;;;;;;x
c_blankenmarch_adj;Blankenmarcher;;;;;;;;;;;;;x
c_bleakwind;Bleakwind;;;;;;;;;;;;;x
c_bleakwind_adj;Bleakwind;;;;;;;;;;;;;x
c_bloodhorn;Bloodhorn;;;;;;;;;;;;;x
c_bloodhorn_adj;Bloodhorner;;;;;;;;;;;;;x
c_bloodrun;Bloodrun;;;;;;;;;;;;;x
c_bloodrun_adj;Bloodrunner;;;;;;;;;;;;;x
c_bodrum;Bodrum;;;;;;;;;;;;;x
c_bodrum_adj;Bodrumian;;;;;;;;;;;;;x
c_bogwraith;Bogwraith;;;;;;;;;;;;;x
c_bogwraith_adj;Bogwraith;;;;;;;;;;;;;x
c_bolkara;Bolkara;;;;;;;;;;;;;x
c_bolkara_adj;Bolkara;;;;;;;;;;;;;x
c_bolukars;Bolukars;;;;;;;;;;;;;x
c_bolukars_adj;Bolukars;;;;;;;;;;;;;x
c_boluya;Boluya;;;;;;;;;;;;;x
c_boluya_adj;Boluya;;;;;;;;;;;;;x
c_bondar;Bondar;;;;;;;;;;;;;x
c_bondar_adj;Bondarian;;;;;;;;;;;;;x
c_bosmora;Bosmora;;;;;;;;;;;;;;
c_bosmora_adj;Bosmorian;;;;;;;;;;;;;;
c_bramblepoint;Bramblepoint;;;;;;;;;;;;;x
c_bramblepoint_adj;Bramblepointer;;;;;;;;;;;;;x
c_bramblewood;Bramblewood;;;;;;;;;;;;;x
c_bramblewood_adj;Bramblewood;;;;;;;;;;;;;x
c_branchmont;Branchmont;;;;;;;;;;;;;x
c_branchmont_adj;Branchmontian;;;;;;;;;;;;;x
c_bravil;Bravil;;;;;;;;;;;;;x
c_bravil_adj;Bravillian;;;;;;;;;;;;;x
c_brena;Brena;;;;;;;;;;;;;x
c_brena_adj;Brennic;;;;;;;;;;;;;x
c_khenarthi;Khenarthi's Roost;;;;;;;;;;;;;x
c_khenarthi_adj;Khenarthi;;;;;;;;;;;;;x
c_briarpatch;Briarpatch;;;;;;;;;;;;;x
c_briarpatch_adj;Briarpatch;;;;;;;;;;;;;x
c_brindlehome;Brindle Home;;;;;;;;;;;;;x
c_brindlehome_adj;Brindle;;;;;;;;;;;;;x
c_brittlerock;Brittlerock;;;;;;;;;;;;;x
c_brittlerock_adj;Brittlerock;;;;;;;;;;;;;x
c_brittleshin;Brittleshin Pass;;;;;;;;;;;;;x
c_brittleshin_adj;Brittleshin;;;;;;;;;;;;;x
c_brukreich;Brukreich;;;;;;;;;;;;;x
c_brukreich_adj;Brukreichan;;;;;;;;;;;;;x
c_bruma;Bruma;;;;;;;;;;;;;x
c_bruma_adj;Bruman;;;;;;;;;;;;;x
c_bthalft;Arcwind;;;;;;;;;;;;;x
c_bthalft_adj;Arcwindian;;;;;;;;;;;;;x
c_buarachan;Buarachan;;;;;;;;;;;;;x
c_buarachan_adj;Buarachan;;;;;;;;;;;;;x
c_bukduk;Bukduk;;;;;;;;;;;;;x
c_bukduk_adj;Bukduk;;;;;;;;;;;;;x
c_bukkul;Bukkul;;;;;;;;;;;;;x
c_bukkul_adj;Bukkul;;;;;;;;;;;;;x
c_bukpang;Bukpang;;;;;;;;;;;;;x
c_bukpang_adj;Bukpang;;;;;;;;;;;;;x
c_bulwark;Bulwark;;;;;;;;;;;;;x
c_bulwark_adj;Bulwarkian;;;;;;;;;;;;;x
c_burfez;Burfez;;;;;;;;;;;;;x
c_burfez_adj;Burfez;;;;;;;;;;;;;x
c_burising;Burising;;;;;;;;;;;;;x
c_burising_adj;Burising;;;;;;;;;;;;;x
c_bursana;Bursana;;;;;;;;;;;;;x
c_bursana_adj;Bursana;;;;;;;;;;;;;x
c_burvas;Burvas;;;;;;;;;;;;;x
c_burvas_adj;Burvas;;;;;;;;;;;;;x
c_burzmir;Burzmir;;;;;;;;;;;;;x
c_burzmir_adj;Burzmir;;;;;;;;;;;;;x
c_cambrian;Cambrian;;;;;;;;;;;;;x
c_cambrian_adj;Cambrian;;;;;;;;;;;;;x
c_camlorn;Camlorn;;;;;;;;;;;;;x
c_camlorn_adj;Camlornian;;;;;;;;;;;;;x
c_cappado;Cappado;;;;;;;;;;;;;x
c_cappado_adj;Cappadocian;;;;;;;;;;;;;x
c_caractacus;Caractacus;;;;;;;;;;;;;x
c_caractacus_adj;Caractacusic;;;;;;;;;;;;;x
c_carakal;Carakal;;;;;;;;;;;;;x
c_carakal_adj;Carakal;;;;;;;;;;;;;x
c_carmala;Carmala;;;;;;;;;;;;;x
c_carmala_adj;Carmalan;;;;;;;;;;;;;x
c_carmar;Carmar;;;;;;;;;;;;;x
c_carmar_adj;Carmarian;;;;;;;;;;;;;x
c_castlejoy;Castlejoy;;;;;;;;;;;;;x
c_castlejoy_adj;Castlejoy;;;;;;;;;;;;;x
c_cathay;Cathay;;;;;;;;;;;;;x
c_cathay_adj;Cathayan;;;;;;;;;;;;;x
c_cathnoquey;Quey;;;;;;;;;;;;;x
c_cathnoquey_adj;Queyen;;;;;;;;;;;;;x
c_catoydur;Catoydurian;;;;;;;;;;;;;x
c_catoydur;Ydurric;;;;;;;;;;;;;x
c_cedrian;Cedrian;;;;;;;;;;;;;x
c_cedrian_adj;Cedric;;;;;;;;;;;;;x
c_ceffa;Ceffa;;;;;;;;;;;;;x
c_ceffa_adj;Ceffan;;;;;;;;;;;;;x
c_cespar;Cespar;;;;;;;;;;;;;x
c_cespar_adj;Cespian;;;;;;;;;;;;;x
c_cidang;Cidang;;;;;;;;;;;;;x
c_cidang_adj;Cidang;;;;;;;;;;;;;x
c_ciman;Ciman;;;;;;;;;;;;;x
c_ciman_adj;Ciman;;;;;;;;;;;;;x
c_cirat;Cirat;;;;;;;;;;;;;x
c_cirat_adj;Cirat;;;;;;;;;;;;;x
c_chadahan;Chadahan;;;;;;;;;;;;;x
c_chadahan_adj;Chadahan;;;;;;;;;;;;;x
c_chajalai;Chajalai;;;;;;;;;;;;;x
c_chajalai_adj;Chajalaean;;;;;;;;;;;;;x
c_chalman;Chalman;;;;;;;;;;;;;x
c_chalman_adj;Chalman;;;;;;;;;;;;;x
c_changzi_adj;Changzuese;;;;;;;;;;;;;x
c_chanubi_adj;Chanubi;;;;;;;;;;;;;x
c_chasecreek;Chasecreek;;;;;;;;;;;;;x
c_chasecreek_adj;Creekic;;;;;;;;;;;;;x
c_chasegrove;Chasegrove;;;;;;;;;;;;;x
c_chasegrove_adj;Chasegrovian;;;;;;;;;;;;;x
c_chasepoint;Chasepoint;;;;;;;;;;;;;x
c_chasepoint_adj;Chasepoint;;;;;;;;;;;;;x
c_cheydinhal;Cheydinhal;;;;;;;;;;;;;x
c_cheydinhal_adj;Cheydin;;;;;;;;;;;;;x
c_chianglam;Chianglam;;;;;;;;;;;;;x
c_chianglam_adj;Chianglam;;;;;;;;;;;;;x
c_chiangmai;Chiangmai;;;;;;;;;;;;;x
c_chiangmai_adj;Chiangmai;;;;;;;;;;;;;x
c_chonang;Chon Ang;;;;;;;;;;;;;x
c_chonang_adj;Chon Ang;;;;;;;;;;;;;x
c_chondahan;Chondahan;;;;;;;;;;;;;x
c_chondahan_adj;Chondahan;;;;;;;;;;;;;x
c_chorrol_adj;Chorrol;;;;;;;;;;;;;x
c_cliffwatch;Cliffwatch;;;;;;;;;;;;;x
c_cliffwatch_adj;Cliffwatch;;;;;;;;;;;;;x
c_cloudrest;Cloudrest;;;;;;;;;;;;;x
c_cloudrest_adj;Clodian;;;;;;;;;;;;;x
c_cloudruler;Cloudruler;;;;;;;;;;;;;x
c_cloudruler_adj;Cloudruler;;;;;;;;;;;;;x
c_cloudspring_adj;Cloudspring;;;;;;;;;;;;;x
c_cloudtop;Cloudtop;;;;;;;;;;;;;x
c_cloudtop_adj;Cloudtop;;;;;;;;;;;;;x
c_coldcorn;Coldcorn;;;;;;;;;;;;;x
c_coldcorn_adj;Coldcornish;;;;;;;;;;;;;x
c_coldmoor;Coldmoor;;;;;;;;;;;;;x
c_coldmoor_adj;Coldmoorer;;;;;;;;;;;;;x
c_coldrock;Coldrock;;;;;;;;;;;;;x
c_coldrock_adj;Coldrock;;;;;;;;;;;;;x
c_conak;Conak;;;;;;;;;;;;;x
c_conak_adj;Conak;;;;;;;;;;;;;x
c_copang;Copang;;;;;;;;;;;;;x
c_copang_adj;Copang;;;;;;;;;;;;;x
c_corgrad;Corgrad;;;;;;;;;;;;;x
c_corgrad_adj;Corgradian;;;;;;;;;;;;;x
c_corimont;Corimont;;;;;;;;;;;;;x
c_corimont_adj;Corimontian;;;;;;;;;;;;;x
c_corinth;Corinth;;;;;;;;;;;;;x
c_corinth_adj;Corinthian;;;;;;;;;;;;;x
c_corisilmoor;Silmoor;;;;;;;;;;;;;x
c_corisilmoor_adj;Silmoor;;;;;;;;;;;;;x
c_cormair;Cormair;;;;;;;;;;;;;x
c_cormair_adj;Cormair;;;;;;;;;;;;;x
c_cormaris;Cormaris;;;;;;;;;;;;;x
c_cormaris_adj;Cormarian;;;;;;;;;;;;;x
c_cotu;Cotu;;;;;;;;;;;;;x
c_cotu_adj;Cotu;;;;;;;;;;;;;x
c_cropsford;Cropsford;;;;;;;;;;;;;x
c_cropsford_adj;Cropsforder;;;;;;;;;;;;;x
c_crowhaven;Crowhaven;;;;;;;;;;;;;x
c_crowhaven_adj;Crow;;;;;;;;;;;;;x
c_culotte;Culotte;;;;;;;;;;;;;x
c_culotte_adj;Culottian;;;;;;;;;;;;;x
c_cuptor;Cuptor;;;;;;;;;;;;;x
c_cuptor_adj;Cuptoric;;;;;;;;;;;;;x
c_daenia;Daenia;;;;;;;;;;;;;x
c_daenia_adj;Daenian;;;;;;;;;;;;;x
c_daggerfall;Daggerfall;;;;;;;;;;;;;x
c_daggerfall_adj;Daggerfall;;;;;;;;;;;;;x
c_darang;Darang;;;;;;;;;;;;;x
c_darang_adj;Darang;;;;;;;;;;;;;x
c_daresen;Daresen;;;;;;;;;;;;;x
c_daresen_adj;Daresen;;;;;;;;;;;;;x
c_dargan;Dargan;;;;;;;;;;;;;x
c_dargan_adj;Dargan;;;;;;;;;;;;;x
c_darglade;Darglade;;;;;;;;;;;;;x
c_darglade_adj;Corian;;;;;;;;;;;;;x
c_darguard;Darguard;;;;;;;;;;;;;x
c_darguard_adj;Darguard;;;;;;;;;;;;;x
c_darjar;Darjar;;;;;;;;;;;;;x
c_darjar_adj;Darjar;;;;;;;;;;;;;x
c_darkarn;Darkarn;;;;;;;;;;;;;x
c_darkarn_adj;Darkarnian;;;;;;;;;;;;;x
c_darkfathom;Darkfathom;;;;;;;;;;;;;x
c_darkfathom_adj;Darkfathom;;;;;;;;;;;;;x
c_darkwatch;Darkwatch;;;;;;;;;;;;;x
c_darkwatch_adj;Darkwatch;;;;;;;;;;;;;x
c_darlam;Darlam;;;;;;;;;;;;;x
c_darlam_adj;Darlam;;;;;;;;;;;;;x
c_darvon;Darvon;;;;;;;;;;;;;x
c_darvon_adj;Darvonnic;;;;;;;;;;;;;x
c_darvulk;Darvulk;;;;;;;;;;;;;x
c_darvulk_adj;Darvulkic;;;;;;;;;;;;;x
c_dasekmoor;Dasekmoor;;;;;;;;;;;;;x
c_dasekmoor_adj;Dasek;;;;;;;;;;;;;x
c_dawnstar;Dawnstar;;;;;;;;;;;;;x
c_dawnstar_adj;Dawnstar;;;;;;;;;;;;;x
c_deepscorn;Deepscorn;;;;;;;;;;;;;x
c_deepscorn_adj;Deepscorn;;;;;;;;;;;;;x
c_deerhollow;Deerhollow;;;;;;;;;;;;;x
c_deerhollow_adj;Deerhollow;;;;;;;;;;;;;x
c_degali;Degali;;;;;;;;;;;;;x
c_degali_adj;Degali;;;;;;;;;;;;;x
c_deshaan;Deshaan;;;;;;;;;;;;;x
c_deshaan_adj;Deshaan;;;;;;;;;;;;;x
c_dinab;Dinab;;;;;;;;;;;;;x
c_dinab_adj;Dinabian;;;;;;;;;;;;;x
c_dirich;Dirich;;;;;;;;;;;;;x
c_dirich_adj;Dirichian;;;;;;;;;;;;;x
c_diss;Diss;;;;;;;;;;;;;x
c_diss_adj;Diss;;;;;;;;;;;;;x
c_diverock;Dive Rock;;;;;;;;;;;;;x
c_diverock_adj;Dive Rock;;;;;;;;;;;;;x
c_diyakale;Diyakale;;;;;;;;;;;;;x
c_diyakale_adj;Diyakale;;;;;;;;;;;;;x
c_diyarum;Diyarum;;;;;;;;;;;;;x
c_diyarum_adj;Diyarum;;;;;;;;;;;;;x
c_djenne;Djenne;;;;;;;;;;;;;x
c_djenne_adj;Djennen;;;;;;;;;;;;;x
c_dorven;Dorven;;;;;;;;;;;;;x
c_dorven_adj;Dorven;;;;;;;;;;;;;x
c_doublecross;Doublecross;;;;;;;;;;;;;x
c_doublecross_adj;Doublecrosser;;;;;;;;;;;;;x
c_dragonbridge_adj;dragonbridger;;;;;;;;;;;;;x
c_dragonclaw;Dragonclaw;;;;;;;;;;;;;x
c_dragonclaw_adj;Dragonclaw;;;;;;;;;;;;;x
c_dragongate;Dragongate;;;;;;;;;;;;;x
c_dragongate_adj;Dragongate;;;;;;;;;;;;;x
c_dragonglade_adj;Dragonglade;;;;;;;;;;;;;x
c_dragongrove;Dragongrove;;;;;;;;;;;;;x
c_dragongrove_adj;Dragongroven;;;;;;;;;;;;;x
c_dragonpond;Dragonpond;;;;;;;;;;;;;x
c_dragonpond_adj;Dragonpondian;;;;;;;;;;;;;x
c_dragonstar;Dragonstar;;;;;;;;;;;;;x
c_dragonstar_adj;Dragonstar;;;;;;;;;;;;;x
c_dragontail;Dragontail;;;;;;;;;;;;;x
c_dragontail_adj;Dragontail;;;;;;;;;;;;;x
c_dragonwall;Dragonwall;;;;;;;;;;;;;x
c_dragonwall_adj;Dragonwall;;;;;;;;;;;;;x
c_drakelowe;Drakelowe;;;;;;;;;;;;;x
c_drakelowe_adj;Drakelowen;;;;;;;;;;;;;x
c_duncori;Duncori;;;;;;;;;;;;;x
c_duncori_adj;Duncorian;;;;;;;;;;;;;x
c_dune;Dune;;;;;;;;;;;;;x
c_dune_adj;Dunnish;;;;;;;;;;;;;x
c_dunkarn;Dunkarn;;;;;;;;;;;;;x
c_dunkarn_adj;Dunkarn;;;;;;;;;;;;;x
c_dunlain_adj;Dunlainian;;;;;;;;;;;;;x
c_dunstad;Dunstad;;;;;;;;;;;;;x
c_dunstad_adj;Dunstader;;;;;;;;;;;;;x
c_durmur;Durmur;;;;;;;;;;;;;x
c_durmur_adj;Durmur;;;;;;;;;;;;;x
c_durres;Durres;;;;;;;;;;;;;x
c_durres_adj;Durric;;;;;;;;;;;;;x
c_dusk;Dusk;;;;;;;;;;;;;x
c_dusk_adj;Dusken;;;;;;;;;;;;;x
c_dwynnen;Dwynnen;;;;;;;;;;;;;x
c_dwynnen_adj;Dwynnen;;;;;;;;;;;;;x
c_eaglebrook;Eaglebrook;;;;;;;;;;;;;x
c_eaglebrook_adj;Eaglebrook;;;;;;;;;;;;;x
c_eaglevale;Eaglevale;;;;;;;;;;;;;x
c_eaglevale_adj;Eaglevale;;;;;;;;;;;;;x
c_eastjeral;East Jeral;;;;;;;;;;;;;x
c_eastjeral_adj;East Jerallic;;;;;;;;;;;;;x
c_eastmarch;Eastmarch;;;;;;;;;;;;;x
c_eastmarch_adj;Eastmarcher;;;;;;;;;;;;;x
c_eastwatch;Eastwatch;;;;;;;;;;;;;x
c_eastwatch_adj;Eastwatcher;;;;;;;;;;;;;x
c_eastwood;Eastwood;;;;;;;;;;;;;x
c_eastwood_adj;Eastwood;;;;;;;;;;;;;x
c_ebonglen;Ebonglen;;;;;;;;;;;;;x
c_ebonglen_adj;Ebonglen;;;;;;;;;;;;;x
c_ebonheart;Ebonheart;;;;;;;;;;;;;x
c_ebonheart_adj;Ebonheart;;;;;;;;;;;;;x
c_ebonro;Ebon Ro;;;;;;;;;;;;;x
c_ebonro_adj;Ebon Ro;;;;;;;;;;;;;x
c_ebonstadmont;Ebon Stadmont;;;;;;;;;;;;;x
c_ebonstadmont_adj;Stadmontian;;;;;;;;;;;;;x
c_edirica;Edirica;;;;;;;;;;;;;x
c_edirica_adj;Edirica;;;;;;;;;;;;;x
c_einmeirvale;Meirvale;;;;;;;;;;;;;x
c_einmeirvale_adj;Meiric;;;;;;;;;;;;;x
c_ekaaweko;Ekaawe'ko;;;;;;;;;;;;;x
c_ekaaweko_adj;Ekaawekoian;;;;;;;;;;;;;x
c_elazrum;Elazrum;;;;;;;;;;;;;x
c_elazrum_adj;Elazrum;;;;;;;;;;;;;x
c_eldara;Eldara;;;;;;;;;;;;;x
c_eldara_adj;Eldara;;;;;;;;;;;;;x
c_eldenbush;Eldenbush;;;;;;;;;;;;;x
c_eldenbush_adj;Eldenbush;;;;;;;;;;;;;x
c_eldengrove;Eldengrove;;;;;;;;;;;;;x
c_eldengrove_adj;Eldengrove;;;;;;;;;;;;;x
c_eldenroot;Eldenroot;;;;;;;;;;;;;x
c_eldenroot_adj;Eldenroot;;;;;;;;;;;;;x
c_eldersblood;Eldersblood;;;;;;;;;;;;;x
c_eldersblood_adj;Eldersblood;;;;;;;;;;;;;x
c_elinhir;Elinhir;;;;;;;;;;;;;x
c_elinhir_adj;Elinhirian;;;;;;;;;;;;;x
c_elran;Elran;;;;;;;;;;;;;x
c_elran_adj;Elran;;;;;;;;;;;;;x
c_emperorsrun;Emperor's Run;;;;;;;;;;;;;x
c_emperorsrun_adj;Emperor's Run;;;;;;;;;;;;;x
c_entius;Entius;;;;;;;;;;;;;x
c_entius_adj;Entian;;;;;;;;;;;;;x
c_epiru;Epiru;;;;;;;;;;;;;x
c_epiru_adj;Epiran;;;;;;;;;;;;;x
c_erzhir;Erzhir;;;;;;;;;;;;;x
c_erzhir_adj;Erzhir;;;;;;;;;;;;;x
c_eshita;Eshita;;;;;;;;;;;;;x
c_eshita_adj;Eshitan;;;;;;;;;;;;;x
c_esroniet;Esroniet;;;;;;;;;;;;;x
c_esroniet_adj;Esronian;;;;;;;;;;;;;x
c_ethosul;Etho Sul;;;;;;;;;;;;;x
c_ethosul_adj;Sullian;;;;;;;;;;;;;x
c_eventide;Old Falls;;;;;;;;;;;;;x
c_eventide_adj;Old Feller;;;;;;;;;;;;;x
c_evermore;Evermore;;;;;;;;;;;;;x
c_evermore_adj;Evermore;;;;;;;;;;;;;x
c_facian;Facian;;;;;;;;;;;;;x
c_facian_adj;Facian;;;;;;;;;;;;;x
c_falinesti;Falinesti;;;;;;;;;;;;;x
c_falinesti_adj;Falinesti;;;;;;;;;;;;;x
c_falkreath;Falkreath;;;;;;;;;;;;;x
c_falkreath_adj;Falkreath;;;;;;;;;;;;;x
c_fanacas;Fanacas;;;;;;;;;;;;;x
c_fanacas_adj;Fanacan;;;;;;;;;;;;;x
c_farragut;Farragut;;;;;;;;;;;;;x
c_farragut_adj;Farragut;;;;;;;;;;;;;x
c_farrun_adj;Farrunian;;;;;;;;;;;;;x
c_fellglow;Fellglow;;;;;;;;;;;;;x
c_fellglow_adj;Fellglower;;;;;;;;;;;;;x
c_fellhammer;Fellhammer;;;;;;;;;;;;;x
c_fellhammer_adj;Fellhammer;;;;;;;;;;;;;x
c_felmarsh;Felmarsh;;;;;;;;;;;;;x
c_felmarsh_adj;Felmarshan;;;;;;;;;;;;;x
c_felsaad;Felsaad;;;;;;;;;;;;;x
c_felsaad_adj;Felsaadic;;;;;;;;;;;;;x
c_firewatch;Firewatch;;;;;;;;;;;;;x
c_firewatch_adj;Firewatcher;;;;;;;;;;;;;x
c_firsthold;Firsthold;;;;;;;;;;;;;x
c_firsthold_adj;First;;;;;;;;;;;;;x
c_flecia;Flecia;;;;;;;;;;;;;x
c_flecia_adj;Flecian;;;;;;;;;;;;;x
c_focsat;Focsat;;;;;;;;;;;;;x
c_focsat_adj;Focsat;;;;;;;;;;;;;x
c_forelhost;Forelhost;;;;;;;;;;;;;x
c_forelhost_adj;Forelhoster;;;;;;;;;;;;;x
c_frostcrag;Frostcrag;;;;;;;;;;;;;x
c_frostcrag_adj;Frostcrag;;;;;;;;;;;;;x
c_frostfire;Frostfire;;;;;;;;;;;;;x
c_frostfire_adj;Frostfirian;;;;;;;;;;;;;x
c_frostflow;Frostflow;;;;;;;;;;;;;x
c_frostflow_adj;Frostflower;;;;;;;;;;;;;x
c_gaddu;Gaddu;;;;;;;;;;;;;x
c_gaddu_adj;Gaddian;;;;;;;;;;;;;x
c_galandra;Galandra;;;;;;;;;;;;;x
c_galandra_adj;Galandra;;;;;;;;;;;;;x
c_ganaris;Ganaris;;;;;;;;;;;;;x
c_ganaris_adj;Ganarian;;;;;;;;;;;;;x
c_garibak;Garibak;;;;;;;;;;;;;x
c_garibak_adj;Garibak;;;;;;;;;;;;;x
c_garlas;Garlas;;;;;;;;;;;;;x
c_garlas_adj;Garlasian;;;;;;;;;;;;;x
c_garsadrith;Gar Sadrith;;;;;;;;;;;;;x
c_garsadrith_adj;Garric;;;;;;;;;;;;;x
c_garthim;Garthim;;;;;;;;;;;;;x
c_garthim_adj;Garthim;;;;;;;;;;;;;x
c_gauvadon;Gauvadon;;;;;;;;;;;;;x
c_gauvadon_adj;Gauvaden;;;;;;;;;;;;;x
c_gazum;Gazum;;;;;;;;;;;;;x
c_gazum_adj;Gazum;;;;;;;;;;;;;x
c_gideon;Gideon;;;;;;;;;;;;;x
c_gideon_adj;Gidic;;;;;;;;;;;;;x
c_gikiro_adj;Gikiro;;;;;;;;;;;;;x
c_gilam;Gilam;;;;;;;;;;;;;x
c_gilam_adj;Gilam;;;;;;;;;;;;;x
c_gilane;Gilane;;;;;;;;;;;;;x
c_gilane_adj;Gilanean;;;;;;;;;;;;;x
c_gili;Gili;;;;;;;;;;;;;x
c_gili_adj;Gili;;;;;;;;;;;;;x
c_gilverdale;Gliverdale;;;;;;;;;;;;;x
c_gilverdale_adj;Gliverdale;;;;;;;;;;;;;x
c_giruma;Giruma;;;;;;;;;;;;;x
c_giruma_adj;Giruma;;;;;;;;;;;;;x
c_girutorat;Giru Torat;;;;;;;;;;;;;x
c_girutorat_adj;Giru Torat;;;;;;;;;;;;;x
c_gitu;Gitu;;;;;;;;;;;;;x
c_gitu_adj;Gitu;;;;;;;;;;;;;x
c_gladdenpoint;Greenshade;;;;;;;;;;;;;x
c_gladdenpoint_adj;Greenshadian;;;;;;;;;;;;;x
c_glademist;Glademist;;;;;;;;;;;;;x
c_glademist_adj;Glademist;;;;;;;;;;;;;x
c_glenbridge;Glenbridge;;;;;;;;;;;;;x
c_glenbridge_adj;Glenbridge;;;;;;;;;;;;;x
c_glenmoril;Glenmoril;;;;;;;;;;;;;x
c_glenmoril_adj;Glenmoril;;;;;;;;;;;;;x
c_glenpoint;Glenpoint;;;;;;;;;;;;;x
c_glenpoint_adj;Glenpoint;;;;;;;;;;;;;x
c_glenview;Glenview;;;;;;;;;;;;;x
c_glenview_adj;Glenview;;;;;;;;;;;;;x
c_gnarledroot;Gnarledroot;;;;;;;;;;;;;x
c_gnarledroot_adj;Gnarledrooter;;;;;;;;;;;;;x
c_goldthroat;Goldthroat;;;;;;;;;;;;;x
c_goldthroat_adj;Goldthroat;;;;;;;;;;;;;x
c_golig;Golig;;;;;;;;;;;;;x
c_golig_adj;Golig;;;;;;;;;;;;;x
c_gondar;Gondar;;;;;;;;;;;;;x
c_gondar_adj;Gondian;;;;;;;;;;;;;x
c_gorling;Gorling;;;;;;;;;;;;;x
c_gorling_adj;Gorling;;;;;;;;;;;;;x
c_graddun;Graddun;;;;;;;;;;;;;x
c_graddun_adj;Graddun;;;;;;;;;;;;;x
c_grayrock;Grayrock;;;;;;;;;;;;;x
c_grayrock_adj;Grayrock;;;;;;;;;;;;;x
c_grazelands;Grazelands;;;;;;;;;;;;;x
c_grazelands_adj;Landic;;;;;;;;;;;;;x
c_greenglade;Greenglade;;;;;;;;;;;;;x
c_greenglade_adj;Greengladic;;;;;;;;;;;;;x
c_greenhall;Greenhall;;;;;;;;;;;;;x
c_greenhall_adj;Greenhall;;;;;;;;;;;;;x
c_greenheart;Greenheart;;;;;;;;;;;;;x
c_greenheart_adj;Greenheart;;;;;;;;;;;;;x
c_greenheights;Alt Bosara;;;;;;;;;;;;;x
c_greenheights_adj;Bosaran;;;;;;;;;;;;;x
c_greenpoint;Greenpoint;;;;;;;;;;;;;x
c_greenpoint_adj;Greenpointer;;;;;;;;;;;;;x
c_greenspring;Greenspring;;;;;;;;;;;;;x
c_greenspring_adj;Greenspring;;;;;;;;;;;;;x
c_greenvale;Greenvale;;;;;;;;;;;;;x
c_greenvale_adj;Greenvale;;;;;;;;;;;;;x
c_greyleaf;Greyleaf;;;;;;;;;;;;;x
c_greyleaf_adj;Greyleaf;;;;;;;;;;;;;x
c_greymoor;Greymoor;;;;;;;;;;;;;x
c_greymoor_adj;Greymoorish;;;;;;;;;;;;;x
c_greywinter;Greywinter;;;;;;;;;;;;;x
c_greywinter_adj;Greywinter;;;;;;;;;;;;;x
c_grimrock;Grimrock;;;;;;;;;;;;;x
c_grimrock_adj;Grimrocker;;;;;;;;;;;;;x
c_haalfingar;Deepwood;;;;;;;;;;;;;x
c_haalfingar_adj;Deepwood;;;;;;;;;;;;;x
c_hackdirt;Hackdirt;;;;;;;;;;;;;x
c_hackdirt_adj;Hacker;;;;;;;;;;;;;x
c_hafar;Hafar;;;;;;;;;;;;;x
c_hafar_adj;Hafarian;;;;;;;;;;;;;x
c_halaran;Halaran;;;;;;;;;;;;;x
c_halaran_adj;Halarannic;;;;;;;;;;;;;x
c_hame;Hame;;;;;;;;;;;;;x
c_hame_adj;Hamer;;;;;;;;;;;;;x
c_hanar;Hanar;;;;;;;;;;;;;x
c_hanar_adj;Hanar;;;;;;;;;;;;;x
c_handumur;Handumur;;;;;;;;;;;;;x
c_handumur_adj;Handumur;;;;;;;;;;;;;x
c_haocian;Haocian;;;;;;;;;;;;;x
c_haocian_adj;Haocianic;;;;;;;;;;;;;x
c_harcane;Harcane;;;;;;;;;;;;;x
c_harcane_adj;Harcanean;;;;;;;;;;;;;x
c_harescross;Hare's Cross;;;;;;;;;;;;;x
c_harescross_adj;Hare's Cross;;;;;;;;;;;;;x
c_harlun;Harlun's Watch;;;;;;;;;;;;;x
c_harlun_adj;Harlun;;;;;;;;;;;;;x
c_harmugstalh;Harmugstalh;;;;;;;;;;;;;x
c_harmugstalh_adj;Harmugstalh;;;;;;;;;;;;;x
c_harrowwell;Harrow Well;;;;;;;;;;;;;x
c_harrowwell_adj;Harrow;;;;;;;;;;;;;x
c_hasayo;Hasayo;;;;;;;;;;;;;x
c_hasayo_adj;Hasayan;;;;;;;;;;;;;x
c_hastrel;Hastrel;;;;;;;;;;;;;x
c_hastrel_adj;Hastrellian;;;;;;;;;;;;;x
c_haven;Haven;;;;;;;;;;;;;x
c_haven_adj;Haven;;;;;;;;;;;;;x
c_havisti;Havisti;;;;;;;;;;;;;x
c_havisti_adj;Havistian;;;;;;;;;;;;;x
c_hawlok;Hawlok;;;;;;;;;;;;;x
c_hawlok_adj;Hawlok;;;;;;;;;;;;;x
c_heartbush;Heartbush;;;;;;;;;;;;;x
c_heartbush_adj;Heartbush;;;;;;;;;;;;;x
c_hearthgrove;Hearthgrove;;;;;;;;;;;;;x
c_hearthgrove_adj;Hearthgrover;;;;;;;;;;;;;x
c_hearthshield;Hearthshield;;;;;;;;;;;;;x
c_hearthshield_adj;Hearthshield;;;;;;;;;;;;;x
c_hegathe;Hegathe;;;;;;;;;;;;;x
c_hegathe_adj;Hegathian;;;;;;;;;;;;;x
c_heimdar;Heimdar;;;;;;;;;;;;;x
c_heimdar_adj;Heimdar;;;;;;;;;;;;;x
c_heimlyn;Heimlyn;;;;;;;;;;;;;x
c_heimlyn_adj;Heimlynnic;;;;;;;;;;;;;x
c_heimthor;Heimthor;;;;;;;;;;;;;x
c_heimthor_adj;Heimthorian;;;;;;;;;;;;;x
c_heldorn;Heldorn;;;;;;;;;;;;;x
c_heldorn_adj;Heldornan;;;;;;;;;;;;;x
c_helgen;Helgen;;;;;;;;;;;;;x
c_helgen_adj;Helgen;;;;;;;;;;;;;x
c_helkarn;Helkarn;;;;;;;;;;;;;x
c_helkarn_adj;Helkarnian;;;;;;;;;;;;;x
c_helnim;Helnim;;;;;;;;;;;;;x
c_helnim_adj;Helnimmic;;;;;;;;;;;;;x
c_helstrom;Helstrom;;;;;;;;;;;;;x
c_helstrom_adj;Helstromic;;;;;;;;;;;;;x
c_herne;Herne;;;;;;;;;;;;;x
c_herne_adj;Hernian;;;;;;;;;;;;;x
c_herpung;Herpung;;;;;;;;;;;;;x
c_herpung_adj;Herpung;;;;;;;;;;;;;x
c_hewsbane;Hew's Bane;;;;;;;;;;;;;x
c_hewsbane_adj;Hewic;;;;;;;;;;;;;x
c_hianwo;Hianwo;;;;;;;;;;;;;x
c_hianwo_adj;Hianwon;;;;;;;;;;;;;x
c_highgate;Highgate;;;;;;;;;;;;;x
c_highgate_adj;Highgater;;;;;;;;;;;;;x
c_hirstang;Hirstang;;;;;;;;;;;;;x
c_hirstang_adj;Hirstang;;;;;;;;;;;;;x
c_hnas;Hnas;;;;;;;;;;;;;x
c_hnas_adj;Hnasian;;;;;;;;;;;;;x
c_hobei;Ho Bei;;;;;;;;;;;;;x
c_hobei_adj;Ho Beian;;;;;;;;;;;;;x
c_homestead;Homestead;;;;;;;;;;;;;x
c_homestead_adj;Homesteader;;;;;;;;;;;;;x
c_horunn;Horunn;;;;;;;;;;;;;x
c_horunn_adj;Horunnic;;;;;;;;;;;;;x
c_hraggstad;Hraggstad;;;;;;;;;;;;;x
c_hraggstad_adj;Hraggstader;;;;;;;;;;;;;x
c_hrotanda;Hrotanda;;;;;;;;;;;;;x
c_hrotanda_adj;Hrotandian;;;;;;;;;;;;;x
c_huachang;Hua Chang;;;;;;;;;;;;;x
c_huachang_adj;Hua Chang;;;;;;;;;;;;;x
c_huadung;Hua Dung;;;;;;;;;;;;;x
c_huadung_adj;Hua Dung;;;;;;;;;;;;;x
c_huala;Hua La;;;;;;;;;;;;;x
c_huala_adj;Hua La;;;;;;;;;;;;;x
c_hupnap;Hupnap;;;;;;;;;;;;;x
c_hupnap_adj;Hupnapian;;;;;;;;;;;;;x
c_ijato_adj;Ijatan;;;;;;;;;;;;;x
c_ilessan;Ilessan;;;;;;;;;;;;;x
c_ilessan_adj;Ilessan;;;;;;;;;;;;;x
c_imperialisle;Imperial Isle;;;;;;;;;;;;;x
c_imperialisle_adj;Imperial;;;;;;;;;;;;;x
c_inawihe;Inawihe;;;;;;;;;;;;;x
c_inawihe_adj;Inawihan;;;;;;;;;;;;;x
c_indradung;Indradung;;;;;;;;;;;;;x
c_indradung_adj;Indradung;;;;;;;;;;;;;x
c_indratra;Indratra;;;;;;;;;;;;;x
c_indratra_adj;Indratra;;;;;;;;;;;;;x
c_ioxao;Io Xao;;;;;;;;;;;;;x
c_ioxao_adj;Io Xaic;;;;;;;;;;;;;x
c_ironbark;Ironbark;;;;;;;;;;;;;x
c_ironbark_adj;Ironbark;;;;;;;;;;;;;x
c_ironbind;Ironbind;;;;;;;;;;;;;x
c_ironbind_adj;Ironbinder;;;;;;;;;;;;;x
c_irony;Irony;;;;;;;;;;;;;x
c_irony_adj;Ironic;;;;;;;;;;;;;x
c_isinfier;Isinfier;;;;;;;;;;;;;x
c_isinfier_adj;Isinfieric;;;;;;;;;;;;;x
c_isthme;Isthme;;;;;;;;;;;;;x
c_isthme_adj;Isthmean;;;;;;;;;;;;;x
c_istirus;Istirus;;;;;;;;;;;;;x
c_istirus_adj;Istiran;;;;;;;;;;;;;x
c_istmal;Istmal;;;;;;;;;;;;;x
c_istmal_adj;Istmal;;;;;;;;;;;;;x
c_istrius_adj;Istrian;;;;;;;;;;;;;x
c_ivarstead;Ivarstead;;;;;;;;;;;;;x
c_ivarstead_adj;Ivarstead;;;;;;;;;;;;;x
c_izmalya;Izmalya;;;;;;;;;;;;;x
c_izmalya_adj;Izmalya;;;;;;;;;;;;;x
c_izmiltep;Izmiltep;;;;;;;;;;;;;x
c_izmiltep_adj;Izmiltep;;;;;;;;;;;;;x
c_izmursa;Izmursa;;;;;;;;;;;;;x
c_izmursa_adj;Izmursa;;;;;;;;;;;;;x
c_jadahar;Jadahar;;;;;;;;;;;;;x
c_jadahar_adj;Jadahar;;;;;;;;;;;;;x
c_jamadur;Jamadur;;;;;;;;;;;;;x
c_jamadur_adj;Jamadur;;;;;;;;;;;;;x
c_jandal;Jandal;;;;;;;;;;;;;x
c_jandal_adj;Jandal;;;;;;;;;;;;;x
c_jaspet;Jaspet;;;;;;;;;;;;;x
c_jaspet_adj;Jaspettish;;;;;;;;;;;;;x
c_jatan;Jatan;;;;;;;;;;;;;x
c_jatan_adj;Jatan;;;;;;;;;;;;;x
c_jehenna_adj;Jehennan;;;;;;;;;;;;;x
c_jeral;Jerall;;;;;;;;;;;;;;
c_jerall_adj;Jerall;;;;;;;;;;;;;x
c_jeral_adj;Jerallian;;;;;;;;;;;;;;
c_jodestone;Jodestone;;;;;;;;;;;;;x
c_jodestone_adj;Jodian;;;;;;;;;;;;;x
c_kaaz;Kaaz;;;;;;;;;;;;;x
c_kaaz_adj;Kaaz;;;;;;;;;;;;;x
c_kadagri;Kadagri;;;;;;;;;;;;;x
c_kadagri_adj;Kadagri;;;;;;;;;;;;;x
c_kadmal;Kadmal;;;;;;;;;;;;;x
c_kadmal_adj;Kadmal;;;;;;;;;;;;;x
c_kahmaras;Kahmaras;;;;;;;;;;;;;x
c_kahmaras_adj;Kahmaras;;;;;;;;;;;;;x
c_kahrahir;Kahrahir;;;;;;;;;;;;;x
c_kahrahir_adj;Kahrahir;;;;;;;;;;;;;x
c_kalathani;Kalathani;;;;;;;;;;;;;x
c_kalathani_adj;Kalathanian;;;;;;;;;;;;;x
c_kaliggau;Kaliggau;;;;;;;;;;;;;x
c_kaliggau_adj;Kaliggau;;;;;;;;;;;;;x
c_kambrian;Kambria;;;;;;;;;;;;;x
c_kambria_adj;Kambrian;;;;;;;;;;;;;x
c_kamery;Kamery;;;;;;;;;;;;;x
c_kamery_adj;Kameric;;;;;;;;;;;;;x
c_kamipung;Kamipung;;;;;;;;;;;;;x
c_kamipung_adj;Kamipung;;;;;;;;;;;;;x
c_kamori;Kamori;;;;;;;;;;;;;x
c_kamori_adj;Kamori;;;;;;;;;;;;;x
c_kamum;Kamum;;;;;;;;;;;;;x
c_kamum_adj;Kamum;;;;;;;;;;;;;x
c_kanaveh;Kanaveh;;;;;;;;;;;;;x
c_kanaveh_adj;Kanaveh;;;;;;;;;;;;;x
c_kanesh;Kanesh;;;;;;;;;;;;;x
c_kanesh_adj;Kanesh;;;;;;;;;;;;;x
c_kanthum;Kanthum;;;;;;;;;;;;;x
c_kanthum_adj;Kanthum;;;;;;;;;;;;;x
c_kaon;Kaon;;;;;;;;;;;;;x
c_kaon_adj;Kaonic;;;;;;;;;;;;;x
c_karabak;Karabak;;;;;;;;;;;;;x
c_karabak_adj;Karabak;;;;;;;;;;;;;x
c_karfa;Karfa;;;;;;;;;;;;;x
c_karfa_adj;Karfa;;;;;;;;;;;;;x
c_karakon;Karakon;;;;;;;;;;;;;x
c_karakon_adj;Karakon;;;;;;;;;;;;;x
c_karitu;Karitu;;;;;;;;;;;;;x
c_karitu_adj;Karitu;;;;;;;;;;;;;x
c_kariwesi;Kariwesi;;;;;;;;;;;;;x
c_kariwesi_adj;Kariwesi;;;;;;;;;;;;;x
c_karndar;Karndar;;;;;;;;;;;;;x
c_karndar_adj;Karndaran;;;;;;;;;;;;;x
c_karnver;Karnver;;;;;;;;;;;;;x
c_karnver_adj;Karnveric;;;;;;;;;;;;;x
c_karstaag;Karstaag;;;;;;;;;;;;;x
c_karstaag_adj;Karstagian;;;;;;;;;;;;;x
c_karthspire;Karthspire;;;;;;;;;;;;;x
c_karthspire_adj;Karthspire;;;;;;;;;;;;;x
c_karthwasten;Karthwasten;;;;;;;;;;;;;x
c_karthwasten_adj;Karthwasten;;;;;;;;;;;;;x
c_karum;Karum;;;;;;;;;;;;;x
c_karum_adj;Karum;;;;;;;;;;;;;x
c_kashmir;Kashmir;;;;;;;;;;;;;x
c_kashmir_adj;Kashmir;;;;;;;;;;;;;x
c_kastav;Kastav;;;;;;;;;;;;;x
c_kastav_adj;Kastavian;;;;;;;;;;;;;x
c_katamiri;Kata Miri;;;;;;;;;;;;;x
c_katamiri_adj;Kata Mirian;;;;;;;;;;;;;x
c_katapur;Katapur;;;;;;;;;;;;;x
c_katapur_adj;Katapur;;;;;;;;;;;;;x
c_kathdar;Kathdar;;;;;;;;;;;;;x
c_kathdar_adj;Kathdar;;;;;;;;;;;;;x
c_kathgran_adj;Kathgranite;;;;;;;;;;;;;x
c_kaur;Kaur;;;;;;;;;;;;;x
c_kaur_adj;Kaur;;;;;;;;;;;;;x
c_kayakent;Kayakent;;;;;;;;;;;;;x
c_kayakent_adj;Kayakent;;;;;;;;;;;;;x
c_kayara;Kayara;;;;;;;;;;;;;x
c_kayara_adj;Kayara;;;;;;;;;;;;;x
c_kediskele;Kediskele;;;;;;;;;;;;;x
c_kediskele_adj;Kediskele;;;;;;;;;;;;;x
c_keirgo;Keirgo;;;;;;;;;;;;;x
c_keirgo_adj;Keirgan;;;;;;;;;;;;;x
c_kemen;Kemen;;;;;;;;;;;;;x
c_kemen_adj;Kemian;;;;;;;;;;;;;x
c_khael_adj;Khaelan;;;;;;;;;;;;;x
c_khajay;Khajay;;;;;;;;;;;;;x
c_khajay_adj;Khajaen;;;;;;;;;;;;;x
c_khonkoi;Khonkoi;;;;;;;;;;;;;x
c_khonkoi_adj;Khonkoi;;;;;;;;;;;;;x
c_khonong;Khonong;;;;;;;;;;;;;x
c_khonong_adj;Khonong;;;;;;;;;;;;;x
c_kidal;Kidal;;;;;;;;;;;;;x
c_kidal_adj;Kidallic;;;;;;;;;;;;;x
c_kingscrest;Kingscrest;;;;;;;;;;;;;x
c_kingscrest_adj;Kingscrest;;;;;;;;;;;;;x
c_kingshaven;King's Haven;;;;;;;;;;;;;x
c_kingshaven_adj;Kingslander;;;;;;;;;;;;;x
c_kingswatch;King's Watch;;;;;;;;;;;;;x
c_kingswatch_adj;Watcher;;;;;;;;;;;;;x
c_kiraman;Kiraman;;;;;;;;;;;;;x
c_kiraman_adj;Kiraman;;;;;;;;;;;;;x
c_kithendis;Kithendis;;;;;;;;;;;;;x
c_kithendis_adj;Kithendian;;;;;;;;;;;;;x
c_kituna;Kituna;;;;;;;;;;;;;x
c_kituna_adj;Kitunan;;;;;;;;;;;;;x
c_koegria;Koegria;;;;;;;;;;;;;x
c_koegria_adj;Koegrian;;;;;;;;;;;;;x
c_konda;Konda;;;;;;;;;;;;;x
c_konda_adj;Konda;;;;;;;;;;;;;x
c_koong;Ko Ong;;;;;;;;;;;;;x
c_koong_adj;Ko Ong;;;;;;;;;;;;;x
c_korica;Korica;;;;;;;;;;;;;x
c_korica_adj;Korica;;;;;;;;;;;;;x
c_korsus;Korsus;;;;;;;;;;;;;x
c_korsus_adj;Korsus;;;;;;;;;;;;;x
c_korvanjund;Korvanjund;;;;;;;;;;;;;x
c_korvanjund_adj;Korvanic;;;;;;;;;;;;;x
c_kouiko;Kou Iko;;;;;;;;;;;;;x
c_kouiko_adj;Kou Ikoic;;;;;;;;;;;;;x
c_kovelir;Kovelir;;;;;;;;;;;;;x
c_kovelir_adj;Kovelir;;;;;;;;;;;;;x
c_kozain;Kozain;;;;;;;;;;;;;x
c_kozain_adj;Kozain;;;;;;;;;;;;;x
c_kragenmoor;Kragenmoorish;;;;;;;;;;;;;x
c_kragenmoor_adj;Kragenmooran;;;;;;;;;;;;;x
c_kruzka;Kevalla;;;;;;;;;;;;;x
c_kruzka_adj;Kevallan;;;;;;;;;;;;;x
c_kumuuk;Kumuuk;;;;;;;;;;;;;x
c_kumuuk_adj;Kumuuk;;;;;;;;;;;;;x
c_kvatch;Kvatch;;;;;;;;;;;;;x
c_kvatch_adj;Kvatchian;;;;;;;;;;;;;x
c_lagon;Lagon;;;;;;;;;;;;;x
c_lagon_adj;Lagonian;;;;;;;;;;;;;x
c_lagos;Lagos;;;;;;;;;;;;;x
c_lagos_adj;Lagossian;;;;;;;;;;;;;x
c_lainebon;Lainebon;;;;;;;;;;;;;x
c_lainebon_adj;Lainian;;;;;;;;;;;;;x
c_lainlyn;Lainlyn;;;;;;;;;;;;;x
c_lainlyn_adj;Lainlynian;;;;;;;;;;;;;x
c_lamkaen;Lam Kaen;;;;;;;;;;;;;x
c_lamkaen_adj;Lam Kaen;;;;;;;;;;;;;x
c_lampang;Lampang;;;;;;;;;;;;;x
c_lampang_adj;Lampang;;;;;;;;;;;;;x
c_langkhon;Langkhon;;;;;;;;;;;;;x
c_langkhon_adj;Langkhon;;;;;;;;;;;;;x
c_langthong;Lang Thong;;;;;;;;;;;;;x
c_langthong_adj;Lang Thong;;;;;;;;;;;;;x
c_lankara;Lankara;;;;;;;;;;;;;x
c_lankara_adj;Lankaran;;;;;;;;;;;;;x
c_lankaran;Lankaran;;;;;;;;;;;;;x
c_lankaran_adj;Lankaran;;;;;;;;;;;;;x
c_lankhmar;Lankhmar;;;;;;;;;;;;;x
c_lankhmar_adj;Lankhmaric;;;;;;;;;;;;;x
c_larsus;Larsus;;;;;;;;;;;;;x
c_larsus_adj;Larsian;;;;;;;;;;;;;x
c_latchanaburi;Latchanaburi;;;;;;;;;;;;;x
c_latchanaburi_adj;Latchanaburi;;;;;;;;;;;;;x
c_lautah;Lautah;;;;;;;;;;;;;x
c_lautah_adj;Lautah;;;;;;;;;;;;;x
c_lautsat;Lautsat;;;;;;;;;;;;;x
c_lautsat_adj;Lautsat;;;;;;;;;;;;;x
c_lesperon_adj;Lesperonite;;;;;;;;;;;;;x
c_leyawiin;Leyawiin;;;;;;;;;;;;;x
c_leyawiin_adj;Leyawiinian;;;;;;;;;;;;;x
c_lillandril;Lillandril;;;;;;;;;;;;;x
c_lillandril_adj;Lillandrillic;;;;;;;;;;;;;x
c_lillwood;Lillwood;;;;;;;;;;;;;x
c_lillwood_adj;Lillwood;;;;;;;;;;;;;x
c_lilmoth;Lilmoth;;;;;;;;;;;;;x
c_lilmoth_adj;Lilmothian;;;;;;;;;;;;;x
c_linchal;Linchal;;;;;;;;;;;;;x
c_linchal_adj;Linchallian;;;;;;;;;;;;;x
c_lindai;Lindai;;;;;;;;;;;;;x
c_lipsand;Lipsand;;;;;;;;;;;;;x
c_lividur;Lividur;;;;;;;;;;;;;x
c_lividur_adj;Lividur;;;;;;;;;;;;;x
c_llanowar;Llanowar;;;;;;;;;;;;;x
c_llanowar_adj;Llanowar;;;;;;;;;;;;;x
c_lleris;Bal Foyen;;;;;;;;;;;;;x
c_lleris_adj;Bal Foyen;;;;;;;;;;;;;x
c_lochfort;Lochfort;;;;;;;;;;;;;x
c_lochfort_adj;Lochian;;;;;;;;;;;;;x
c_lohur;Lohur;;;;;;;;;;;;;x
c_lohur_adj;Lohur;;;;;;;;;;;;;x
c_lolthanis;Lolthanis;;;;;;;;;;;;;x
c_lolthanis_adj;Lolthannic;;;;;;;;;;;;;x
c_longhaven;Longhaven;;;;;;;;;;;;;x
c_longhaven_adj;Longhaven;;;;;;;;;;;;;x
c_longvale;Longvale;;;;;;;;;;;;;x
c_longvale_adj;Longvale;;;;;;;;;;;;;x
c_lor;Lor;;;;;;;;;;;;;x
c_lor_adj;Lorian;;;;;;;;;;;;;x
c_lorient;Lorient;;;;;;;;;;;;;x
c_lorient_adj;Lorientish;;;;;;;;;;;;;x
c_luang;Lu Ang;;;;;;;;;;;;;x
c_luang_adj;Lu Ang;;;;;;;;;;;;;x
c_lympar;Lympar;;;;;;;;;;;;;x
c_lympar_adj;Lympar;;;;;;;;;;;;;x
c_maargan;Maar Gan;;;;;;;;;;;;;x
c_maargan_adj;Maar Gannic;;;;;;;;;;;;;x
c_mackamentain;Mackamentain;;;;;;;;;;;;;x
c_mackamentain_adj;Mackamentainian;;;;;;;;;;;;;x
c_maetaphut;Mae Taphut;;;;;;;;;;;;;x
c_maetaphut_adj;Mae Taphut;;;;;;;;;;;;;x
c_maethong;Mae Thong;;;;;;;;;;;;;x
c_maethong_adj;Mae Thong;;;;;;;;;;;;;x
c_magia;Magia;;;;;;;;;;;;;x
c_magia_adj;Magian;;;;;;;;;;;;;x
c_mahala;Mahala;;;;;;;;;;;;;x
c_mahala_adj;Mahala;;;;;;;;;;;;;x
c_mahawat;Mahawat;;;;;;;;;;;;;x
c_mahawat_adj;Mahawat;;;;;;;;;;;;;x
c_malada;Malada;;;;;;;;;;;;;x
c_malada_adj;Maladan;;;;;;;;;;;;;x
c_manggara;Manggara;;;;;;;;;;;;;x
c_manggara_adj;Manggara;;;;;;;;;;;;;x
c_manivas;Manivas;;;;;;;;;;;;;x
c_manivas_adj;Manivas;;;;;;;;;;;;;x
c_manjung;Manjung;;;;;;;;;;;;;x
c_manjung_adj;Manjung;;;;;;;;;;;;;x
c_mantu;Mantu;;;;;;;;;;;;;x
c_mantu_adj;Mantuan;;;;;;;;;;;;;x
c_maonlaup;Maonlaup;;;;;;;;;;;;;x
c_maonlaup_adj;Maonlaupian;;;;;;;;;;;;;x
c_marbrook_adj;Marbrook;;;;;;;;;;;;;x
c_marbruk;Marbruk;;;;;;;;;;;;;x
c_marbruk_adj;Marbruk;;;;;;;;;;;;;x
c_marfez;Marfez;;;;;;;;;;;;;x
c_marfez_adj;Marfez;;;;;;;;;;;;;x
c_markarth;Markarth;;;;;;;;;;;;;x
c_markarth_adj;Markarthian;;;;;;;;;;;;;x
c_markgran;Markgran;;;;;;;;;;;;;x
c_markgran_adj;Markgrannic;;;;;;;;;;;;;x
c_markmont;Markmont;;;;;;;;;;;;;x
c_markmont_adj;Markmontian;;;;;;;;;;;;;x
c_markwasten;Markwasten;;;;;;;;;;;;;x
c_markwasten_adj;Markwasten;;;;;;;;;;;;;x
c_marnor;Marnor;;;;;;;;;;;;;x
c_marnor_adj;Marnoric;;;;;;;;;;;;;x
c_marr;Marr;;;;;;;;;;;;;x
c_marr_adj;Marrian;;;;;;;;;;;;;x
c_marshwell;Marshwell;;;;;;;;;;;;;x
c_masad;Masad;;;;;;;;;;;;;x
c_masad_adj;Masadic;;;;;;;;;;;;;x
c_mashamir;Mashamir;;;;;;;;;;;;;x
c_mashamir_adj;Mashamir;;;;;;;;;;;;;x
c_matama;Matama;;;;;;;;;;;;;x
c_matama_adj;Mataman;;;;;;;;;;;;;x
c_mavikara;Mavikara;;;;;;;;;;;;;x
c_mavikara_adj;Mavikara;;;;;;;;;;;;;x
c_mayat;Mayat;;;;;;;;;;;;;x
c_mayat_adj;Mayat;;;;;;;;;;;;;x
c_mehmet;Mehmet;;;;;;;;;;;;;x
c_mehmet_adj;Mehmetian;;;;;;;;;;;;;x
c_meirhall_adj;Merihallian;;;;;;;;;;;;;x
c_meirlynmount;Lynmount;;;;;;;;;;;;;x
c_meirlynmount_adj;Lynmountian;;;;;;;;;;;;;x
c_mekaya_adj;Mekayan;;;;;;;;;;;;;x
c_meralang;Meralang;;;;;;;;;;;;;x
c_meralang_adj;Meralang;;;;;;;;;;;;;x
c_mergrove;Mergrove;;;;;;;;;;;;;x
c_mergrove_adj;Mergroven;;;;;;;;;;;;;x
c_meruma;Meruma;;;;;;;;;;;;;x
c_meruma_adj;Meruma;;;;;;;;;;;;;x
c_middlemarch;Middlemarch;;;;;;;;;;;;;x
c_middlemarch_adj;Middlemarcher;;;;;;;;;;;;;x
c_mirnaraa;Mir Naraa;;;;;;;;;;;;;x
c_mirnaraa_adj;Mir Naraan;;;;;;;;;;;;;x
c_mirpur;Mirpur;;;;;;;;;;;;;x
c_mirpur_adj;Mirpur;;;;;;;;;;;;;x
c_miscarcand;Miscarcand;;;;;;;;;;;;;x
c_miscarcand_adj;Miscarian;;;;;;;;;;;;;x
c_mistwach_adj;Mistwatcher;;;;;;;;;;;;;x
c_mistwatch;Mistwatch;;;;;;;;;;;;;x
c_mistwatch_adj;Mistwatcher;;;;;;;;;;;;;x
c_moesring;Moesring;;;;;;;;;;;;;x
c_moesring_adj;Moesringian;;;;;;;;;;;;;x
c_molagamur;Molag Amur;;;;;;;;;;;;;x
c_molagamur_adj;Amurian;;;;;;;;;;;;;x
c_monain;Merick;;;;;;;;;;;;;x
c_monain_adj;Merician;;;;;;;;;;;;;x
c_moonglade;Moonglade;;;;;;;;;;;;;x
c_moonglade_adj;Moonglade;;;;;;;;;;;;;x
c_moonmarch;Moonmarch;;;;;;;;;;;;;x
c_moonmarch_adj;Moonmarch;;;;;;;;;;;;;x
c_jathsogur;Jathsogur;;;;;;;;;;;;;x
c_jathsogur_adj;Jathsoguric;;;;;;;;;;;;;x
c_morahame;Morahame;;;;;;;;;;;;;x
c_morahame_adj;Morahamer;;;;;;;;;;;;;x
c_moraheim;Moraheim;;;;;;;;;;;;;x
c_moraheim_adj;Moraheimer;;;;;;;;;;;;;x
c_moranda;Moranda;;;;;;;;;;;;;x
c_moranda_adj;Morandian;;;;;;;;;;;;;x
c_morthal;Morthal;;;;;;;;;;;;;x
c_morthal_adj;Morthallic;;;;;;;;;;;;;x
c_morvunskar;Morvunskar;;;;;;;;;;;;;x
c_morvunskar_adj;Morvunskar;;;;;;;;;;;;;x
c_mothriva;Mothriva;;;;;;;;;;;;;x
c_mothriva_adj;Mothrivan;;;;;;;;;;;;;x
c_mournoth;Helra;;;;;;;;;;;;;x
c_mournoth_adj;Helraic;;;;;;;;;;;;;x
c_mujum;Mujum;;;;;;;;;;;;;x
c_mujum_adj;Mujum;;;;;;;;;;;;;x
c_muk;Muk;;;;;;;;;;;;;x
c_muk_adj;Muk;;;;;;;;;;;;;x
c_murkwood;Mirkwood;;;;;;;;;;;;;x
c_murkwood_adj;Murkic;;;;;;;;;;;;;x
c_mus;Mus;;;;;;;;;;;;;x
c_mus_adj;Mus;;;;;;;;;;;;;x
c_musehir;Musehir;;;;;;;;;;;;;x
c_musehir_adj;Musehir;;;;;;;;;;;;;x
c_musorfez;Musorfez;;;;;;;;;;;;;x
c_musorfez_adj;Musorfez;;;;;;;;;;;;;x
c_muthada;Muthada;;;;;;;;;;;;;x
c_muthada_adj;Muthadan;;;;;;;;;;;;;x
c_myrmarsh;Myrmarsh;;;;;;;;;;;;;x
c_nagastani;Nagastani;;;;;;;;;;;;;x
c_nagastani_adj;Nagastanian;;;;;;;;;;;;;x
c_nalsar;Nalonga;;;;;;;;;;;;;x
c_nalsar_adj;Nalongan;;;;;;;;;;;;;x
c_namien;Namien;;;;;;;;;;;;;x
c_namien_adj;Namienic;;;;;;;;;;;;;x
c_nanpong;Nanpong;;;;;;;;;;;;;x
c_nanpong_adj;Nanpong;;;;;;;;;;;;;x
c_narasak;Narasak;;;;;;;;;;;;;x
c_narasak_adj;Narasak;;;;;;;;;;;;;x
c_narrusa;Narrusa;;;;;;;;;;;;;x
c_narrusa_adj;Narrusan;;;;;;;;;;;;;x
c_narsis;Narsis;;;;;;;;;;;;;x
c_narsis_adj;Narsian;;;;;;;;;;;;;x
c_naso;Naso;;;;;;;;;;;;;x
c_naso_adj;Nasic;;;;;;;;;;;;;x
c_nekeo;Nekeo;;;;;;;;;;;;;x
c_nekeo_adj;Nekeic;;;;;;;;;;;;;x
c_nequinal;Ne Quin-Al;;;;;;;;;;;;;x
c_nequinal_adj;Nequin;;;;;;;;;;;;;x
c_nettleshin;Nettleshin;;;;;;;;;;;;;x
c_nettleshin_adj;Nettleshin;;;;;;;;;;;;;x
c_neugrad;Neugrad;;;;;;;;;;;;;x
c_neugrad_adj;Neugrad;;;;;;;;;;;;;x
c_nikel;Nikel;;;;;;;;;;;;;x
c_nikel_adj;Nikellen;;;;;;;;;;;;;x
c_nilheim;Nilheim;;;;;;;;;;;;;x
c_nilheim_adj;Nilheimer;;;;;;;;;;;;;x
c_nimbel;Nimbel;;;;;;;;;;;;;x
c_nimbel_adj;Nimbelan;;;;;;;;;;;;;x
c_nod;Nod;;;;;;;;;;;;;x
c_nod_adj;Nodic;;;;;;;;;;;;;x
c_nomore;Nomore;;;;;;;;;;;;;x
c_nomore_adj;Nomoric;;;;;;;;;;;;;x
c_nonwyll;Nonwyll;;;;;;;;;;;;;x
c_nonwyll_adj;Nonwyllian;;;;;;;;;;;;;x
c_normar;Normar;;;;;;;;;;;;;x
c_normar_adj;Normar;;;;;;;;;;;;;x
c_nornalhorst;Nornalhorst;;;;;;;;;;;;;x
c_nornalhorst_adj;Nornalhorster;;;;;;;;;;;;;x
c_northall;North Hall;;;;;;;;;;;;;x
c_northall_adj;North Hall;;;;;;;;;;;;;x
c_northmoor;Northmoor;;;;;;;;;;;;;x
c_northmoor_adj;Northmoorish;;;;;;;;;;;;;x
c_northpoint;Northpoint;;;;;;;;;;;;;x
c_northpoint_adj;Northpoint;;;;;;;;;;;;;x
c_northspring;Northspring;;;;;;;;;;;;;x
c_northspring_adj;Northspringer;;;;;;;;;;;;;x
c_northwatch;Northwatch;;;;;;;;;;;;;x
c_northwatch_adj;Northwatcher;;;;;;;;;;;;;x
c_noulnok;Noulnok;;;;;;;;;;;;;x
c_noulnok_adj;Noulnokian;;;;;;;;;;;;;x
c_nuak;Nuak;;;;;;;;;;;;;x
c_nuak_adj;Nuak;;;;;;;;;;;;;x
c_nurak;Nurak;;;;;;;;;;;;;x
c_nurak_adj;Nurak;;;;;;;;;;;;;x
c_odhisar;Odhisar;;;;;;;;;;;;;x
c_odhisar_adj;Odhisar;;;;;;;;;;;;;x
c_oee;Oee;;;;;;;;;;;;;x
c_oee_adj;Oee;;;;;;;;;;;;;x
c_ofusu;Ofusu;;;;;;;;;;;;;x
c_ofusu_adj;Ofusu;;;;;;;;;;;;;x
c_ohmes;Ohmes;;;;;;;;;;;;;x
c_ohmes_adj;Ohmaic;;;;;;;;;;;;;x
c_ohukoa;Ohukoa;;;;;;;;;;;;;x
c_ohukoa_adj;Ohukoan;;;;;;;;;;;;;x
c_oldgate;Old Gate;;;;;;;;;;;;;x
c_oldgate_adj;Old Gate;;;;;;;;;;;;;x
c_oldkeep;Old Keep;;;;;;;;;;;;;x
c_oldkeep_adj;Old Keep;;;;;;;;;;;;;x
c_oldport;Old Port;;;;;;;;;;;;;x
c_oldport_adj;Old Port;;;;;;;;;;;;;x
c_olrenthis;Olrenthis;;;;;;;;;;;;;x
c_olrenthis_adj;Olrenthettic;;;;;;;;;;;;;x
c_olthrenis;Olthrenis;;;;;;;;;;;;;x
c_olthrenis_adj;Olthrenic;;;;;;;;;;;;;x
c_omavel;Omavel;;;;;;;;;;;;;x
c_omavel_adj;Omavel;;;;;;;;;;;;;x
c_omayni;Omayni;;;;;;;;;;;;;x
c_omayni_adj;Omaynian;;;;;;;;;;;;;x
c_omnat;Om Nat;;;;;;;;;;;;;x
c_omnat_adj;Om Nat;;;;;;;;;;;;;x
c_omnia;Omnia;;;;;;;;;;;;;x
c_omnia_adj;Omnic;;;;;;;;;;;;;x
c_ontus;Ontus;;;;;;;;;;;;;x
c_ontus_adj;Ontic;;;;;;;;;;;;;x
c_oran;Oran;;;;;;;;;;;;;x
c_oran_adj;Orannic;;;;;;;;;;;;;x
c_orcrest;Orcrest;;;;;;;;;;;;;x
c_orcrest_adj;Orcrestian;;;;;;;;;;;;;x
c_oren;Oren;;;;;;;;;;;;;x
c_oren_adj;Orennic;;;;;;;;;;;;;x
c_orlais;Orlais;;;;;;;;;;;;;x
c_orlais_adj;Orlessian;;;;;;;;;;;;;x
c_ormanbod;Ormanbod;;;;;;;;;;;;;x
c_ormanbod_adj;Ormanbod;;;;;;;;;;;;;x
c_orotheim;Orotheim;;;;;;;;;;;;;x
c_orotheim_adj;Orotheim;;;;;;;;;;;;;x
c_firebrand;Firebrand;;;;;;;;;;;;;x
c_firebrand_adj;Firebrand;;;;;;;;;;;;;x
c_orvault;Orvault;;;;;;;;;;;;;x
c_orvault_adj;Orvaulter;;;;;;;;;;;;;x
c_ouada;Ouada;;;;;;;;;;;;;x
c_ouada_adj;Ouadan;;;;;;;;;;;;;x
c_padomai;Padomai;;;;;;;;;;;;;x
c_padomai_adj;Padomaic;;;;;;;;;;;;;x
c_padomeic;Padomeic;;;;;;;;;;;;;x
c_padomeic_adj;Pademeican;;;;;;;;;;;;;x
c_pakong;Pa Kong;;;;;;;;;;;;;x
c_pakong_adj;Pa Kong;;;;;;;;;;;;;x
c_palepass;Pale Pass;;;;;;;;;;;;;x
c_palepass_adj;Pale Pass;;;;;;;;;;;;;x
c_panyat;Panyat;;;;;;;;;;;;;x
c_panyat_adj;Panyat;;;;;;;;;;;;;x
c_papraya;Papraya;;;;;;;;;;;;;x
c_papraya_adj;Papraya;;;;;;;;;;;;;x
c_pedraha;Pedraha;;;;;;;;;;;;;x
c_pedraha_adj;Pedrahani;;;;;;;;;;;;;x
c_pekman;Pekman;;;;;;;;;;;;;x
c_pekman_adj;Pekman;;;;;;;;;;;;;x
c_pelagiad;Pelagiad;;;;;;;;;;;;;x
c_pelagiad_adj;Pelagian;;;;;;;;;;;;;x
c_pellame;Pellame;;;;;;;;;;;;;x
c_pellame_adj;Pellamian;;;;;;;;;;;;;x
c_pellsgate;Pell's Gate;;;;;;;;;;;;;x
c_pellsgate_adj;Pell's Gate;;;;;;;;;;;;;x
c_penmarch;Penmarch;;;;;;;;;;;;;x
c_penmarch_adj;Penmarcher;;;;;;;;;;;;;x
c_periandor;Periandor;;;;;;;;;;;;;x
c_periandor_adj;Perian;;;;;;;;;;;;;x
c_phuchang;Phuchang;;;;;;;;;;;;;x
c_phuchang_adj;Phuchang;;;;;;;;;;;;;x
c_pontu;Pontu;;;;;;;;;;;;;x
c_pontu_adj;Pontian;;;;;;;;;;;;;x
c_portdun;Portdun Creek;;;;;;;;;;;;;x
c_portdun_adj;Portdun Creek;;;;;;;;;;;;;x
c_portneu;Portneu;;;;;;;;;;;;;x
c_portneu_adj;Portneuen;;;;;;;;;;;;;x
c_potidae;Potidae;;;;;;;;;;;;;x
c_potidae_adj;Potidaean;;;;;;;;;;;;;x
c_prachata;Prachata;;;;;;;;;;;;;x
c_prachata_adj;Prachata;;;;;;;;;;;;;x
c_praloris;Praloris;;;;;;;;;;;;;x
c_praloris_adj;Pralorric;;;;;;;;;;;;;x
c_puchang;Puchang;;;;;;;;;;;;;x
c_puchang_adj;Puchang;;;;;;;;;;;;;x
c_pyrrahn;Pyrrahn;;;;;;;;;;;;;x
c_pyrrahn_adj;Pyrrahnnic;;;;;;;;;;;;;x
c_qakhazan;Qakhazan;;;;;;;;;;;;;x
c_qakhazan_adj;Qakhazan;;;;;;;;;;;;;x
c_qao;Qao;;;;;;;;;;;;;x
c_qaonaomi;Qao-Nao-Mi;;;;;;;;;;;;;x
c_qaonaomi_adj;Qao-Nao-Mian;;;;;;;;;;;;;x
c_qao_adj;Qaon;;;;;;;;;;;;;x
c_qucal;Qucal;;;;;;;;;;;;;x
c_qucal_adj;Qucalic;;;;;;;;;;;;;x
c_quinrawl;Quin'Rawl;;;;;;;;;;;;;x
c_quinrawl_adj;Quinnic;;;;;;;;;;;;;x
c_quirion;Quirion;;;;;;;;;;;;;x
c_quirion_adj;Quirion;;;;;;;;;;;;;x
c_qul;Qul;;;;;;;;;;;;;x
c_qul_adj;Qul;;;;;;;;;;;;;x
c_qusar;Qusar;;;;;;;;;;;;;x
c_qusar_adj;Qusar;;;;;;;;;;;;;x
c_radet;Radet;;;;;;;;;;;;;x
c_radet_adj;Radetian;;;;;;;;;;;;;x
c_raheen;Ikerran;;;;;;;;;;;;;x
c_raheen_adj;Ikerran;;;;;;;;;;;;;x
c_rahira;Rahira;;;;;;;;;;;;;x
c_rahira_adj;Rahira;;;;;;;;;;;;;x
c_rama;Rama;;;;;;;;;;;;;x
c_rama_adj;Ramen;;;;;;;;;;;;;x
c_ramling;Ramling;;;;;;;;;;;;;x
c_ramling_adj;Ramling;;;;;;;;;;;;;x
c_rammak;Rammak;;;;;;;;;;;;;x
c_rammak_adj;Rammak;;;;;;;;;;;;;x
c_ranodo;Ran Odo;;;;;;;;;;;;;x
c_ranodo_adj;Ran Odo;;;;;;;;;;;;;x
c_ranyonruhn;Ranyon-Ruhn;;;;;;;;;;;;;x
c_ranyonruhn_adj;Ranyonnic;;;;;;;;;;;;;x
c_ratcharang;Ratcharang;;;;;;;;;;;;;x
c_ratcharang_adj;Ratcharang;;;;;;;;;;;;;x
c_ratchasima;Ratchasima;;;;;;;;;;;;;x
c_ratchasima_adj;Ratchasima;;;;;;;;;;;;;x
c_ratchata;Ratchata;;;;;;;;;;;;;x
c_ratchata_adj;Ratchata;;;;;;;;;;;;;x
c_ravan;Ravan;;;;;;;;;;;;;x
c_ravan_adj;Ravannic;;;;;;;;;;;;;x
c_ravenscar;Ravenscar;;;;;;;;;;;;;x
c_ravenscar_adj;Ravenser;;;;;;;;;;;;;x
c_ravenspring;Ravenspring;;;;;;;;;;;;;x
c_ravenspring_adj;Ravenspring;;;;;;;;;;;;;x
c_rayles;Rayles;;;;;;;;;;;;;x
c_rayles_adj;Raylish;;;;;;;;;;;;;x
c_reachcliff;Reachcliff;;;;;;;;;;;;;x
c_reachcliff_adj;Reachcliff;;;;;;;;;;;;;x
c_redman;Redman;;;;;;;;;;;;;x
c_redman_adj;Redman;;;;;;;;;;;;;x
c_redmountain;Red Mountain;;;;;;;;;;;;;x
c_redmountain_adj;Red Mountain;;;;;;;;;;;;;x
c_redruby;Redruby;;;;;;;;;;;;;x
c_redruby_adj;Redrubian;;;;;;;;;;;;;x
c_redwater;Redwater;;;;;;;;;;;;;x
c_redwater_adj;Redwater;;;;;;;;;;;;;x
c_rex;Rex;;;;;;;;;;;;;x
c_rex_adj;Rexic;;;;;;;;;;;;;x
c_rhanano;Rhanano;;;;;;;;;;;;;x
c_rhanano_adj;Rhananian;;;;;;;;;;;;;x
c_rhasafan;Rhasafan;;;;;;;;;;;;;x
c_rhasafan_adj;Rhasafanian;;;;;;;;;;;;;x
c_riften;Riften;;;;;;;;;;;;;x
c_riften_adj;Rifter;;;;;;;;;;;;;x
c_rihad;Rihad;;;;;;;;;;;;;x
c_rihad_adj;Rihaddic;;;;;;;;;;;;;x
c_rimmen;Rimmen;;;;;;;;;;;;;x
c_rimmen_adj;Rimmen;;;;;;;;;;;;;x
c_rimwatch;Rimwatch;;;;;;;;;;;;;x
c_rimwatch_adj;Rimwatcher;;;;;;;;;;;;;x
c_riverbrige_adj;Riverbridger;;;;;;;;;;;;;x
c_riverfield;Riverfield;;;;;;;;;;;;;x
c_riverfield_adj;Riverfield;;;;;;;;;;;;;x
c_riverhold;Riverhold;;;;;;;;;;;;;x
c_riverhold_adj;Riverhold;;;;;;;;;;;;;x
c_riverkeep;Riverkeep;;;;;;;;;;;;;x
c_riverkeep_adj;Riverkeep;;;;;;;;;;;;;x
c_riverpoint;Riverpoint;;;;;;;;;;;;;x
c_riverpoint_adj;Riverpontian;;;;;;;;;;;;;x
c_riverwalk;Riverwalk;;;;;;;;;;;;;x
c_riverwalk_adj;Riverwalk;;;;;;;;;;;;;x
c_riverwatch;Riverwatch;;;;;;;;;;;;;x
c_riverwatch_adj;Riverwatch;;;;;;;;;;;;;x
c_riverwood;Riverwood;;;;;;;;;;;;;x
c_riverwood_adj;Riverwoodlian;;;;;;;;;;;;;x
c_rkund;Darklight;;;;;;;;;;;;;x
c_rkund_adj;Darklighter;;;;;;;;;;;;;x
c_roa_adj;Roan;;;;;;;;;;;;;x
c_rockgrove;Rockgrove;;;;;;;;;;;;;x
c_rockgrove_adj;Grovian;;;;;;;;;;;;;x
c_rockguard;Rockguard;;;;;;;;;;;;;x
c_rockguard_adj;Rockguardian;;;;;;;;;;;;;x
c_rockpark;Rockpark;;;;;;;;;;;;;x
c_rockpark_adj;Rockpark;;;;;;;;;;;;;x
c_rockpoint;Rockpoint;;;;;;;;;;;;;x
c_rockpoint_adj;Rockpoint;;;;;;;;;;;;;x
c_rockspring;Rockspring;;;;;;;;;;;;;x
c_rockspring_adj;Rockspring;;;;;;;;;;;;;x
c_roebeck;Roebeck;;;;;;;;;;;;;x
c_roebeck_adj;Roebeck;;;;;;;;;;;;;x
c_rorikstead;Rorikstead;;;;;;;;;;;;;x
c_rorikstead_adj;Rorikian;;;;;;;;;;;;;x
c_roscrea;Ynisfall;;;;;;;;;;;;;x
c_roscrea_adj;Ynisfaller;;;;;;;;;;;;;x
c_rosefield;Rosefield;;;;;;;;;;;;;x
c_rosefield_adj;Rosefield;;;;;;;;;;;;;x
c_roseguard;Roseguard;;;;;;;;;;;;;x
c_roseguard_adj;Roseguardian;;;;;;;;;;;;;x
c_roukad;Roukad;;;;;;;;;;;;;x
c_roukad_adj;Roukadian;;;;;;;;;;;;;x
c_rourken;Abah;;;;;;;;;;;;;x
c_rourken_adj;Abahan;;;;;;;;;;;;;x
c_royan_adj;Royan;;;;;;;;;;;;;x
c_saarthal_adj;Saarthal;;;;;;;;;;;;;x
c_sabatra;Sabatra;;;;;;;;;;;;;x
c_sabatra_adj;Sabatran;;;;;;;;;;;;;x
c_sabirabad;Sabirabad;;;;;;;;;;;;;x
c_sabirabad_adj;Sabirabad;;;;;;;;;;;;;x
c_sadas;Sadas;;;;;;;;;;;;;x
c_sadas_adj;Sadan;;;;;;;;;;;;;x
c_sagoon;Sagoon;;;;;;;;;;;;;x
c_sagoon_adj;Sagoon;;;;;;;;;;;;;x
c_sagos;Sagos;;;;;;;;;;;;;x
c_sagos_adj;Sogassian;;;;;;;;;;;;;x
c_saif;Saif;;;;;;;;;;;;;x
c_saif_adj;Saifian;;;;;;;;;;;;;x
c_saimsil;Saimsil;;;;;;;;;;;;;x
c_saimsil_adj;Saiman;;;;;;;;;;;;;x
c_salenvulgate;Salen;;;;;;;;;;;;;x
c_salenvulgate_adj;Salennic;;;;;;;;;;;;;x
c_samagri;Samagri;;;;;;;;;;;;;x
c_samagri_adj;Samagri;;;;;;;;;;;;;x
c_samahya;Samahya;;;;;;;;;;;;;x
c_samahya_adj;Samahya;;;;;;;;;;;;;x
c_samara;Samara;;;;;;;;;;;;;x
c_samara_adj;Samaran;;;;;;;;;;;;;x
c_samon;Samon;;;;;;;;;;;;;x
c_samon_adj;Samon;;;;;;;;;;;;;x
c_samorfez;Samorfez;;;;;;;;;;;;;x
c_samorfez_adj;Samorfez;;;;;;;;;;;;;x
c_sananthaburi;Sananthaburi;;;;;;;;;;;;;x
c_sananthaburi_adj;Sananthaburi;;;;;;;;;;;;;x
c_sancretor;Sancre Tor;;;;;;;;;;;;;x
c_sancretor_adj;Sancretic;;;;;;;;;;;;;x
c_santaki;Santaki;;;;;;;;;;;;;x
c_santaki_adj;Santakian;;;;;;;;;;;;;x
c_saray;Saray;;;;;;;;;;;;;x
c_saray_adj;Saran;;;;;;;;;;;;;x
c_sarcal;Sarcal;;;;;;;;;;;;;x
c_sarcal_adj;Sarcal;;;;;;;;;;;;;x
c_sarvanni;Sarvanni;;;;;;;;;;;;;x
c_sarvanni_adj;Sarvannic;;;;;;;;;;;;;x
c_scinia;Scinia;;;;;;;;;;;;;x
c_scinia_adj;Scinian;;;;;;;;;;;;;x
c_seafalls;Seafalls;;;;;;;;;;;;;x
c_seafalls_adj;Seafallian;;;;;;;;;;;;;x
c_seakeep;Seakeep;;;;;;;;;;;;;x
c_seakeep_adj;Seakeeper;;;;;;;;;;;;;x
c_seamist;Seamist;;;;;;;;;;;;;x
c_seamist_adj;Seamist;;;;;;;;;;;;;x
c_seaspring;Seaspring;;;;;;;;;;;;;x
c_seaspring_adj;Seasprings;;;;;;;;;;;;;x
c_secula;Secula;;;;;;;;;;;;;x
c_secula_adj;Seculan;;;;;;;;;;;;;x
c_sednar;Sednar;;;;;;;;;;;;;x
c_sednar_adj;Sednan;;;;;;;;;;;;;x
c_sedor;Sedor;;;;;;;;;;;;;x
c_sedor_adj;Sedorian;;;;;;;;;;;;;x
c_sehul;Sehul;;;;;;;;;;;;;x
c_sehul_adj;Sehulian;;;;;;;;;;;;;x
c_sejanus;Serjanus;;;;;;;;;;;;;x
c_sejanus_adj;Serjanii;;;;;;;;;;;;;x
c_senchal;Senchal;;;;;;;;;;;;;x
c_senchal_adj;Senchallese;;;;;;;;;;;;;x
c_sentinel;Sentinel;;;;;;;;;;;;;x
c_sentinel_adj;Sentinel;;;;;;;;;;;;;x
c_sercen;Sercen;;;;;;;;;;;;;x
c_sercen_adj;Sercennic;;;;;;;;;;;;;x
c_serothan;Serothan;;;;;;;;;;;;;x
c_serothan_adj;Serothanian;;;;;;;;;;;;;x
c_severa;Severa;;;;;;;;;;;;;x
c_severa_adj;Severan;;;;;;;;;;;;;x
c_shademarsh;Shademarsh;;;;;;;;;;;;;x
c_shademarsh_adj;Shademarshes;;;;;;;;;;;;;x
c_shadowsrest;Shadow's Rest;;;;;;;;;;;;;x
c_shadowsrest_adj;Shadow's Rest;;;;;;;;;;;;;x
c_shadymarch;Antiphyllos;;;;;;;;;;;;;x
c_shadymarch_adj;Antiphyllosid;;;;;;;;;;;;;x
c_shadysands;Shady Sands;;;;;;;;;;;;;x
c_shadysands_adj;Shady Sands;;;;;;;;;;;;;x
c_shalgora;Shalgora;;;;;;;;;;;;;x
c_shalgora_adj;Shalgoran;;;;;;;;;;;;;x
c_shaoue;Shao Ue;;;;;;;;;;;;;x
c_shaoue_adj;Shao Ueic;;;;;;;;;;;;;x
c_shansin;Shansin;;;;;;;;;;;;;x
c_shansin_adj;Shansin;;;;;;;;;;;;;x
c_shardrock;Shardrock;;;;;;;;;;;;;x
c_shardrock_adj;Shardrock;;;;;;;;;;;;;x
c_sharnhelm;Shornhelm;;;;;;;;;;;;;x
c_sharnhelm_adj;Shornhelm;;;;;;;;;;;;;x
c_sharur;Sharur;;;;;;;;;;;;;x
c_sharur_adj;Sharur;;;;;;;;;;;;;x
c_shatterwood;Shatterwood;;;;;;;;;;;;;x
c_shatterwood_adj;Shatterwood;;;;;;;;;;;;;x
c_shayfan;Shayfan;;;;;;;;;;;;;x
c_shayfan_adj;Shayfian;;;;;;;;;;;;;x
c_shearpoint;Shearpoint;;;;;;;;;;;;;x
c_shearpoint_adj;Shearpoint;;;;;;;;;;;;;x
c_shearstone;Shearstone;;;;;;;;;;;;;;x
c_sheogorad;Sheogorad;;;;;;;;;;;;;x
c_sheogorad_adj;Sheogorad;;;;;;;;;;;;;x
c_shieldwall;Shieldwall;;;;;;;;;;;;;x
c_shieldwall_adj;Shieldwall;;;;;;;;;;;;;x
c_shimmerene;Shimmerene;;;;;;;;;;;;;x
c_shimmerene_adj;Shimmer;;;;;;;;;;;;;x
c_shorstone;Shorstone;;;;;;;;;;;;;x
c_shorstone_adj;Shorstonnic;;;;;;;;;;;;;x
c_shuobi;Shuobi;;;;;;;;;;;;;x
c_shuobi_adj;Shuobian;;;;;;;;;;;;;x
c_shuyurru;Shuyurru;;;;;;;;;;;;;x
c_shuyurru_adj;Shuyurru;;;;;;;;;;;;;x
c_sigpuan;Sigpuan;;;;;;;;;;;;;x
c_sigpuan_adj;Sigpuan;;;;;;;;;;;;;x
c_silgrad;Silgrad;;;;;;;;;;;;;x
c_silgrad_adj;Silgradian;;;;;;;;;;;;;x
c_silnion;Silnion;;;;;;;;;;;;;x
c_silnion_adj;Silnion;;;;;;;;;;;;;x
c_silorn;Silorn;;;;;;;;;;;;;x
c_silorn_adj;Silorner;;;;;;;;;;;;;x
c_silvenar;Silvenar;;;;;;;;;;;;;x
c_silvenar_adj;Silvenar;;;;;;;;;;;;;x
c_silverwood;Silverwood;;;;;;;;;;;;;x
c_silverwood_adj;Silver;;;;;;;;;;;;;x
c_siman;Siman;;;;;;;;;;;;;x
c_siman_adj;Siman;;;;;;;;;;;;;x
c_simia;Simia;;;;;;;;;;;;;x
c_simia_adj;Simian;;;;;;;;;;;;;x
c_sinak;Sinak;;;;;;;;;;;;;x
c_sinak_adj;Sinak;;;;;;;;;;;;;x
c_sisao;Sisao;;;;;;;;;;;;;x
c_sisao_adj;Sisao;;;;;;;;;;;;;x
c_sivabakir;Sivabakir;;;;;;;;;;;;;x
c_sivabakir_adj;Sivabakir;;;;;;;;;;;;;x
c_sivera;Sivera;;;;;;;;;;;;;x
c_sivera_adj;Sivera;;;;;;;;;;;;;x
c_siwesi;Siwesi;;;;;;;;;;;;;x
c_siwesi_adj;Siwesi;;;;;;;;;;;;;x
c_skaal;Skaal;;;;;;;;;;;;;x
c_skaal_adj;Skaal;;;;;;;;;;;;;x
c_skaven;Skaven;;;;;;;;;;;;;x
c_skaven_adj;Skavennic;;;;;;;;;;;;;x
c_skingrad;Skingrad;;;;;;;;;;;;;x
c_skingrad_adj;Skingradian;;;;;;;;;;;;;x
c_skyborn;Skyborn;;;;;;;;;;;;;x
c_skyborn_adj;Skyborn;;;;;;;;;;;;;x
c_skyshroud;Skyshroud;;;;;;;;;;;;;x
c_skyshroud_adj;Skyshroud;;;;;;;;;;;;;x
c_skywatch;Skywatch;;;;;;;;;;;;;x
c_skywatch_adj;Skywatcher;;;;;;;;;;;;;x
c_snapvine;Snapvine;;;;;;;;;;;;;x
c_snapvine_adj;Snapvine;;;;;;;;;;;;;x
c_snowhawk;Snowhawk;;;;;;;;;;;;;x
c_snowhawk_adj;Snowhawk;;;;;;;;;;;;;x
c_sodor;Sodor;;;;;;;;;;;;;x
c_sodor_adj;Sodorian;;;;;;;;;;;;;x
c_soggi;Soggi;;;;;;;;;;;;;x
c_soggi_adj;Soggi;;;;;;;;;;;;;x
c_solitude;Solitude;;;;;;;;;;;;;x
c_solitude_adj;Solitudic;;;;;;;;;;;;;x
c_soluthis;Soluthis;;;;;;;;;;;;;x
c_soluthis_adj;Soluthian;;;;;;;;;;;;;x
c_sonnen;Sonnen;;;;;;;;;;;;;x
c_sonnen_adj;Sonn;;;;;;;;;;;;;x
c_sora;Sora;;;;;;;;;;;;;x
c_sora_adj;Soran;;;;;;;;;;;;;x
c_sothasil;Sotha Sil;;;;;;;;;;;;;x
c_sothasil_adj;Sotha Sil;;;;;;;;;;;;;x
c_soulasul;Soul-Asul;;;;;;;;;;;;;x
c_soulasul_adj;Soul-Asul;;;;;;;;;;;;;x
c_soulrest;Soulrest;;;;;;;;;;;;;x
c_soulrest_adj;Soulrest;;;;;;;;;;;;;x
c_sourange;Sourange;;;;;;;;;;;;;x
c_sourange_adj;Sourangian;;;;;;;;;;;;;x
c_southisle;Valenport;;;;;;;;;;;;;x
c_southisle_adj;Valenport;;;;;;;;;;;;;x
c_southpoint;Southpoint;;;;;;;;;;;;;x
c_southpoint_adj;Southpoint;;;;;;;;;;;;;x
c_southsea;Southsea;;;;;;;;;;;;;x
c_southsea_adj;Southsea;;;;;;;;;;;;;x
c_stirk;Stirk;;;;;;;;;;;;;x
c_stirk_adj;Stirk;;;;;;;;;;;;;x
c_stonedale;Stonedale;;;;;;;;;;;;;x
c_stonedale_adj;Stonedale;;;;;;;;;;;;;x
c_stonefall;Stonefall;;;;;;;;;;;;;x
c_stonefall_adj;Stonefall;;;;;;;;;;;;;x
c_stonemoor;Stonemoor;;;;;;;;;;;;;x
c_stonemoor_adj;Stonemoor;;;;;;;;;;;;;x
c_stonewastes;Stonewastes;;;;;;;;;;;;;x
c_stonewastes_adj;Waster;;;;;;;;;;;;;x
c_stormhold;Stormhold;;;;;;;;;;;;;x
c_stormhold_adj;Stormhold;;;;;;;;;;;;;x
c_strand;Strand;;;;;;;;;;;;;x
c_strand_adj;Strand;;;;;;;;;;;;;x
c_strosmkai;Stros M'kai;;;;;;;;;;;;;x
c_strosmkai_adj;Sestren;;;;;;;;;;;;;x
c_sumyaw;Sumyaw;;;;;;;;;;;;;x
c_sumyaw_adj;Sumyaw;;;;;;;;;;;;;x
c_sun;Sun;;;;;;;;;;;;;x
c_sundercliff;Sundercliff;;;;;;;;;;;;;x
c_sundercliff_adj;Sunderer;;;;;;;;;;;;;x
c_sunderstone;Sunderstone;;;;;;;;;;;;;x
c_sunderstone_adj;Sunderstoner;;;;;;;;;;;;;x
c_sungard;Sungard;;;;;;;;;;;;;x
c_sungard_adj;Sungard;;;;;;;;;;;;;x
c_sunhold;Sunhold;;;;;;;;;;;;;x
c_sunhold_adj;Sunni;;;;;;;;;;;;;x
c_sunkeep;Sunkeep;;;;;;;;;;;;;x
c_sunkeep_adj;Sunkeep;;;;;;;;;;;;;x
c_sun_adj;Sunic;;;;;;;;;;;;;x
c_suolasul;Siuol-Asil Yilir;;;;;;;;;;;;;x
c_suran;Suran;;;;;;;;;;;;;x
c_suran_adj;Surannic;;;;;;;;;;;;;x
c_surakota;Surakota;;;;;;;;;;;;;x
c_surakota_adj;Surakota;;;;;;;;;;;;;x
c_suratra;Suratra;;;;;;;;;;;;;x
c_suratra_adj;Suratra;;;;;;;;;;;;;x
c_surinang;Surinang;;;;;;;;;;;;;x
c_surinang_adj;Surinang;;;;;;;;;;;;;x
c_surkh;Surkh;;;;;;;;;;;;;x
c_surkh_adj;Surkh;;;;;;;;;;;;;x
c_sutch;Sutch;;;;;;;;;;;;;x
c_sutch_adj;Sutch;;;;;;;;;;;;;x
c_syut;Syut;;;;;;;;;;;;;x
c_syut_adj;Syut;;;;;;;;;;;;;x
c_tadesa;Tadesa;;;;;;;;;;;;;x
c_tadesa_adj;Tadesa;;;;;;;;;;;;;x
c_taku;Taku;;;;;;;;;;;;;x
c_taku_adj;Taku;;;;;;;;;;;;;x
c_takuathaburi;Takuathaburi;;;;;;;;;;;;;x
c_takuathaburi_adj;Takuathaburi;;;;;;;;;;;;;x
c_talesafan;Taleskan;;;;;;;;;;;;;x
c_talesafan_adj;Taleskanian;;;;;;;;;;;;;x
c_taneth;Taneth;;;;;;;;;;;;;x
c_taneth_adj;Tanethic;;;;;;;;;;;;;x
c_tanghet;Tanghet;;;;;;;;;;;;;x
c_tanghet_adj;Tanghet;;;;;;;;;;;;;x
c_tangmo;Tang Mo;;;;;;;;;;;;;x
c_tangmo_adj;Tango Mo;;;;;;;;;;;;;x
c_tangon;Tang On;;;;;;;;;;;;;x
c_tangon_adj;Tang On;;;;;;;;;;;;;x
c_tangyala;Tang Yala;;;;;;;;;;;;;x
c_tangyala_adj;Tang Yala;;;;;;;;;;;;;x
c_tardorn_adj;Tardornian;;;;;;;;;;;;;x
c_tarlain;Tarlain;;;;;;;;;;;;;x
c_tarlain_adj;Tarlain;;;;;;;;;;;;;x
c_tarshehir;Tarshehir;;;;;;;;;;;;;x
c_tarshehir_adj;Tarshehir;;;;;;;;;;;;;x
c_tasikku;Tasikku;;;;;;;;;;;;;x
c_tasikku_adj;Tasikku;;;;;;;;;;;;;x
c_tasikwa;Tasikwa;;;;;;;;;;;;;x
c_tasikwa_adj;Tasikwa;;;;;;;;;;;;;x
c_tear;Tear;;;;;;;;;;;;;x
c_tear_adj;Tear;;;;;;;;;;;;;x
c_tekirzan;Tekirzan;;;;;;;;;;;;;x
c_tekirzan_adj;Tekirzan;;;;;;;;;;;;;x
c_telansi;Tel Ansi;;;;;;;;;;;;;x
c_telansi_adj;Telasian;;;;;;;;;;;;;x
c_teleman;Teleman;;;;;;;;;;;;;x
c_teleman_adj;Teleman;;;;;;;;;;;;;x
c_telvannis;Telvannis;;;;;;;;;;;;;x
c_telvannis_adj;Telvannis;;;;;;;;;;;;;x
c_temamir;Temamir;;;;;;;;;;;;;x
c_temamir_adj;Temamir;;;;;;;;;;;;;x
c_tenmar;Tenmar;;;;;;;;;;;;;x
c_tenmarwall;Tenmar Wall;;;;;;;;;;;;;x
c_tenmarwall_adj;Tenmaric;;;;;;;;;;;;;x
c_tenmar_adj;Tenmarian;;;;;;;;;;;;;x
c_teth;Teth;;;;;;;;;;;;;x
c_teth_adj;Tethian;;;;;;;;;;;;;x
c_thanmo;Than Mo;;;;;;;;;;;;;x
c_thanmo_adj;Than Mo;;;;;;;;;;;;;x
c_thanyacharan;Thanyacharan;;;;;;;;;;;;;x
c_thanyacharan_adj;Thanyacharan;;;;;;;;;;;;;x
c_tharong;Tharong;;;;;;;;;;;;;x
c_tharong_adj;Tharong;;;;;;;;;;;;;x
c_thayala;Thayala;;;;;;;;;;;;;x
c_thayala_adj;Thayala;;;;;;;;;;;;;x
c_thebadlands;The Badlands;;;;;;;;;;;;;x
c_thebadlands_adj;The Badlands;;;;;;;;;;;;;x
c_thechain_adj;Chainer;;;;;;;;;;;;;x
c_thenim;Thenim;;;;;;;;;;;;;x
c_thenim_adj;Thenimic;;;;;;;;;;;;;x
c_thir;Thir;;;;;;;;;;;;;x
c_thir_adj;Thirric;;;;;;;;;;;;;x
c_thorheim;Thorheim;;;;;;;;;;;;;x
c_thorheim_adj;Thorheimian;;;;;;;;;;;;;x
c_thorkan;Thorkan;;;;;;;;;;;;;x
c_thorkan_adj;Thorkan;;;;;;;;;;;;;x
c_thormar;Thormar;;;;;;;;;;;;;x
c_thormar_adj;Thormar;;;;;;;;;;;;;x
c_thorn;Thorn;;;;;;;;;;;;;x
c_thornwall;Thornwall;;;;;;;;;;;;;x
c_thornwall_adj;Thornwall;;;;;;;;;;;;;x
c_thorn_adj;Thornic;;;;;;;;;;;;;x
c_thorstad;Thorstad;;;;;;;;;;;;;x
c_thorstad_adj;Thorstad;;;;;;;;;;;;;x
c_tilang;Tilang;;;;;;;;;;;;;x
c_tilang_adj;Tilang;;;;;;;;;;;;;x
c_tilui;Tilui;;;;;;;;;;;;;x
c_tilui_adj;Tilui;;;;;;;;;;;;;x
c_tigon;Tagon;;;;;;;;;;;;;x
c_tigon_adj;Tagonian;;;;;;;;;;;;;x
c_tigonus;Tigonus;;;;;;;;;;;;;x
c_tigonus_adj;Tigonnic;;;;;;;;;;;;;x
c_tiguna;Tiguna;;;;;;;;;;;;;x
c_tiguna_adj;Tigunese;;;;;;;;;;;;;x
c_timberwatch;Timberwatch;;;;;;;;;;;;;x
c_timberwatch_adj;Timberwatch;;;;;;;;;;;;;x
c_tisat;Tisat;;;;;;;;;;;;;x
c_tisat_adj;Tisat;;;;;;;;;;;;;x
c_toadstool;Toadstool;;;;;;;;;;;;;x
c_toadstool_adj;Toadstoolian;;;;;;;;;;;;;;
c_topal;Topal;;;;;;;;;;;;;x
c_topalbay_adj;Topalese;;;;;;;;;;;;;x
c_topal_adj;Topan;;;;;;;;;;;;;x
c_torval;Torval;;;;;;;;;;;;;x
c_torval_adj;Torvallian;;;;;;;;;;;;;x
c_totambu;Totambu;;;;;;;;;;;;;x
c_totambu_adj;Totamian;;;;;;;;;;;;;x
c_totoshi_adj;Totoshi;;;;;;;;;;;;;x
c_towesi;Towesi;;;;;;;;;;;;;x
c_towesi_adj;Towesi;;;;;;;;;;;;;x
c_trumbe;Trumbe;;;;;;;;;;;;;x
c_trumbe_adj;Trumbian;;;;;;;;;;;;;x
c_tul;Yul;;;;;;;;;;;;;x
c_tulla;Cronan;;;;;;;;;;;;;x
c_tulla_adj;Cronan;;;;;;;;;;;;;x
c_tulune;Tulune;;;;;;;;;;;;;x
c_tulune_adj;Tulune;;;;;;;;;;;;;x
c_tul_adj;Tulian;;;;;;;;;;;;;x
c_ubuntu;Ubuntu;;;;;;;;;;;;;x
c_ubuntu_adj;Ubtunan;;;;;;;;;;;;;x
c_udonbueng;Udon Bueng;;;;;;;;;;;;;x
c_udonbueng_adj;Udon Bueng;;;;;;;;;;;;;x
c_udonthani;Udon Thani;;;;;;;;;;;;;x
c_udonthani_adj;Udon Thani;;;;;;;;;;;;;x
c_underpall;Underpall;;;;;;;;;;;;;x
c_underpall_adj;Underpaller;;;;;;;;;;;;;x
c_uradas;Uradas;;;;;;;;;;;;;x
c_uradas_adj;Uradasian;;;;;;;;;;;;;x
c_urasek;Urasek;;;;;;;;;;;;;x
c_urasek_adj;Urasekian;;;;;;;;;;;;;x
c_urvaius;Urvaius;;;;;;;;;;;;;x
c_urvaius_adj;Urvaian;;;;;;;;;;;;;x
c_usabul;Usabul;;;;;;;;;;;;;x
c_usabul_adj;Usabul;;;;;;;;;;;;;x
c_ustungrav;Ustungrav;;;;;;;;;;;;;x
c_ustungrav_adj;Ustungraven;;;;;;;;;;;;;x
c_uveran;Uveran;;;;;;;;;;;;;x
c_uveran_adj;Uveranian;;;;;;;;;;;;;x
c_vahtacen;Vahtacen;;;;;;;;;;;;;x
c_vahtacen_adj;Vahtacian;;;;;;;;;;;;;x
c_valental;Valental;;;;;;;;;;;;;x
c_valental_adj;Valental;;;;;;;;;;;;;x
c_vulkwasten;Vulkwasten;;;;;;;;;;;;;x
c_vulkwasten_adj;Vulkwasten;;;;;;;;;;;;;x
c_vallas;Vallas;;;;;;;;;;;;;x
c_vallas_adj;Vallasian;;;;;;;;;;;;;x
c_valleygard;Valleygard;;;;;;;;;;;;;x
c_valleygard_adj;Valleygard;;;;;;;;;;;;;x
c_valtheim;Valtheim;;;;;;;;;;;;;x
c_valtheim_adj;Valtheimer;;;;;;;;;;;;;x
c_valus;Valus;;;;;;;;;;;;;x
c_valus_adj;Valian;;;;;;;;;;;;;x
c_vangra;Vangra;;;;;;;;;;;;;x
c_vangra_adj;Vangrian;;;;;;;;;;;;;x
c_vanseri;Vanseri;;;;;;;;;;;;;x
c_vanseri_adj;Vanseri;;;;;;;;;;;;;x
c_vanya;Vanya;;;;;;;;;;;;;x
c_vanya_adj;Vanya;;;;;;;;;;;;;x
c_varanis;Varanis;;;;;;;;;;;;;x
c_varanis_adj;Varanian;;;;;;;;;;;;;x
c_variela;Variela;;;;;;;;;;;;;x
c_variela_adj;Varielan;;;;;;;;;;;;;x
c_varondo;Varondo;;;;;;;;;;;;;x
c_varondo_adj;Varandian;;;;;;;;;;;;;x
c_varro;Varro;;;;;;;;;;;;;x
c_varro_adj;Varran;;;;;;;;;;;;;x
c_varus;Varus;;;;;;;;;;;;;x
c_varus_adj;Varussian;;;;;;;;;;;;;x
c_vashab;Vashab;;;;;;;;;;;;;x
c_vashab_adj;Vashab;;;;;;;;;;;;;x
c_vaspung;Vaspung;;;;;;;;;;;;;x
c_vaspung_adj;Vaspung;;;;;;;;;;;;;x
c_vaswa;Vaswa;;;;;;;;;;;;;x
c_vaswa_adj;Vaswa;;;;;;;;;;;;;x
c_vataek;Vataek;;;;;;;;;;;;;x
c_vataek_adj;Vataek;;;;;;;;;;;;;x
c_vatak;Vatak;;;;;;;;;;;;;x
c_vatak_adj;Vatak;;;;;;;;;;;;;x
c_vath;Yath;;;;;;;;;;;;;x
c_vath_adj;Yathian;;;;;;;;;;;;;x
c_veldspar;Veldspar;;;;;;;;;;;;;x
c_veldspar_adj;Veldsparer;;;;;;;;;;;;;x
c_velothis;Velothis;;;;;;;;;;;;;x
c_velothis_adj;Velothisian;;;;;;;;;;;;;x
c_vengevine;Vengevine;;;;;;;;;;;;;x
c_vengevine_adj;Vengevine;;;;;;;;;;;;;x
c_verkarth;Verkarth;;;;;;;;;;;;;x
c_verkarthh;Verkarth Hills;;;;;;;;;;;;;x
c_verkarthh_adj;Verkarthish;;;;;;;;;;;;;x
c_verkarth_adj;Verkarthian;;;;;;;;;;;;;x
c_vesilon;Vesilon;;;;;;;;;;;;;x
c_vesilon_adj;Vesilon;;;;;;;;;;;;;x
c_veyond;Veyond;;;;;;;;;;;;;x
c_veyond_adj;Veyondian;;;;;;;;;;;;;x
c_vilverin;Vilverin;;;;;;;;;;;;;x
c_vilverin_adj;Vilverin;;;;;;;;;;;;;x
c_vindasel;Vindasel;;;;;;;;;;;;;x
c_vindasel_adj;Vindaselian;;;;;;;;;;;;;x
c_vinewall;Vinewall;;;;;;;;;;;;;x
c_vinewall_adj;Vinewall;;;;;;;;;;;;;x
c_viplam;Viplam;;;;;;;;;;;;;x
c_viplam_adj;Viplam;;;;;;;;;;;;;x
c_virtue;Virtue;;;;;;;;;;;;;x
c_virtue_adj;Virtue;;;;;;;;;;;;;x
c_vlastarus;Vlastarus;;;;;;;;;;;;;x
c_vlastarus_adj;Vlastarian;;;;;;;;;;;;;x
c_volatra;Volatra;;;;;;;;;;;;;x
c_volatra_adj;Volatra;;;;;;;;;;;;;x
c_voljung;Voljung;;;;;;;;;;;;;x
c_voljung_adj;Voljung;;;;;;;;;;;;;x
c_volkihar;Volkihar;;;;;;;;;;;;;x
c_volkihar_adj;Volkihar;;;;;;;;;;;;;x
c_volskygge;Volskygge;;;;;;;;;;;;;x
c_volskygge_adj;Volskyggen;;;;;;;;;;;;;x
c_volunruud;Volunruud;;;;;;;;;;;;;x
c_volunruud_adj;Volunruudic;;;;;;;;;;;;;x
c_vos;Vos;;;;;;;;;;;;;x
c_vos_adj;Vossian;;;;;;;;;;;;;x
c_vulkhel_adj;Vulkan;;;;;;;;;;;;;x
c_vulkneu;Vulkneu;;;;;;;;;;;;;x
c_vulkneu_adj;Vulkneuen;;;;;;;;;;;;;x
c_vulnim;Vulnim;;;;;;;;;;;;;x
c_vulnim_adj;Vulnimmic;;;;;;;;;;;;;;x
c_wadathe;Wadathe;;;;;;;;;;;;;x
c_wadathe_adj;Wadathian;;;;;;;;;;;;;x
c_wangong;Wan Gong;;;;;;;;;;;;;x
c_wangong_adj;Wan Gong;;;;;;;;;;;;;x
c_wariel;Wariel;;;;;;;;;;;;;x
c_wariel_adj;Warillian;;;;;;;;;;;;;x
c_wastenbrukbrook;Wastenbruk Brook;;;;;;;;;;;;;x
c_wastenbrukbrook_adj;Wastenbruk Brook;;;;;;;;;;;;;x
c_wastencoridale;Wasten Coridale;;;;;;;;;;;;;x
c_wastencoridale_adj;Wasten;;;;;;;;;;;;;x
c_wayrest;Wayrest;;;;;;;;;;;;;x
c_wayrest_adj;Wayrest;;;;;;;;;;;;;x
c_weatherleah;Weatherleah;;;;;;;;;;;;;x
c_weatherleah_adj;Weatherlean;;;;;;;;;;;;;x
c_weatherseed;Weatherseed;;;;;;;;;;;;;x
c_weatherseed_adj;Weatherseed;;;;;;;;;;;;;x
c_wega;Wega;;;;;;;;;;;;;x
c_wega_adj;Wegan;;;;;;;;;;;;;x
c_wendelbek;Wendelbek;;;;;;;;;;;;;x
c_wendelbek_adj;Wendelbekian;;;;;;;;;;;;;x
c_wendir;Wendir;;;;;;;;;;;;;x
c_wenyandawik;Wenyandawik;;;;;;;;;;;;;x
c_wenyandawik_adj;Weyandian;;;;;;;;;;;;;x
c_westgash;West Gash;;;;;;;;;;;;;x
c_westgash_adj;Western;;;;;;;;;;;;;x
c_westguard_adj;Westguardian;;;;;;;;;;;;;x
c_westjeral;West Jeral;;;;;;;;;;;;;x
c_westjeral_adj;West Jeral;;;;;;;;;;;;;x
c_weye;Weye;;;;;;;;;;;;;x
c_weye_adj;Weyen;;;;;;;;;;;;;x
c_whiteguard;Whiteguard;;;;;;;;;;;;;x
c_whiteguard_adj;Whiteguard;;;;;;;;;;;;;x
c_whitehaven;Whitehaven;;;;;;;;;;;;;x
c_whitehaven_adj;Whitehaven;;;;;;;;;;;;;x
c_whiterun;Whiterun;;;;;;;;;;;;;x
c_whiterun_adj;Whiterunner;;;;;;;;;;;;;x
c_whitewatch_adj;Whitewatcher;;;;;;;;;;;;;x
c_wiali;Wiali;;;;;;;;;;;;;x
c_wiali_adj;Wialian;;;;;;;;;;;;;x
c_wildheart;Archen Cormount;;;;;;;;;;;;;x
c_wildheart_adj;Cormounten;;;;;;;;;;;;;x
c_willowind;Willowind;;;;;;;;;;;;;x
c_willowind_adj;Willowind;;;;;;;;;;;;;x
c_winterwind;Gallowrock;;;;;;;;;;;;;x
c_winterwind_adj;Gallowrock;;;;;;;;;;;;;x
c_windhelm;Windhelm;;;;;;;;;;;;;x
c_windhelm_adj;Windhelmer;;;;;;;;;;;;;x
c_winterhold;Winterhold;;;;;;;;;;;;;x
c_winterhold_adj;Winterhold;;;;;;;;;;;;;x
c_wirewood;Wirewood;;;;;;;;;;;;;x
c_wirewood_adj;Wirewood;;;;;;;;;;;;;x
c_haynote;Haynote;;;;;;;;;;;;;x
c_haynote_adj;Haynotian;;;;;;;;;;;;;x
c_woodenhand;Woodenhand;;;;;;;;;;;;;x
c_woodenhand_adj;Woodenhand;;;;;;;;;;;;;x
c_woodhearth;Woodhearth;;;;;;;;;;;;;x
c_woodhearth_adj;Woodhearth;;;;;;;;;;;;;x
c_woodroot;Woodroot;;;;;;;;;;;;;x
c_woodroot_adj;Woodrooter;;;;;;;;;;;;;x
c_wrothgarian;Wrothgarian;;;;;;;;;;;;;x
c_wrothgarian_adj;Wrothgarian;;;;;;;;;;;;;x
c_xoumiannodo;Xou-Mian-Nodo;;;;;;;;;;;;;x
c_xoumiannodo_adj;Xou-Mian-Nodoic;;;;;;;;;;;;;x
c_xouwiap;Xouwiap;;;;;;;;;;;;;x
c_xouwiap_adj;Xouwiapic;;;;;;;;;;;;;x
c_xuopia;Xuo Pia;;;;;;;;;;;;;x
c_xuopia_adj;Xuo Piaic;;;;;;;;;;;;;x
c_yellowtick;Yellowtick;;;;;;;;;;;;;x
c_yellowtick_adj;Yellowtick;;;;;;;;;;;;;x
c_ykalon;Ykalon;;;;;;;;;;;;;x
c_ykalon_adj;Ykalonian;;;;;;;;;;;;;x
c_ynrah;Ynrah;;;;;;;;;;;;;x
c_ynrah_adj;Ynrahan;;;;;;;;;;;;;x
c_yntao;Yntao;;;;;;;;;;;;;x
c_yntao_adj;Yntaoi;;;;;;;;;;;;;x
c_zafirbel;Zafirbel Bay;;;;;;;;;;;;;x
c_zafirbel_adj;Zafirbel;;;;;;;;;;;;;x
c_zahedann;Zahedann;;;;;;;;;;;;;x
c_zahedann_adj;Zahed;;;;;;;;;;;;;x
c_zedaya;Zedaya;;;;;;;;;;;;;x
c_zedaya_adj;Zedaya;;;;;;;;;;;;;x
c_zekota;Zekota;;;;;;;;;;;;;x
c_zekota_adj;Zekota;;;;;;;;;;;;;x
c_vindovona;Vindovona;;;;;;;;;;;;;x
c_vindovona_adj;Vindovona;;;;;;;;;;;;;x
c_dartus;Dartus;;;;;;;;;;;;;x
c_dartus_adj;Dartus;;;;;;;;;;;;;x
c_meggedo;Meggedo;;;;;;;;;;;;;x
c_meggedo_adj;Meggedo;;;;;;;;;;;;;x
c_rasputia;Rasputia;;;;;;;;;;;;;x
c_rasputia_adj;Rasputia;;;;;;;;;;;;;x
c_nacturwal;Nacturwal;;;;;;;;;;;;;x
c_nacturwal_adj;Nacturwal;;;;;;;;;;;;;x
c_sachervois;Sachervois;;;;;;;;;;;;;x
c_sachervois_adj;Sachervois;;;;;;;;;;;;;x
c_jabiem;Jabiem;;;;;;;;;;;;;x
c_jabiem_adj;Jabiem;;;;;;;;;;;;;x
c_bermanchu;Bermanchu;;;;;;;;;;;;;x
c_bermanchu_adj;Bermanchu;;;;;;;;;;;;;x
c_teigmins;Teigmins;;;;;;;;;;;;;x
c_teigmins_adj;Teigmins;;;;;;;;;;;;;x
c_saendur;Saendur;;;;;;;;;;;;;x
c_saendur_adj;Saendur;;;;;;;;;;;;;x
c_ceblint;Ceblint;;;;;;;;;;;;;x
c_ceblint_adj;Ceblint;;;;;;;;;;;;;x
c_hofsebland;Hofsebland;;;;;;;;;;;;;x
c_hofsebland_adj;Hofsebland;;;;;;;;;;;;;x
c_derwatux;Derwatux;;;;;;;;;;;;;x
c_derwatux_adj;Derwatux;;;;;;;;;;;;;x
c_guav;Guav;;;;;;;;;;;;;x
c_guav_adj;Guav;;;;;;;;;;;;;x
c_zerhov;Zerhov;;;;;;;;;;;;;x
c_zerhov_adj;Zerhov;;;;;;;;;;;;;x
c_aglon;Aglon;;;;;;;;;;;;;x
c_aglon_adj;Aglon;;;;;;;;;;;;;x
c_leukaster;Leukaster;;;;;;;;;;;;;x
c_leukaster_adj;Leukaster;;;;;;;;;;;;;x
c_ruagr;Ruagr;;;;;;;;;;;;;x
c_ruagr_adj;Ruagr;;;;;;;;;;;;;x
c_bremozan;Bremozan;;;;;;;;;;;;;x
c_bremozan_adj;Bremozan;;;;;;;;;;;;;x
c_frunini;Frunini;;;;;;;;;;;;;x
c_frunini_adj;Frunini;;;;;;;;;;;;;x
c_echwatom;Echwatom;;;;;;;;;;;;;x
c_echwatom_adj;Echwatom;;;;;;;;;;;;;x
c_absareg;Absareg;;;;;;;;;;;;;x
c_absareg_adj;Absareg;;;;;;;;;;;;;x
c_kerchu;Kerchu;;;;;;;;;;;;;x
c_kerchu_adj;Kerchu;;;;;;;;;;;;;x
c_uttarsodes;Uttarsodes;;;;;;;;;;;;;x
c_uttarsodes_adj;Uttarsodes;;;;;;;;;;;;;x
c_momo;Momo;;;;;;;;;;;;;x
c_momo_adj;Momo;;;;;;;;;;;;;x
c_jurad;Jurad;;;;;;;;;;;;;x
c_jurad_adj;Jurad;;;;;;;;;;;;;x
c_oziriv;Oziriv;;;;;;;;;;;;;x
c_oziriv_adj;Oziriv;;;;;;;;;;;;;x
c_thomir;Thomir;;;;;;;;;;;;;x
c_thomir_adj;Thomir;;;;;;;;;;;;;x
c_huipa;Huipa;;;;;;;;;;;;;x
c_huipa_adj;Huipa;;;;;;;;;;;;;x
c_mustaggor;Mustaggor;;;;;;;;;;;;;x
c_mustaggor_adj;Mustaggor;;;;;;;;;;;;;x
c_tonberg;Tonberg;;;;;;;;;;;;;x
c_tonberg_adj;Tonberg;;;;;;;;;;;;;x
c_peuta;Peuta;;;;;;;;;;;;;x
c_peuta_adj;Peuta;;;;;;;;;;;;;x
c_xedova;Xedova;;;;;;;;;;;;;x
c_xedova_adj;Xedova;;;;;;;;;;;;;x
c_actmoran;Actmoran;;;;;;;;;;;;;x
c_actmoran_adj;Actmoran;;;;;;;;;;;;;x
c_sibuantes;Sibuantes;;;;;;;;;;;;;x
c_sibuantes_adj;Sibuantes;;;;;;;;;;;;;x
c_decca;Decca;;;;;;;;;;;;;x
c_decca_adj;Decca;;;;;;;;;;;;;x
c_qurom;Qurom;;;;;;;;;;;;;x
c_qurom_adj;Qurom;;;;;;;;;;;;;x
c_liwhed;Liwhed;;;;;;;;;;;;;x
c_liwhed_adj;Liwhedian;;;;;;;;;;;;;x
c_liwhed_desc;Liwhed;;;;;;;;;;;;;x
c_kanuj;Kanuj;;;;;;;;;;;;;x
c_kanuj_adj;Kanuj;;;;;;;;;;;;;x
c_robsana;Robsana;;;;;;;;;;;;;x
c_robsana_adj;Robsana;;;;;;;;;;;;;x
c_gheintoras;Gheintoras;;;;;;;;;;;;;x
c_gheintoras_adj;Gheintoras;;;;;;;;;;;;;x
c_hunnori;Hunnori;;;;;;;;;;;;;x
c_hunnori_adj;Hunnori;;;;;;;;;;;;;x
c_fugezun;Fugezun;;;;;;;;;;;;;x
c_fugezun_adj;Fugezun;;;;;;;;;;;;;x
c_xaddes;Xaddes;;;;;;;;;;;;;x
c_xaddes_adj;Xaddes;;;;;;;;;;;;;x
c_colube;Colube;;;;;;;;;;;;;x
c_colube_adj;Colube;;;;;;;;;;;;;x
c_loduga;Loduga;;;;;;;;;;;;;x
c_loduga_adj;Loduga;;;;;;;;;;;;;x
c_sarranof;Sarranof;;;;;;;;;;;;;x
c_sarranof_adj;Sarranof;;;;;;;;;;;;;x
c_luki;Luki;;;;;;;;;;;;;x
c_luki_adj;Luki;;;;;;;;;;;;;x
c_edgon;Edgon;;;;;;;;;;;;;x
c_edgon_adj;Edgon;;;;;;;;;;;;;x
c_siuppa;Siuppa;;;;;;;;;;;;;x
c_siuppa_adj;Siuppa;;;;;;;;;;;;;x
c_ijuben;Ijuben;;;;;;;;;;;;;x
c_ijuben_adj;Ijuben;;;;;;;;;;;;;x
c_cintra;Cintra;;;;;;;;;;;;;x
c_cintra_adj;Cintra;;;;;;;;;;;;;x
c_tacahan;Tacahan;;;;;;;;;;;;;x
c_tacahan_adj;Tacahan;;;;;;;;;;;;;x
c_wyai;Wyai;;;;;;;;;;;;;x
c_wyai_adj;Wyai;;;;;;;;;;;;;x
c_rubisol;Rubisol;;;;;;;;;;;;;x
c_rubisol_adj;Rubisol;;;;;;;;;;;;;x
c_irroza;Irroza;;;;;;;;;;;;;x
c_irroza_adj;Irroza;;;;;;;;;;;;;x
c_ante-castel;Ante Castel;;;;;;;;;;;;;x
c_ante-castel_adj;Ante Castel;;;;;;;;;;;;;x
c_aftir;Aftir;;;;;;;;;;;;;x
c_aftir_adj;Aftirian;;;;;;;;;;;;;x
c_fudden;Fudden;;;;;;;;;;;;;x
c_fudden_adj;Fuddenite;;;;;;;;;;;;;x
c_jisna;Jisna;;;;;;;;;;;;;x
c_jisna_adj;Jisnan;;;;;;;;;;;;;x
c_leqube;Leqube;;;;;;;;;;;;;x
c_leqube_adj;Lequbian;;;;;;;;;;;;;x
c_ibvoc;Ibvoc;;;;;;;;;;;;;x
c_ibvoc_adj;Ibvocian;;;;;;;;;;;;;x
c_cungebes;Cungebes;;;;;;;;;;;;;x
c_cungebes_adj;Cungebesite;;;;;;;;;;;;;x
c_rupdala;Rupdala;;;;;;;;;;;;;x
c_rupdala_adj;Rupdalite;;;;;;;;;;;;;x
c_eskotan;Eskotan;;;;;;;;;;;;;x
c_eskotan_adj;Eskotanian;;;;;;;;;;;;;x
c_ruzag;Ruzag;;;;;;;;;;;;;x
c_ruzag_adj;Ruzagian;;;;;;;;;;;;;x
c_ruzag_desc;Ruzag;;;;;;;;;;;;;x
c_demdinu;Demdinu;;;;;;;;;;;;;x
c_demdinu_adj;Demdinuan;;;;;;;;;;;;;x
c_ponvula;Ponvula;;;;;;;;;;;;;x
c_ponvula_adj;Ponvulite;;;;;;;;;;;;;x
c_kayor;Kayor;;;;;;;;;;;;;x
c_kayor_adj;Kayorian;;;;;;;;;;;;;x
c_luvien;Luvien;;;;;;;;;;;;;x
c_luvien_adj;Luviennite;;;;;;;;;;;;;x
c_kimmodar;Kimmodar;;;;;;;;;;;;;x
c_kimmodar_adj;Kimmodarian;;;;;;;;;;;;;x
c_nanruse;Nanruse;;;;;;;;;;;;;x
c_nanruse_adj;Nanrusian;;;;;;;;;;;;;x
c_hobzal;Hobzal;;;;;;;;;;;;;x
c_hobzal_adj;Hobzalian;;;;;;;;;;;;;x
c_saruxo;Saruxo;;;;;;;;;;;;;x
c_saruxo_adj;Saruxite;;;;;;;;;;;;;x
c_onimat;Onimat;;;;;;;;;;;;;x
c_onimat_adj;Onimatian;;;;;;;;;;;;;x
c_belorca;Belorca;;;;;;;;;;;;;x
c_belorca_adj;Belorca;;;;;;;;;;;;;x
c_axeland;Axeland;;;;;;;;;;;;;x
c_axeland_adj;Axelandian;;;;;;;;;;;;;x
c_gersaj;Gersaj;;;;;;;;;;;;;x
c_gersaj_adj;Gersaj;;;;;;;;;;;;;x
c_atvuse;Atvuse;;;;;;;;;;;;;x
c_atvuse_adj;Atvuse;;;;;;;;;;;;;x
c_uyopa;Uyopa;;;;;;;;;;;;;x
c_uyopa_adj;Uyopa;;;;;;;;;;;;;x
c_landmars;Landmars;;;;;;;;;;;;;x
c_landmars_adj;Landmars;;;;;;;;;;;;;x
c_boladir;Boladir;;;;;;;;;;;;;x
c_boladir_adj;Boladir;;;;;;;;;;;;;x
c_asaria;Asaria;;;;;;;;;;;;;x
c_asaria_adj;Asaria;;;;;;;;;;;;;x
c_tael;Tael;;;;;;;;;;;;;x
c_tael_adj;Tael;;;;;;;;;;;;;x
c_ralart;Ralart;;;;;;;;;;;;;x
c_ralart_adj;Ralart;;;;;;;;;;;;;x
c_kisonne;Kisonne;;;;;;;;;;;;;x
c_kisonne_adj;Kisonne;;;;;;;;;;;;;x
c_kahler;Kahler;;;;;;;;;;;;;x
c_kahler_adj;Kahler;;;;;;;;;;;;;x
c_salemir;Salemir;;;;;;;;;;;;;x
c_salemir_adj;Salemir;;;;;;;;;;;;;x
c_ufan;Ufan;;;;;;;;;;;;;x
c_ufan_adj;Ufan;;;;;;;;;;;;;x
c_raliel;Raliel;;;;;;;;;;;;;x
c_raliel_adj;Raliel;;;;;;;;;;;;;x
c_runaria;Runaria;;;;;;;;;;;;;x
c_runaria_adj;Runarian;;;;;;;;;;;;;x
c_wemot;Wemot;;;;;;;;;;;;;x
c_wemot_adj;Wemotian;;;;;;;;;;;;;x
c_sonemir;Sonemir;;;;;;;;;;;;;x
c_sonemir_adj;Sonemir;;;;;;;;;;;;;x
c_aloremir;Aloremir;;;;;;;;;;;;;x
c_aloremir_adj;Aloremir;;;;;;;;;;;;;x
c_qunabhan;Qunabhan;;;;;;;;;;;;;x
c_qunabhan_adj;Qunabhan;;;;;;;;;;;;;x
c_esabhan;Esabhan;;;;;;;;;;;;;x
c_esabhan_adj;Esabhan;;;;;;;;;;;;;x
c_sisart;Sisart;;;;;;;;;;;;;x
c_sisart_adj;Sisart;;;;;;;;;;;;;x
c_udnarc;Udnarc;;;;;;;;;;;;;x
c_udnarc_adj;Udnarc;;;;;;;;;;;;;x
c_temomon;Temomon;;;;;;;;;;;;;x
c_temomon_adj;Temomon;;;;;;;;;;;;;x
c_baud;Baud;;;;;;;;;;;;;x
c_baud_adj;Baud;;;;;;;;;;;;;x
c_alinaud;Alinaud;;;;;;;;;;;;;x
c_alinaud_adj;Alinaud;;;;;;;;;;;;;x
c_remada;Remada;;;;;;;;;;;;;x
c_remada_adj;Remada;;;;;;;;;;;;;x
c_remada_desc;Remada;;;;;;;;;;;;;x
c_boronde;Boronde;;;;;;;;;;;;;x
c_boronde_adj;Boronde;;;;;;;;;;;;;x
c_abalonne;Abalonne;;;;;;;;;;;;;x
c_abalonne_adj;Abalonne;;;;;;;;;;;;;x
c_nisanis;Nisanis;;;;;;;;;;;;;x
c_nisanis_adj;Nisanis;;;;;;;;;;;;;x
c_karia;Karia;;;;;;;;;;;;;x
c_karia_adj;Karia;;;;;;;;;;;;;x
c_esot;Esot;;;;;;;;;;;;;x
c_esot_adj;Esot;;;;;;;;;;;;;x
c_kunonde;Kunonde;;;;;;;;;;;;;x
c_kunonde_adj;Kunonde;;;;;;;;;;;;;x
c_sisiel;Sisiel;;;;;;;;;;;;;x
c_sisiel_adj;Sisiel;;;;;;;;;;;;;x
c_rihaod;Rihaod;;;;;;;;;;;;;x
c_rihaod_adj;Rihaod;;;;;;;;;;;;;x
c_bisart;Bisart;;;;;;;;;;;;;x
c_bisart_adj;Bisart;;;;;;;;;;;;;x
c_yepoz;Yepoz;;;;;;;;;;;;;x
c_yepoz_adj;Yepoz;;;;;;;;;;;;;x
c_rananis;Rananis;;;;;;;;;;;;;x
c_rananis_adj;Rananis;;;;;;;;;;;;;x
c_adatugel;Adatugel;;;;;;;;;;;;;x
c_adatugel_adj;Adatugel;;;;;;;;;;;;;x
c_ezbidon;Ezbidon;;;;;;;;;;;;;x
c_ezbidon_adj;Ezbidon;;;;;;;;;;;;;x
c_tayahan;Tayahan;;;;;;;;;;;;;x
c_tayahan_adj;Tayahan;;;;;;;;;;;;;x
c_vupra;Vupra;;;;;;;;;;;;;x
c_vupra_adj;Vupra;;;;;;;;;;;;;x
c_eroneran;Eroneran;;;;;;;;;;;;;x
c_eroneran_adj;Eroneran;;;;;;;;;;;;;x
c_remasin;Remasin;;;;;;;;;;;;;x
c_remasin_adj;Remasin;;;;;;;;;;;;;x
c_kanory;Kanory;;;;;;;;;;;;;x
c_kanory_adj;Kanory;;;;;;;;;;;;;x
c_evareran;Evareran;;;;;;;;;;;;;x
c_evareran_adj;Evareran;;;;;;;;;;;;;x
c_diel;Diel;;;;;;;;;;;;;x
c_diel_adj;Diel;;;;;;;;;;;;;x
c_datudur;Datudur;;;;;;;;;;;;;x
c_datudur_adj;Datudur;;;;;;;;;;;;;x
c_egalaria;Egalaria;;;;;;;;;;;;;x
c_egalaria_adj;Egalaria;;;;;;;;;;;;;x
c_baxita;Baxita;;;;;;;;;;;;;x
c_baxita_adj;Baxita;;;;;;;;;;;;;x
c_wirika;Wirika;;;;;;;;;;;;;x
c_wirika_adj;Wirika;;;;;;;;;;;;;x
c_razna;Razna;;;;;;;;;;;;;x
c_razna_adj;Razna;;;;;;;;;;;;;x
c_quarm;Quarm;;;;;;;;;;;;;x
c_quarm_adj;Quarm;;;;;;;;;;;;;x
c_kulory;Kulory;;;;;;;;;;;;;x
c_kulory_adj;Kulory;;;;;;;;;;;;;x
c_nenard;Nenard;;;;;;;;;;;;;x
c_nenard_adj;Nenard;;;;;;;;;;;;;x
c_nudur;Nudur;;;;;;;;;;;;;x
c_nudur_adj;Nudur;;;;;;;;;;;;;x
c_lijita;Lijita;;;;;;;;;;;;;x
c_lijita_adj;Lijita;;;;;;;;;;;;;x
c_ezbana;Ezbana;;;;;;;;;;;;;x
c_ezbana_adj;Ezbana;;;;;;;;;;;;;x
c_bozudur;Bozudur;;;;;;;;;;;;;x
c_bozudur_adj;Bozudur;;;;;;;;;;;;;x
c_ozcalar;Ozcalar;;;;;;;;;;;;;x
c_ozcalar_adj;Ozcalar;;;;;;;;;;;;;x
c_daxakti;Daxakti;;;;;;;;;;;;;x
c_daxakti_adj;Daxakti;;;;;;;;;;;;;x
c_nodael;Nodael;;;;;;;;;;;;;x
c_nodael_adj;Nodael;;;;;;;;;;;;;x
c_suasgi;Suasgi;;;;;;;;;;;;;x
c_suasgi_adj;Suasgi;;;;;;;;;;;;;x
c_apapidon;Apapidon;;;;;;;;;;;;;x
c_apapidon_adj;Apapidon;;;;;;;;;;;;;x
c_kagoja;Kagoja;;;;;;;;;;;;;x
c_kagoja_adj;Kagoja;;;;;;;;;;;;;x
c_ragaret;Ragaret;;;;;;;;;;;;;x
c_ragaret_adj;Ragaret;;;;;;;;;;;;;x
c_abodarim;Abodarim;;;;;;;;;;;;;x
c_abodarim_adj;Abodarim;;;;;;;;;;;;;x
c_bavana;Bavana;;;;;;;;;;;;;x
c_bavana_adj;Bavana;;;;;;;;;;;;;x
c_lirew;Lirew;;;;;;;;;;;;;x
c_lirew_adj;Lirew;;;;;;;;;;;;;x
c_qileuta;Qileuta;;;;;;;;;;;;;x
c_qileuta_adj;Qileuta;;;;;;;;;;;;;x
c_wevalla;Wevalla;;;;;;;;;;;;;x
c_wevalla_adj;Wevalla;;;;;;;;;;;;;x
c_kegeid;Kegeid;;;;;;;;;;;;;x
c_kegeid_adj;Kegeid;;;;;;;;;;;;;x
c_sali;Sali;;;;;;;;;;;;;x
c_sali_adj;Sali;;;;;;;;;;;;;x
c_qilidon;Qilidon;;;;;;;;;;;;;x
c_qilidon_adj;Qilidon;;;;;;;;;;;;;x
c_negoti;Negoti;;;;;;;;;;;;;x
c_negoti_adj;Negoti;;;;;;;;;;;;;x
c_tapita;Tapita;;;;;;;;;;;;;x
c_tapita_adj;Tapita;;;;;;;;;;;;;x
c_lazcadon;Lazcadon;;;;;;;;;;;;;x
c_lazcadon_adj;Lazcadon;;;;;;;;;;;;;x
c_avitri;Avitri;;;;;;;;;;;;;x
c_avitri_adj;Avitri;;;;;;;;;;;;;x
c_qevalla;Qevalla;;;;;;;;;;;;;x
c_qevalla_adj;Qevalla;;;;;;;;;;;;;x
c_ciseid;Ciseid;;;;;;;;;;;;;x
c_ciseid_adj;Ciseid;;;;;;;;;;;;;x
c_kazaton;Kazaton;;;;;;;;;;;;;x
c_kazaton_adj;Kazaton;;;;;;;;;;;;;x
c_koptar;Koptar;;;;;;;;;;;;;x
c_koptar_adj;Koptar;;;;;;;;;;;;;x
c_badari;Badari;;;;;;;;;;;;;x
c_badari_adj;Badari;;;;;;;;;;;;;x
c_badari_desc;Badari;;;;;;;;;;;;;x
c_rodoti;Rodoti;;;;;;;;;;;;;x
c_rodoti_adj;Rodoti;;;;;;;;;;;;;x
c_daveid;Daveid;;;;;;;;;;;;;x
c_daveid_adj;Daveid;;;;;;;;;;;;;x
c_nivush;Nivush;;;;;;;;;;;;;x
c_nivush_adj;Nivush;;;;;;;;;;;;;x
c_timoti;Timoti;;;;;;;;;;;;;x
c_timoti_adj;Timoti;;;;;;;;;;;;;x
c_wuryamal;Wuryamal;;;;;;;;;;;;;x
c_wuryamal_adj;Wuryamal;;;;;;;;;;;;;x
c_lavaton;Lavaton;;;;;;;;;;;;;x
c_lavaton_adj;Lavaton;;;;;;;;;;;;;x
c_kanoti;Kanoti;;;;;;;;;;;;;x
c_kanoti_adj;Kanoti;;;;;;;;;;;;;x
c_bahitri;Bahitri;;;;;;;;;;;;;x
c_bahitri_adj;Bahitri;;;;;;;;;;;;;x
c_emevush;Emevush;;;;;;;;;;;;;x
c_emevush_adj;Emevush;;;;;;;;;;;;;x
c_kageuta;Kageuta;;;;;;;;;;;;;x
c_kageuta_adj;Kageuta;;;;;;;;;;;;;x
c_sodeuta;Sodeuta;;;;;;;;;;;;;x
c_sodeuta_adj;Sodeuta;;;;;;;;;;;;;x
c_lahank;Lahank;;;;;;;;;;;;;x
c_lahank_adj;Lahank;;;;;;;;;;;;;x
c_qavar;Qavar;;;;;;;;;;;;;x
c_qavar_adj;Qavar;;;;;;;;;;;;;x
c_ascedros;Ascedros;;;;;;;;;;;;;x
c_ascedros_adj;Ascedros;;;;;;;;;;;;;x
c_mopellez;Mopellez;;;;;;;;;;;;;x
c_mopellez_adj;Mopellez;;;;;;;;;;;;;x
c_arivirek;Arivirek;;;;;;;;;;;;;x
c_arivirek_adj;Arivirek;;;;;;;;;;;;;x
c_ravaret;Ravaret;;;;;;;;;;;;;x
c_ravaret_adj;Ravaret;;;;;;;;;;;;;x
c_usvice;Usvice;;;;;;;;;;;;;x
c_usvice_adj;Usvice;;;;;;;;;;;;;x
c_sirgon;Sirgon;;;;;;;;;;;;;x
c_sirgon_adj;Sirgon;;;;;;;;;;;;;x
c_adunery;Adunery;;;;;;;;;;;;;x
c_adunery_adj;Adunery;;;;;;;;;;;;;x
c_helbida;Helbida;;;;;;;;;;;;;x
c_helbida_adj;Helbida;;;;;;;;;;;;;x
c_helbida_desc;Helbida;;;;;;;;;;;;;x
c_dapeid;Dapeid;;;;;;;;;;;;;x
c_dapeid_adj;Dapeid;;;;;;;;;;;;;x
c_wuisush;Wuisush;;;;;;;;;;;;;x
c_wuisush_adj;Wuisush;;;;;;;;;;;;;x
c_nagarim;Nagarim;;;;;;;;;;;;;x
c_nagarim_adj;Nagarim;;;;;;;;;;;;;x
c_turena;Turena;;;;;;;;;;;;;x
c_turena_adj;Turena;;;;;;;;;;;;;x
c_duatti;Duatti;;;;;;;;;;;;;x
c_duatti_adj;Duatti;;;;;;;;;;;;;x
c_waxidon;Waxidon;;;;;;;;;;;;;x
c_waxidon_adj;Waxidon;;;;;;;;;;;;;x
c_keta;Keta;;;;;;;;;;;;;x
c_keta_adj;Keta;;;;;;;;;;;;;x
c_laharet;Laharet;;;;;;;;;;;;;x
c_laharet_adj;Laharet;;;;;;;;;;;;;x
c_kimush;Kimush;;;;;;;;;;;;;x
c_kimush_adj;Kimush;;;;;;;;;;;;;x
c_fregacy;Fregacy;;;;;;;;;;;;;x
c_fregacy_adj;Fregacy;;;;;;;;;;;;;x
c_bazakti;Bazakti;;;;;;;;;;;;;x
c_bazakti_adj;Bazakti;;;;;;;;;;;;;x
c_esceta;Esceta;;;;;;;;;;;;;x
c_esceta_adj;Esceta;;;;;;;;;;;;;x
c_woja;Woja;;;;;;;;;;;;;x
c_woja_adj;Woja;;;;;;;;;;;;;x
c_qahitri;Qahitri;;;;;;;;;;;;;x
c_qahitri_adj;Qahitri;;;;;;;;;;;;;x
c_kodeta;Kodeta;;;;;;;;;;;;;x
c_kodeta_adj;Kodeta;;;;;;;;;;;;;x
c_zaveid;Zaveid;;;;;;;;;;;;;x
c_zaveid_adj;Zaveid;;;;;;;;;;;;;x
c_lagita;Lagita;;;;;;;;;;;;;x
c_lagita_adj;Lagita;;;;;;;;;;;;;x
c_cirzen;Cirzen;;;;;;;;;;;;;x
c_cirzen_adj;Cirzen;;;;;;;;;;;;;x
c_kodakti;Kodakti;;;;;;;;;;;;;x
c_kodakti_adj;Kodaktian;;;;;;;;;;;;;x
c_hebrat;Hebrat;;;;;;;;;;;;;x
c_hebrat_adj;Hebrat;;;;;;;;;;;;;x
c_disama;Disama;;;;;;;;;;;;;x
c_disama_adj;Disama;;;;;;;;;;;;;x
c_ratoti;Ratoti;;;;;;;;;;;;;x
c_ratoti_adj;Ratoti;;;;;;;;;;;;;x
c_aboden;Aboden;;;;;;;;;;;;;x
c_aboden_adj;Aboden;;;;;;;;;;;;;x
c_rostov;Rostov;;;;;;;;;;;;;x
c_rostov_adj;Rostov;;;;;;;;;;;;;x
c_juatri;Juatri;;;;;;;;;;;;;x
c_juatri_adj;Juatri;;;;;;;;;;;;;x
c_tevama;Tevama;;;;;;;;;;;;;x
c_tevama_adj;Tevama;;;;;;;;;;;;;x
c_mafgos;Mafgos;;;;;;;;;;;;;x
c_mafgos_adj;Mafgos;;;;;;;;;;;;;x
c_bavyamal;Bavyamal;;;;;;;;;;;;;x
c_bavyamal_adj;Bavyamal;;;;;;;;;;;;;x
c_nevalla;Nevalla;;;;;;;;;;;;;x
c_nevalla_adj;Nevalla;;;;;;;;;;;;;x
c_ebzin;Ebzin;;;;;;;;;;;;;x
c_ebzin_adj;Ebzin;;;;;;;;;;;;;x
c_tavaret;Tavaret;;;;;;;;;;;;;x
c_tavaret_adj;Tavaret;;;;;;;;;;;;;x
c_kanush;Kanush;;;;;;;;;;;;;x
c_kanush_adj;Kanush;;;;;;;;;;;;;x
c_kogeborg;Kogeborg;;;;;;;;;;;;;x
c_kogeborg_adj;Kogeborg;;;;;;;;;;;;;x
c_tavoti;Tavoti;;;;;;;;;;;;;x
c_tavoti_adj;Tavoti;;;;;;;;;;;;;x
c_kivaton;Kivaton;;;;;;;;;;;;;x
c_kivaton_adj;Kivaton;;;;;;;;;;;;;x
c_qanama;Qanama;;;;;;;;;;;;;x
c_qanama_adj;Qanama;;;;;;;;;;;;;x
c_qanama_desc;Qanama;;;;;;;;;;;;;x
c_zuisush;Zuisush;;;;;;;;;;;;;x
c_zuisush_adj;Zuisush;;;;;;;;;;;;;x
c_qazoti;Qazoti;;;;;;;;;;;;;x
c_qazoti_adj;Qazoti;;;;;;;;;;;;;x
c_udirek;Udirek;;;;;;;;;;;;;x
c_udirek_adj;Udirek;;;;;;;;;;;;;x
c_nahena;Nahena;;;;;;;;;;;;;x
c_nahena_adj;Nahena;;;;;;;;;;;;;x
c_obanis;Obanis;;;;;;;;;;;;;x
c_obanis_adj;Obanis;;;;;;;;;;;;;x
c_jartalos;Jartalos;;;;;;;;;;;;;x
c_jartalos_adj;Jartalos;;;;;;;;;;;;;x
c_gemonde;Gemonde;;;;;;;;;;;;;x
c_gemonde_adj;Gemonde;;;;;;;;;;;;;x
c_bromile;Bromile;;;;;;;;;;;;;x
c_bromile_adj;Bromile;;;;;;;;;;;;;x
c_keini;Keini;;;;;;;;;;;;;x
c_keini_adj;Keini;;;;;;;;;;;;;x
c_semaud;Semaud;;;;;;;;;;;;;x
c_semaud_adj;Semaud;;;;;;;;;;;;;x
c_bemeran;Bemeran;;;;;;;;;;;;;x
c_bemeran_adj;Bemeran;;;;;;;;;;;;;x
c_kolonne;Kolonne;;;;;;;;;;;;;x
c_kolonne_adj;Kolonne;;;;;;;;;;;;;x
c_kidon;Kidon;;;;;;;;;;;;;x
c_kidon_adj;Kidon;;;;;;;;;;;;;x
c_bamish;Bamish;;;;;;;;;;;;;x
c_bamish_adj;Bamish;;;;;;;;;;;;;x
c_hazdul;Hazdul;;;;;;;;;;;;;x
c_hazdul_adj;Hazdul;;;;;;;;;;;;;x
c_fokar;Fokar;;;;;;;;;;;;;x
c_fokar_adj;Fokar;;;;;;;;;;;;;x
c_japis;Japis;;;;;;;;;;;;;x
c_japis_adj;Japis;;;;;;;;;;;;;x
c_amaharet;Amaharet;;;;;;;;;;;;;x
c_amaharet_adj;Amaharet;;;;;;;;;;;;;x
c_akosidon;Akosidon;;;;;;;;;;;;;x
c_akosidon_adj;Akosidon;;;;;;;;;;;;;x
c_bosoja;Bosoja;;;;;;;;;;;;;x
c_bosoja_adj;Bosoja;;;;;;;;;;;;;x
c_ruart;Ruart;;;;;;;;;;;;;x
c_ruart_adj;Ruart;;;;;;;;;;;;;x
c_abroi;Abroi;;;;;;;;;;;;;x
c_abroi_adj;Abroi;;;;;;;;;;;;;x
c_lagovmas;Lagovmas;;;;;;;;;;;;;x
c_lagovmas_adj;Lagovmas;;;;;;;;;;;;;x
c_tuatri;Tuatri;;;;;;;;;;;;;x
c_tuatri_adj;Tuatri;;;;;;;;;;;;;x
c_dorman;Dorman;;;;;;;;;;;;;x
c_dorman_adj;Dorman;;;;;;;;;;;;;x
c_mumenid;Mumenid;;;;;;;;;;;;;x
c_mumenid_adj;Mumenid;;;;;;;;;;;;;x
c_suadn;Suadn;;;;;;;;;;;;;x
c_suadn_adj;Suadn;;;;;;;;;;;;;x
c_ravali;Ravali;;;;;;;;;;;;;x
c_ravali_adj;Ravali;;;;;;;;;;;;;x
c_giedon;Giedon;;;;;;;;;;;;;x
c_giedon_adj;Giedon;;;;;;;;;;;;;x
c_amazidon;Amazidon;;;;;;;;;;;;;x
c_amazidon_adj;Amazidon;;;;;;;;;;;;;x
c_ascoja;Ascoja;;;;;;;;;;;;;x
c_ascoja_adj;Ascoja;;;;;;;;;;;;;x
c_hanaret;Hanaret;;;;;;;;;;;;;x
c_hanaret_adj;Hanaret;;;;;;;;;;;;;x
c_ryavana;Ryavana;;;;;;;;;;;;;x
c_ryavana_adj;Ryavana;;;;;;;;;;;;;x
c_savush;Savush;;;;;;;;;;;;;x
c_savush_adj;Savush;;;;;;;;;;;;;x
c_kagarim;Kagarim;;;;;;;;;;;;;x
c_kagarim_adj;Kagarim;;;;;;;;;;;;;x
c_wattubes;Wattubes;;;;;;;;;;;;;x
c_wattubes_adj;Wattubes;;;;;;;;;;;;;x
c_tyaotana;Tyaotana;;;;;;;;;;;;;x
c_tyaotana_adj;Tyaotana;;;;;;;;;;;;;x
c_razcakti;Razcakti;;;;;;;;;;;;;x
c_razcakti_adj;Razcakti;;;;;;;;;;;;;x
c_sinapo;Sinapo;;;;;;;;;;;;;x
c_sinapo_adj;Sinapo;;;;;;;;;;;;;x
c_nuisar;Nuisar;;;;;;;;;;;;;x
c_nuisar_adj;Nuisar;;;;;;;;;;;;;x
c_pantu;Pantu;;;;;;;;;;;;;x
c_pantu_adj;Pantu;;;;;;;;;;;;;x
c_osdubar;Osdubar;;;;;;;;;;;;;x
c_osdubar_adj;Osdubar;;;;;;;;;;;;;x
c_kacelat;Kacelat;;;;;;;;;;;;;x
c_kacelat_adj;Kacelat;;;;;;;;;;;;;x
c_eram;Eram;;;;;;;;;;;;;x
c_eram_adj;Eram;;;;;;;;;;;;;x
c_tajama;Tajama;;;;;;;;;;;;;x
c_tajama_adj;Tajama;;;;;;;;;;;;;x
c_zobuna;Zobuna;;;;;;;;;;;;;x
c_zobuna_adj;Zobuna;;;;;;;;;;;;;x
c_ceyrus;Ceyrus;;;;;;;;;;;;;x
c_ceyrus_adj;Ceyrus;;;;;;;;;;;;;x
c_buddefor;Buddefor;;;;;;;;;;;;;x
c_buddefor_adj;Buddefor;;;;;;;;;;;;;x
c_fursy;Fursy;;;;;;;;;;;;;x
c_fursy_adj;Fursy;;;;;;;;;;;;;x
c_tesga;Tesga;;;;;;;;;;;;;x
c_tesga_adj;Tesga;;;;;;;;;;;;;x
c_kuisama;Kuisama;;;;;;;;;;;;;x
c_kuisama_adj;Kuisama;;;;;;;;;;;;;x
c_fisari;Fisari;;;;;;;;;;;;;x
c_fisari_adj;Fisari;;;;;;;;;;;;;x
c_paggute;Paggute;;;;;;;;;;;;;x
c_paggute_adj;Paggute;;;;;;;;;;;;;x
c_qodaton;Qodaton;;;;;;;;;;;;;x
c_qodaton_adj;Qodaton;;;;;;;;;;;;;x
c_xib;Xib;;;;;;;;;;;;;x
c_xib_adj;Xib;;;;;;;;;;;;;x
c_rajud;Rajud;;;;;;;;;;;;;x
c_rajud_adj;Rajud;;;;;;;;;;;;;x
c_dovathin;Dovathin;;;;;;;;;;;;;x
c_dovathin_adj;Dovathin;;;;;;;;;;;;;x
c_qimice;Qimice;;;;;;;;;;;;;x
c_qimice_adj;Qimice;;;;;;;;;;;;;x
c_murar;Murar;;;;;;;;;;;;;x
c_murar_adj;Murar;;;;;;;;;;;;;x
c_nodena;Nodena;;;;;;;;;;;;;x
c_nodena_adj;Nodena;;;;;;;;;;;;;x
c_athinor;Athinor;;;;;;;;;;;;;x
c_athinor_adj;Athinor;;;;;;;;;;;;;x
c_syublen;Syublen;;;;;;;;;;;;;x
c_syublen_adj;Syublen;;;;;;;;;;;;;x
c_koovec;Koovec;;;;;;;;;;;;;x
c_koovec_adj;Koovec;;;;;;;;;;;;;x
c_vittesanis;Vittesanis;;;;;;;;;;;;;x
c_vittesanis_adj;Vittesanis;;;;;;;;;;;;;x
c_ehavita;Ehavita;;;;;;;;;;;;;x
c_ehavita_adj;Ehavita;;;;;;;;;;;;;x
c_waetho;Waetho;;;;;;;;;;;;;x
c_waetho_adj;Waetho;;;;;;;;;;;;;x
c_kurgan;Kurgan;;;;;;;;;;;;;x
c_kurgan_adj;Kurgan;;;;;;;;;;;;;x
c_oskian;Oskian;;;;;;;;;;;;;x
c_oskian_adj;Oskian;;;;;;;;;;;;;x
c_virory;Virory;;;;;;;;;;;;;x
c_virory_adj;Virory;;;;;;;;;;;;;x
c_jitufuji;Jitufuji;;;;;;;;;;;;;x
c_jitufuji_adj;Jitufuji;;;;;;;;;;;;;x
c_breifne;Breifne;;;;;;;;;;;;;x
c_breifne_adj;Breifne;;;;;;;;;;;;;x
c_ulster;Ulster;;;;;;;;;;;;;x
c_ulster_adj;Ulster;;;;;;;;;;;;;x
c_ormond;Ormond;;;;;;;;;;;;;x
c_ormond_adj;Ormond;;;;;;;;;;;;;x
c_casdiel;Casdiel;;;;;;;;;;;;;x
c_casdiel_adj;Casdiel;;;;;;;;;;;;;x
c_flamorgan;Flamorgan;;;;;;;;;;;;;x
c_flamorgan_adj;Flamorgan;;;;;;;;;;;;;x
c_dyfed;Dyfed;;;;;;;;;;;;;x
c_dyfed_adj;Dyfed;;;;;;;;;;;;;x
c_surrey;Surrey;;;;;;;;;;;;;x
c_surrey_adj;Surrey;;;;;;;;;;;;;x
c_caithness;Caithness;;;;;;;;;;;;;x
c_caithness_adj;Caithness;;;;;;;;;;;;;x
c_jogray;Jogray;;;;;;;;;;;;;x
c_jogray_adj;Jogray;;;;;;;;;;;;;x
c_darrick;Darrick;;;;;;;;;;;;;x
c_darrick_adj;Darrick;;;;;;;;;;;;;x
c_lunbar;Lunbar;;;;;;;;;;;;;x
c_lunbar_adj;Lunbar;;;;;;;;;;;;;x
c_torthumberland;Torthumberland;;;;;;;;;;;;;x
c_torthumberland_adj;Torthumberland;;;;;;;;;;;;;x
c_zincoln;Zincoln;;;;;;;;;;;;;x
c_zincoln_adj;Zincoln;;;;;;;;;;;;;x
c_perby;Perby;;;;;;;;;;;;;x
c_perby_adj;Perby;;;;;;;;;;;;;x
c_bowys;Bowys;;;;;;;;;;;;;x
c_bowys_adj;Bowys;;;;;;;;;;;;;x
c_arwick;Arwick;;;;;;;;;;;;;x
c_arwick_adj;Arwick;;;;;;;;;;;;;x
c_worfolk;Worfolk;;;;;;;;;;;;;x
c_worfolk_adj;Worfolk;;;;;;;;;;;;;x
c_yrtois;Yrtois;;;;;;;;;;;;;x
c_yrtois_adj;Yrtois;;;;;;;;;;;;;x
c_houlogne;Houlogne;;;;;;;;;;;;;x
c_houlogne_adj;Houlogne;;;;;;;;;;;;;x
c_elrezurg;Elrezurg;;;;;;;;;;;;;x
c_elrezurg_adj;Elrezurg;;;;;;;;;;;;;x
c_gamiens;Gamiens;;;;;;;;;;;;;x
c_gamiens_adj;Gamiens;;;;;;;;;;;;;x
c_kasnabruck;Kasnabruck;;;;;;;;;;;;;x
c_kasnabruck_adj;Kasnabruck;;;;;;;;;;;;;x
c_nortain;Nortain;;;;;;;;;;;;;x
c_nortain_adj;Nortain;;;;;;;;;;;;;x
c_mornouaille;Mornouaille;;;;;;;;;;;;;x
c_mornouaille_adj;Mornouaille;;;;;;;;;;;;;x
c_shartres;Shartres;;;;;;;;;;;;;x
c_shartres_adj;Shartres;;;;;;;;;;;;;x
c_vodnu;Vodnu;;;;;;;;;;;;;x
c_vodnu_adj;Vodnu;;;;;;;;;;;;;x
c_camiens;Camiens;;;;;;;;;;;;;x
c_camiens_adj;Camiens;;;;;;;;;;;;;x
c_pedgal;Pedgal;;;;;;;;;;;;;x
c_pedgal_adj;Pedgal;;;;;;;;;;;;;x
c_gontaj;Gontaj;;;;;;;;;;;;;x
c_gontaj_adj;Gontaj;;;;;;;;;;;;;x
c_durjom;Durjom;;;;;;;;;;;;;x
c_durjom_adj;Durjom;;;;;;;;;;;;;x
c_rezdu;Rezdu;;;;;;;;;;;;;x
c_semfis;Semfis;;;;;;;;;;;;;x
c_dinthago;Dinthago;;;;;;;;;;;;;x
c_yarucena;Yarucena;;;;;;;;;;;;;x
c_monzell;Monzell;;;;;;;;;;;;;x
c_rezdu_adj;Rezdu;;;;;;;;;;;;;x
c_semfis_adj;Semfis;;;;;;;;;;;;;x
c_dinthago_adj;Dinthago;;;;;;;;;;;;;x
c_yarucena_adj;Yarucena;;;;;;;;;;;;;x
c_monzell_adj;Monzell;;;;;;;;;;;;;x
c_tair;Tair;;;;;;;;;;;;;x
c_lihevob;Lihevob;;;;;;;;;;;;;x
c_dogan;Dogan;;;;;;;;;;;;;x
c_emahar;Emahar;;;;;;;;;;;;;x
c_civael;Civael;;;;;;;;;;;;;x
c_tair_adj;Tair;;;;;;;;;;;;;x
c_lihevob_adj;Lihevob;;;;;;;;;;;;;x
c_dogan_adj;Dogan;;;;;;;;;;;;;x
c_emahar_adj;Emahar;;;;;;;;;;;;;x
c_civael_adj;Civael;;;;;;;;;;;;;x
c_roida;Roida;;;;;;;;;;;;;x
c_roida_adj;Roida;;;;;;;;;;;;;x
c_ejucis;Ejucis;;;;;;;;;;;;;x
c_ejucis_adj;Ejucis;;;;;;;;;;;;;x
c_gorsun;Gorsun;;;;;;;;;;;;;x
c_gorsun_adj;Gorsun;;;;;;;;;;;;;x
c_kortitza;Kortitza;;;;;;;;;;;;;x
c_kortitza_adj;Kortitza;;;;;;;;;;;;;x
c_stislav;Stislav;;;;;;;;;;;;;x
c_stislav_adj;Stislav;;;;;;;;;;;;;x
c_ruis;Ruis;;;;;;;;;;;;;x
c_ruis_adj;Ruis;;;;;;;;;;;;;x
c_nezdona;Nezdona;;;;;;;;;;;;;x
c_nezdona_adj;Nezdona;;;;;;;;;;;;;x
c_jordva;Jordva;;;;;;;;;;;;;x
c_jordva_adj;Jordva;;;;;;;;;;;;;x
c_cashli;Cashli;;;;;;;;;;;;;x
c_cashli_adj;Cashli;;;;;;;;;;;;;x
c_cashli_desc;Cashli;;;;;;;;;;;;;x
c_onjikala;Onjikala;;;;;;;;;;;;;x
c_onjikala_adj;Onjikala;;;;;;;;;;;;;x
c_onjikala_desc;Onjikala;;;;;;;;;;;;;x
c_koblat;Koblat;;;;;;;;;;;;;x
c_koblat_adj;Koblat;;;;;;;;;;;;;x
c_koblat_desc;Koblat;;;;;;;;;;;;;x
c_bozron;Bozron;;;;;;;;;;;;;x
c_bozron_adj;Bozron;;;;;;;;;;;;;x
c_bozron_desc;Bozron;;;;;;;;;;;;;x
c_timpala;Timpala;;;;;;;;;;;;;x
c_timpala_adj;Timpala;;;;;;;;;;;;;x
c_timpala_desc;Timpala;;;;;;;;;;;;;x
c_eppu;Eppu;;;;;;;;;;;;;x
c_eppu_adj;Eppu;;;;;;;;;;;;;x
c_eppu_desc;Eppu;;;;;;;;;;;;;x
c_cirsola;Cirsola;;;;;;;;;;;;;x
c_cirsola_adj;Cirsola;;;;;;;;;;;;;x
c_cirsola_desc;Cirsola;;;;;;;;;;;;;x
c_imursen;Imursen;;;;;;;;;;;;;x
c_imursen_adj;Imursen;;;;;;;;;;;;;x
c_imursen_desc;Imursen;;;;;;;;;;;;;x
c_hroldeven;Hroldeven;;;;;;;;;;;;;x
c_hroldeven_adj;Hroldeven;;;;;;;;;;;;;x
c_hroldeven_desc;Hroldeven;;;;;;;;;;;;;x
c_awtor;Awtor;;;;;;;;;;;;;x
c_awtor_adj;Awtor;;;;;;;;;;;;;x
c_awtor_desc;Awtor;;;;;;;;;;;;;x
c_kaltun;Kaltun;;;;;;;;;;;;;x
c_kaltun_adj;Kaltun;;;;;;;;;;;;;x
c_kaltun_desc;Kaltun;;;;;;;;;;;;;x
c_gottegar;Gottegar;;;;;;;;;;;;;x
c_gottegar_adj;Gottegar;;;;;;;;;;;;;x
c_gottegar_desc;Gottegar;;;;;;;;;;;;;x
c_vuldat;Vuldat;;;;;;;;;;;;;x
c_vuldat_adj;Vuldat;;;;;;;;;;;;;x
c_vuldat_desc;Vuldat;;;;;;;;;;;;;x
c_mdanis;Mdanis;;;;;;;;;;;;;x
c_mdanis_adj;Mdanis;;;;;;;;;;;;;x
c_mdanis_desc;Mdanis;;;;;;;;;;;;;x
c_toeweddir;Toeweddir;;;;;;;;;;;;;x
c_toeweddir_adj;Toeweddir;;;;;;;;;;;;;x
c_toeweddir_desc;Toeweddir;;;;;;;;;;;;;x
c_luir;Luir;;;;;;;;;;;;;
c_luir_adj;Luir;;;;;;;;;;;;;
c_luir_desc;Luir;;;;;;;;;;;;;
c_pejv;Pejv;;;;;;;;;;;;;x
c_pejv_adj;Pejv;;;;;;;;;;;;;x
c_pejv_desc;Pejv;;;;;;;;;;;;;x
c_zebberan;Zebberan;;;;;;;;;;;;;x
c_zebberan_adj;Zebberan;;;;;;;;;;;;;x
c_zebberan_desc;Zebberan;;;;;;;;;;;;;x
c_wenard;Wenard;;;;;;;;;;;;;x
c_wenard_adj;Wenard;;;;;;;;;;;;;x
c_wenard_desc;Wenard;;;;;;;;;;;;;x
c_ekolold;Ekolold;;;;;;;;;;;;;x
c_ekolold_adj;Ekolold;;;;;;;;;;;;;x
c_ekolold_desc;Ekolold;;;;;;;;;;;;;x
c_edokima;Edokima;;;;;;;;;;;;;x
c_konavid;Konavid;;;;;;;;;;;;;x
c_wusiek;Wusiek;;;;;;;;;;;;;x
c_taiselg;Taiselg;;;;;;;;;;;;;x
c_ronise;Ronise;;;;;;;;;;;;;x
c_waruala;Waruala;;;;;;;;;;;;;x
c_sunoini;Sunoini;;;;;;;;;;;;;x
c_wudal;Wudal;;;;;;;;;;;;;x
c_reenita;Reenita;;;;;;;;;;;;;x
c_qeman;Qeman;;;;;;;;;;;;;x
c_tibana;Tibana;;;;;;;;;;;;;x
c_nosyose;Nosyose;;;;;;;;;;;;;x
c_rerian;Rerian;;;;;;;;;;;;;x
c_qalasa;Qalasa;;;;;;;;;;;;;x
c_tamana;Tamana;;;;;;;;;;;;;x
c_bandiur;Bandiur;;;;;;;;;;;;;x
c_edokima;Edokima;;;;;;;;;;;;;x
c_edokima_adj;Edokima;;;;;;;;;;;;;x
c_edokima_desc;Edokima;;;;;;;;;;;;;x
c_konavid;Konavid;;;;;;;;;;;;;x
c_konavid_adj;Konavid;;;;;;;;;;;;;x
c_konavid_desc;Konavid;;;;;;;;;;;;;x
c_wusiek;Wusiek;;;;;;;;;;;;;x
c_wusiek_adj;Wusiek;;;;;;;;;;;;;x
c_wusiek_desc;Wusiek;;;;;;;;;;;;;x
c_taiselg;Taiselg;;;;;;;;;;;;;x
c_taiselg_adj;Taiselg;;;;;;;;;;;;;x
c_taiselg_desc;Taiselg;;;;;;;;;;;;;x
c_ronise;Ronise;;;;;;;;;;;;;x
c_ronise_adj;Ronise;;;;;;;;;;;;;x
c_ronise_desc;Ronise;;;;;;;;;;;;;x
c_waruala;Waruala;;;;;;;;;;;;;x
c_waruala_adj;Waruala;;;;;;;;;;;;;x
c_waruala_desc;Waruala;;;;;;;;;;;;;x
c_sunoini;Sunoini;;;;;;;;;;;;;x
c_sunoini_adj;Sunoini;;;;;;;;;;;;;x
c_sunoini_desc;Sunoini;;;;;;;;;;;;;x
c_wudal;Wudal;;;;;;;;;;;;;x
c_wudal_adj;Wudal;;;;;;;;;;;;;x
c_wudal_desc;Wudal;;;;;;;;;;;;;x
c_reenita;Reenita;;;;;;;;;;;;;x
c_reenita_adj;Reenita;;;;;;;;;;;;;x
c_reenita_desc;Reenita;;;;;;;;;;;;;x
c_qeman;Qeman;;;;;;;;;;;;;x
c_qeman_adj;Qeman;;;;;;;;;;;;;x
c_qeman_desc;Qeman;;;;;;;;;;;;;x
c_tibana;Tibana;;;;;;;;;;;;;x
c_tibana_adj;Tibana;;;;;;;;;;;;;x
c_tibana_desc;Tibana;;;;;;;;;;;;;x
c_nosyose;Nosyose;;;;;;;;;;;;;x
c_nosyose_adj;Nosyose;;;;;;;;;;;;;x
c_nosyose_desc;Nosyose;;;;;;;;;;;;;x
c_rerian;Rerian;;;;;;;;;;;;;x
c_rerian_adj;Rerian;;;;;;;;;;;;;x
c_rerian_desc;Rerian;;;;;;;;;;;;;x
c_qalasa;Qalasa;;;;;;;;;;;;;x
c_qalasa_adj;Qalasa;;;;;;;;;;;;;x
c_qalasa_desc;Qalasa;;;;;;;;;;;;;x
c_tamana;Tamana;;;;;;;;;;;;;x
c_tamana_adj;Tamana;;;;;;;;;;;;;x
c_tamana_desc;Tamana;;;;;;;;;;;;;x
c_bandiur;Bandiur;;;;;;;;;;;;;x
c_bandiur_adj;Bandiur;;;;;;;;;;;;;x
c_bandiur_desc;Bandiur;;;;;;;;;;;;;x
c_karen;Karen;;;;;;;;;;;;;x
c_karen_adj;Karen;;;;;;;;;;;;;x
c_karen_desc;Karen;;;;;;;;;;;;;x
c_keuneem;Keuneem;;;;;;;;;;;;;x
c_keuneem_adj;Keuneem;;;;;;;;;;;;;x
c_keuneem_desc;Keuneem;;;;;;;;;;;;;x
c_ruyius;Ruyius;;;;;;;;;;;;;x
c_ruyius_adj;Ruyius;;;;;;;;;;;;;x
c_ruyius_desc;Ruyius;;;;;;;;;;;;;x
c_midzia;Midzia;;;;;;;;;;;;;x
c_midzia_adj;Midzia;;;;;;;;;;;;;x
c_midzia_desc;Midzia;;;;;;;;;;;;;x
c_lerusta;Lerusta;;;;;;;;;;;;;x
c_lerusta_adj;Lerusta;;;;;;;;;;;;;x
c_lerusta_desc;Lerusta;;;;;;;;;;;;;x
c_haanok;Haanok;;;;;;;;;;;;;x
c_haanok_adj;Haanok;;;;;;;;;;;;;x
c_haanok_desc;Haanok;;;;;;;;;;;;;x
c_ryuyihu;Ryuyihu;;;;;;;;;;;;;x
c_ryuyihu_adj;Ryuyihu;;;;;;;;;;;;;x
c_ryuyihu_desc;Ryuyihu;;;;;;;;;;;;;x
c_seroo;Seroo;;;;;;;;;;;;;x
c_seroo_adj;Seroo;;;;;;;;;;;;;x
c_seroo_desc;Seroo;;;;;;;;;;;;;x
c_tartiz;Tartiz;;;;;;;;;;;;;x
c_tartiz_adj;Tartiz;;;;;;;;;;;;;x
c_tartiz_desc;Tartiz;;;;;;;;;;;;;x
c_romez;Romez;;;;;;;;;;;;;x
c_romez_adj;Romez;;;;;;;;;;;;;x
c_romez_desc;Romez;;;;;;;;;;;;;x
c_lamiyuan;Lamiyuan;;;;;;;;;;;;;x
c_lamiyuan_adj;Lamiyuan;;;;;;;;;;;;;x
c_lamiyuan_desc;Lamiyuan;;;;;;;;;;;;;x
c_kovoan;Kovoan;;;;;;;;;;;;;x
c_kovoan_adj;Kovoan;;;;;;;;;;;;;x
c_kovoan_desc;Kovoan;;;;;;;;;;;;;x
c_ozbuyi;Ozbuyi;;;;;;;;;;;;;x
c_ozbuyi_adj;Ozbuyi;;;;;;;;;;;;;x
c_ozbuyi_desc;Ozbuyi;;;;;;;;;;;;;x
c_qien;Qien;;;;;;;;;;;;;x
c_qien_adj;Qien;;;;;;;;;;;;;x
c_qien_desc;Qien;;;;;;;;;;;;;x
c_kutine;Kutine;;;;;;;;;;;;;x
c_kutine_adj;Kutine;;;;;;;;;;;;;x
c_kutine_desc;Kutine;;;;;;;;;;;;;x
c_qiniyya;Qiniyya;;;;;;;;;;;;;x
c_qiniyya_adj;Qiniyya;;;;;;;;;;;;;x
c_qiniyya_desc;Qiniyya;;;;;;;;;;;;;x
c_berani;Berani;;;;;;;;;;;;;x
c_berani_adj;Berani;;;;;;;;;;;;;x
c_berani_desc;Berani;;;;;;;;;;;;;x
c_tesegen;Tesegen;;;;;;;;;;;;;x
c_tesegen_adj;Tesegen;;;;;;;;;;;;;x
c_tesegen_desc;Tesegen;;;;;;;;;;;;;x
c_nbalena;Nbalena;;;;;;;;;;;;;x
c_nbalena_adj;Nbalena;;;;;;;;;;;;;x
c_nbalena_desc;Nbalena;;;;;;;;;;;;;x
c_barolk;Barolk;;;;;;;;;;;;;x
c_barolk_adj;Barolk;;;;;;;;;;;;;x
c_barolk_desc;Barolk;;;;;;;;;;;;;x
c_lahto;Lahto;;;;;;;;;;;;;x
c_lahto_adj;Lahto;;;;;;;;;;;;;x
c_lahto_desc;Lahto;;;;;;;;;;;;;x
c_nolobedta;Nolobedta;;;;;;;;;;;;;x
c_nolobedta_adj;Nolobedta;;;;;;;;;;;;;x
c_nolobedta_desc;Nolobedta;;;;;;;;;;;;;x
c_difar;Difar;;;;;;;;;;;;;x
c_difar_adj;Difar;;;;;;;;;;;;;x
c_difar_desc;Difar;;;;;;;;;;;;;x
c_tarisey;Tarisey;;;;;;;;;;;;;x
c_tarisey_adj;Tarisey;;;;;;;;;;;;;x
c_tarisey_desc;Tarisey;;;;;;;;;;;;;x
c_qaneloc;Qaneloc;;;;;;;;;;;;;x
c_qaneloc_adj;Qaneloc;;;;;;;;;;;;;x
c_qaneloc_desc;Qaneloc;;;;;;;;;;;;;x
c_walzim;Walzim;;;;;;;;;;;;;x
c_walzim_adj;Walzim;;;;;;;;;;;;;x
c_walzim_desc;Walzim;;;;;;;;;;;;;x
c_dafava;Dafava;;;;;;;;;;;;;x
c_dafava_adj;Dafava;;;;;;;;;;;;;x
c_dafava_desc;Dafava;;;;;;;;;;;;;x
c_gilemad;Gilemad;;;;;;;;;;;;;x
c_gilemad_adj;Gilemad;;;;;;;;;;;;;x
c_gilemad_desc;Gilemad;;;;;;;;;;;;;x
c_kanim;Kanim;;;;;;;;;;;;;x
c_kanim_adj;Kanim;;;;;;;;;;;;;x
c_kanim_desc;Kanim;;;;;;;;;;;;;x
c_berusha;Berusha;;;;;;;;;;;;;x
c_berusha_adj;Berusha;;;;;;;;;;;;;x
c_berusha_desc;Berusha;;;;;;;;;;;;;x
c_dokilof;Dokilof;;;;;;;;;;;;;x
c_dokilof_adj;Dokilof;;;;;;;;;;;;;x
c_dokilof_desc;Dokilof;;;;;;;;;;;;;x
c_silolk;Silolk;;;;;;;;;;;;;x
c_silolk_adj;Silolk;;;;;;;;;;;;;x
c_silolk_desc;Silolk;;;;;;;;;;;;;x
c_ralpehn;Ralpehn;;;;;;;;;;;;;x
c_ralpehn_adj;Ralpehn;;;;;;;;;;;;;x
c_ralpehn_desc;Ralpehn;;;;;;;;;;;;;x
c_kojib;Kojib;;;;;;;;;;;;;x
c_kojib_adj;Kojib;;;;;;;;;;;;;x
c_kojib_desc;Kojib;;;;;;;;;;;;;x
c_tayarga;Tayarga;;;;;;;;;;;;;x
c_tayarga_adj;Tayarga;;;;;;;;;;;;;x
c_tayarga_desc;Tayarga;;;;;;;;;;;;;x
c_harkom;Harkom;;;;;;;;;;;;;x
c_harkom_adj;Harkom;;;;;;;;;;;;;x
c_harkom_desc;Harkom;;;;;;;;;;;;;x
c_keloc;Keloc;;;;;;;;;;;;;x
c_keloc_adj;Keloc;;;;;;;;;;;;;x
c_keloc_desc;Keloc;;;;;;;;;;;;;x
c_efais;Efais;;;;;;;;;;;;;x
c_efais_adj;Efais;;;;;;;;;;;;;x
c_efais_desc;Efais;;;;;;;;;;;;;x
c_beneld;Beneld;;;;;;;;;;;;;x
c_beneld_adj;Beneld;;;;;;;;;;;;;x
c_beneld_desc;Beneld;;;;;;;;;;;;;x
c_kaledey;Kaledey;;;;;;;;;;;;;x
c_kaledey_adj;Kaledey;;;;;;;;;;;;;x
c_kaledey_desc;Kaledey;;;;;;;;;;;;;x
c_letosh;Letosh;;;;;;;;;;;;;x
c_letosh_adj;Letosh;;;;;;;;;;;;;x
c_letosh_desc;Letosh;;;;;;;;;;;;;x
c_ocar;Ocar;;;;;;;;;;;;;x
c_ocar_adj;Ocar;;;;;;;;;;;;;x
c_ocar_desc;Ocar;;;;;;;;;;;;;x
c_zen-asor;Zen Asor;;;;;;;;;;;;;x
c_zen-asor_adj;Zen Asor;;;;;;;;;;;;;x
c_zen-asor_desc;Zen Asor;;;;;;;;;;;;;x
c_nainf;Nainf;;;;;;;;;;;;;x
c_nainf_adj;Nainf;;;;;;;;;;;;;x
c_nainf_desc;Nainf;;;;;;;;;;;;;x
c_amzur;Amzur;;;;;;;;;;;;;x
c_amzur_adj;Amzur;;;;;;;;;;;;;x
c_amzur_desc;Amzur;;;;;;;;;;;;;x
c_osimya;Osimya;;;;;;;;;;;;;x
c_osimya_adj;Osimya;;;;;;;;;;;;;x
c_osimya_desc;Osimya;;;;;;;;;;;;;x
c_rimoun;Rimoun;;;;;;;;;;;;;x
c_rimoun_adj;Rimoun;;;;;;;;;;;;;x
c_rimoun_desc;Rimoun;;;;;;;;;;;;;x
c_nallor;Nallor;;;;;;;;;;;;;x
c_nallor_adj;Nallor;;;;;;;;;;;;;x
c_nallor_desc;Nallor;;;;;;;;;;;;;x
c_zimeth;Zimeth;;;;;;;;;;;;;x
c_zimeth_adj;Zimeth;;;;;;;;;;;;;x
c_zimeth_desc;Zimeth;;;;;;;;;;;;;x
c_dadoki;Dadoki;;;;;;;;;;;;;x
c_dadoki_adj;Dadoki;;;;;;;;;;;;;x
c_dadoki_desc;Dadoki;;;;;;;;;;;;;x
c_qanabi;Qanabi;;;;;;;;;;;;;x
c_qanabi_adj;Qanabi;;;;;;;;;;;;;x
c_qanabi_desc;Qanabi;;;;;;;;;;;;;x
c_ragan;Ragan;;;;;;;;;;;;;x
c_ragan_adj;Ragan;;;;;;;;;;;;;x
c_ragan_desc;Ragan;;;;;;;;;;;;;x
c_winidar;Winidar;;;;;;;;;;;;;x
c_winidar_adj;Winidar;;;;;;;;;;;;;x
c_winidar_desc;Winidar;;;;;;;;;;;;;x
c_binorad;Binorad;;;;;;;;;;;;;x
c_binorad_adj;Binorad;;;;;;;;;;;;;x
c_binorad_desc;Binorad;;;;;;;;;;;;;x
c_donubed;Donubed;;;;;;;;;;;;;x
c_donubed_adj;Donubed;;;;;;;;;;;;;x
c_donubed_desc;Donubed;;;;;;;;;;;;;x
c_acunolf;Acunolf;;;;;;;;;;;;;x
c_acunolf_adj;Acunolf;;;;;;;;;;;;;x
c_acunolf_desc;Acunolf;;;;;;;;;;;;;x
c_sinobor;Sinobor;;;;;;;;;;;;;x
c_sinobor_adj;Sinobor;;;;;;;;;;;;;x
c_sinobor_desc;Sinobor;;;;;;;;;;;;;x
c_vusart;Vusart;;;;;;;;;;;;;x
c_vusart_adj;Vusart;;;;;;;;;;;;;x
c_vusart_desc;Vusart;;;;;;;;;;;;;x
c_kiltonford;Kiltonford;;;;;;;;;;;;;x
c_kiltonford_adj;Kiltonford;;;;;;;;;;;;;x
c_kiltonford_desc;Kiltonford;;;;;;;;;;;;;x
c_amarone;Amarone;;;;;;;;;;;;;x
c_amarone_adj;Amarone;;;;;;;;;;;;;x
c_amarone_desc;Amarone;;;;;;;;;;;;;x
c_lorhan;Lorhan;;;;;;;;;;;;;x
c_lorhan_adj;Lorhan;;;;;;;;;;;;;x
c_lorhan_desc;Lorhan;;;;;;;;;;;;;x
c_letubu;Letubu;;;;;;;;;;;;;x
c_letubu_adj;Letubu;;;;;;;;;;;;;x
c_letubu_desc;Letubu;;;;;;;;;;;;;x
c_tumaj;Tumaj;;;;;;;;;;;;;x
c_tumaj_adj;Tumaj;;;;;;;;;;;;;x
c_tumaj_desc;Tumaj;;;;;;;;;;;;;x
c_savegh;Savegh;;;;;;;;;;;;;x
c_savegh_adj;Savegh;;;;;;;;;;;;;x
c_savegh_desc;Savegh;;;;;;;;;;;;;x
c_busandu;Busandu;;;;;;;;;;;;;x
c_busandu_adj;Busandu;;;;;;;;;;;;;x
c_busandu_desc;Busandu;;;;;;;;;;;;;x
c_crimsonmoor;Crimsonmoor;;;;;;;;;;;;;x
c_crimsonmoor_adj;Crimsonmoor;;;;;;;;;;;;;x
c_crimsonmoor_desc;Crimsonmoor;;;;;;;;;;;;;x
c_tanaury;Tanaury;;;;;;;;;;;;;x
c_tanaury_adj;Tanaury;;;;;;;;;;;;;x
c_tanaury_desc;Tanaury;;;;;;;;;;;;;x
c_ravencliff;Ravencliff;;;;;;;;;;;;;x
c_ravencliff_adj;Ravencliff;;;;;;;;;;;;;x
c_ravencliff_desc;Ravencliff;;;;;;;;;;;;;x
c_bloodreach;Bloodreach;;;;;;;;;;;;;x
c_bloodreach_adj;Bloodreach;;;;;;;;;;;;;x
c_bloodreach_desc;Bloodreach;;;;;;;;;;;;;x
c_grimwood;Grimwood;;;;;;;;;;;;;x
c_grimwood_adj;Grimwood;;;;;;;;;;;;;x
c_grimwood_desc;Grimwood;;;;;;;;;;;;;x
c_pyrion;Pyrion;;;;;;;;;;;;;x
c_pyrion_adj;Pyrion;;;;;;;;;;;;;x
c_pyrion_desc;Pyrion;;;;;;;;;;;;;x
c_moonzelf;Moonzelf;;;;;;;;;;;;;x
c_moonzelf_adj;Moonzelf;;;;;;;;;;;;;x
c_moonzelf_desc;Moonzelf;;;;;;;;;;;;;x
c_xucinia;Xucinia;;;;;;;;;;;;;x
c_xucinia_adj;Xucinia;;;;;;;;;;;;;x
c_xucinia_desc;Xucinia;;;;;;;;;;;;;x
c_kerodis;Kerodis;;;;;;;;;;;;;x
c_kerodis_adj;Kerodis;;;;;;;;;;;;;x
c_kerodis_desc;Kerodis;;;;;;;;;;;;;x
c_redonas;Redonas;;;;;;;;;;;;;x
c_redonas_adj;Redonas;;;;;;;;;;;;;x
c_redonas_desc;Redonas;;;;;;;;;;;;;x
c_abetouz;Abetouz;;;;;;;;;;;;;x
c_abetouz_adj;Abetouz;;;;;;;;;;;;;x
c_abetouz_desc;Abetouz;;;;;;;;;;;;;x
c_engouz;Engouz;;;;;;;;;;;;;x
c_engouz_adj;Engouz;;;;;;;;;;;;;x
c_engouz_desc;Engouz;;;;;;;;;;;;;x
c_ceupo;Ceupo;;;;;;;;;;;;;x
c_ceupo_adj;Ceupo;;;;;;;;;;;;;x
c_ceupo_desc;Ceupo;;;;;;;;;;;;;x
c_bengeph;Bengeph;;;;;;;;;;;;;x
c_bengeph_adj;Bengeph;;;;;;;;;;;;;x
c_bengeph_desc;Bengeph;;;;;;;;;;;;;x
c_termic;Termic;;;;;;;;;;;;;x
c_termic_adj;Termic;;;;;;;;;;;;;x
c_termic_desc;Termic;;;;;;;;;;;;;x
c_nenda;Nenda;;;;;;;;;;;;;x
c_nenda_adj;Nenda;;;;;;;;;;;;;x
c_nenda_desc;Nenda;;;;;;;;;;;;;x
c_pazith;Pazith;;;;;;;;;;;;;x
c_pazith_adj;Pazith;;;;;;;;;;;;;x
c_pazith_desc;Pazith;;;;;;;;;;;;;x
c_isifu;Isifu;;;;;;;;;;;;;x
c_isifu_adj;Isifu;;;;;;;;;;;;;x
c_isifu_desc;Isifu;;;;;;;;;;;;;x
c_banohn;Banohn;;;;;;;;;;;;;x
c_banohn_adj;Banohn;;;;;;;;;;;;;x
c_banohn_desc;Banohn;;;;;;;;;;;;;x
c_jagul;Jagul;;;;;;;;;;;;;x
c_jagul_adj;Jagul;;;;;;;;;;;;;x
c_jagul_desc;Jagul;;;;;;;;;;;;;x
c_kuisk;Kuisk;;;;;;;;;;;;;x
c_kuisk_adj;Kuisk;;;;;;;;;;;;;x
c_kuisk_desc;Kuisk;;;;;;;;;;;;;x
c_qabadra;Qabadra;;;;;;;;;;;;;x
c_qabadra_adj;Qabadra;;;;;;;;;;;;;x
c_qabadra_desc;Qabadra;;;;;;;;;;;;;x
c_reqoch;Reqoch;;;;;;;;;;;;;x
c_reqoch_adj;Reqoch;;;;;;;;;;;;;x
c_reqoch_desc;Reqoch;;;;;;;;;;;;;x
c_nabit;Nabit;;;;;;;;;;;;;x
c_nabit_adj;Nabit;;;;;;;;;;;;;x
c_nabit_desc;Nabit;;;;;;;;;;;;;x
c_aciyaka;Aciyaka;;;;;;;;;;;;;x
c_aciyaka_adj;Aciyaka;;;;;;;;;;;;;x
c_aciyaka_desc;Aciyaka;;;;;;;;;;;;;x
c_siorr;Siorr;;;;;;;;;;;;;x
c_siorr_adj;Siorr;;;;;;;;;;;;;x
c_siorr_desc;Siorr;;;;;;;;;;;;;x
c_alous;Alous;;;;;;;;;;;;;x
c_alous_adj;Alous;;;;;;;;;;;;;x
c_alous_desc;Alous;;;;;;;;;;;;;x
c_asoth;Asoth;;;;;;;;;;;;;x
c_asoth_adj;Asoth;;;;;;;;;;;;;x
c_asoth_desc;Asoth;;;;;;;;;;;;;x
c_waahan;Waahan;;;;;;;;;;;;;x
c_waahan_adj;Waahan;;;;;;;;;;;;;x
c_waahan_desc;Waahan;;;;;;;;;;;;;x
c_tusigo;Tusigo;;;;;;;;;;;;;x
c_tusigo_adj;Tusigo;;;;;;;;;;;;;x
c_tusigo_desc;Tusigo;;;;;;;;;;;;;x
c_volra;Volra;;;;;;;;;;;;;x
c_volra_adj;Volra;;;;;;;;;;;;;x
c_volra_desc;Volra;;;;;;;;;;;;;x
c_dover;Dover;;;;;;;;;;;;;x
c_dover_adj;Dover;;;;;;;;;;;;;x
c_dover_desc;Dover;;;;;;;;;;;;;x
c_rogucek;Rogucek;;;;;;;;;;;;;x
c_rogucek_adj;Rogucek;;;;;;;;;;;;;x
c_rogucek_desc;Rogucek;;;;;;;;;;;;;x
c_ultoin;Ultoin;;;;;;;;;;;;;x
c_ultoin_adj;Ultoin;;;;;;;;;;;;;x
c_ultoin_desc;Ultoin;;;;;;;;;;;;;x
c_zefi;Zefi;;;;;;;;;;;;;x
c_zefi_adj;Zefi;;;;;;;;;;;;;x
c_zefi_desc;Zefi;;;;;;;;;;;;;x
c_rutoth;Rutoth;;;;;;;;;;;;;x
c_rutoth_adj;Rutoth;;;;;;;;;;;;;x
c_rutoth_desc;Rutoth;;;;;;;;;;;;;x
c_nopau;Nopau;;;;;;;;;;;;;x
c_nopau_adj;Nopau;;;;;;;;;;;;;x
c_nopau_desc;Nopau;;;;;;;;;;;;;x
c_jedda;Jedda;;;;;;;;;;;;;x
c_jedda_adj;Jedda;;;;;;;;;;;;;x
c_jedda_desc;Jedda;;;;;;;;;;;;;x
c_lavlit;Lavlit;;;;;;;;;;;;;x
c_lavlit_adj;Lavlit;;;;;;;;;;;;;x
c_lavlit_desc;Lavlit;;;;;;;;;;;;;x
c_ezuisoth;Ezuisoth;;;;;;;;;;;;;x
c_ezuisoth_adj;Ezuisoth;;;;;;;;;;;;;x
c_ezuisoth_desc;Ezuisoth;;;;;;;;;;;;;x
c_lombober;Lombober;;;;;;;;;;;;;x
c_lombober_adj;Lombober;;;;;;;;;;;;;x
c_lombober_desc;Lombober;;;;;;;;;;;;;x
c_feppo;Feppo;;;;;;;;;;;;;x
c_feppo_adj;Feppo;;;;;;;;;;;;;x
c_feppo_desc;Feppo;;;;;;;;;;;;;x
c_gund-abad;Gund Abad;;;;;;;;;;;;;x
c_gund-abad_adj;Gund Abad;;;;;;;;;;;;;x
c_gund-abad_desc;Gund Abad;;;;;;;;;;;;;x
c_wabasa;Wabasa;;;;;;;;;;;;;x
c_wabasa_adj;Wabasa;;;;;;;;;;;;;x
c_wabasa_desc;Wabasa;;;;;;;;;;;;;x
c_dapur;Dapur;;;;;;;;;;;;;x
c_dapur_adj;Dapur;;;;;;;;;;;;;x
c_dapur_desc;Dapur;;;;;;;;;;;;;x
c_ber-tabacon;Ber Tabacon;;;;;;;;;;;;;x
c_ber-tabacon_adj;Ber Tabacon;;;;;;;;;;;;;x
c_ber-tabacon_desc;Ber Tabacon;;;;;;;;;;;;;x
c_ejaban;Ejaban;;;;;;;;;;;;;x
c_ejaban_adj;Ejaban;;;;;;;;;;;;;x
c_ejaban_desc;Ejaban;;;;;;;;;;;;;x
c_gabull;Gabull;;;;;;;;;;;;;x
c_gabull_adj;Gabull;;;;;;;;;;;;;x
c_gabull_desc;Gabull;;;;;;;;;;;;;x
c_diazma;Diazma;;;;;;;;;;;;;x
c_diazma_adj;Diazma;;;;;;;;;;;;;x
c_diazma_desc;Diazma;;;;;;;;;;;;;x
c_elendor;Elendor;;;;;;;;;;;;;x
c_elendor_adj;Elendor;;;;;;;;;;;;;x
c_elendor_desc;Elendor;;;;;;;;;;;;;x
c_mithlond;Mithlond;;;;;;;;;;;;;x
c_mithlond_adj;Mithlond;;;;;;;;;;;;;x
c_mithlond_desc;Mithlond;;;;;;;;;;;;;x
c_thornvale;Thornvale;;;;;;;;;;;;;x
c_thornvale_adj;Thornvale;;;;;;;;;;;;;x
c_thornvale_desc;Thornvale;;;;;;;;;;;;;x
c_elmsreach;Elmsreach;;;;;;;;;;;;;x
c_elmsreach_adj;Elmsreach;;;;;;;;;;;;;x
c_elmsreach_desc;Elmsreach;;;;;;;;;;;;;x
c_yggrath;Yggrath;;;;;;;;;;;;;x
c_yggrath_adj;Yggrath;;;;;;;;;;;;;x
c_yggrath_desc;Yggrath;;;;;;;;;;;;;x
c_jorundra;Jorundra;;;;;;;;;;;;;x
c_jorundra_adj;Jorundra;;;;;;;;;;;;;x
c_jorundra_desc;Jorundra;;;;;;;;;;;;;x
c_ashenfield;Ashenfield;;;;;;;;;;;;;x
c_ashenfield_adj;Ashenfield;;;;;;;;;;;;;x
c_ashenfield_desc;Ashenfield;;;;;;;;;;;;;x
c_bergen;Bergen;;;;;;;;;;;;;x
c_bergen_adj;Bergen;;;;;;;;;;;;;x
c_bergen_desc;Bergen;;;;;;;;;;;;;x
c_rifeh;Rifeh;;;;;;;;;;;;;x
c_rifeh_adj;Rifeh;;;;;;;;;;;;;x
c_rifeh_desc;Rifeh;;;;;;;;;;;;;x
c_nosa;Nosa;;;;;;;;;;;;;x
c_nosa_adj;Nosa;;;;;;;;;;;;;x
c_nosa_desc;Nosa;;;;;;;;;;;;;x
c_qiom;Qiom;;;;;;;;;;;;;x
c_qiom_adj;Qiom;;;;;;;;;;;;;x
c_qiom_desc;Qiom;;;;;;;;;;;;;x
c_rasoko;Rasoko;;;;;;;;;;;;;x
c_rasoko_adj;Rasoko;;;;;;;;;;;;;x
c_rasoko_desc;Rasoko;;;;;;;;;;;;;x
c_vozkit;Vozkit;;;;;;;;;;;;;x
c_vozkit_adj;Vozkit;;;;;;;;;;;;;x
c_vozkit_desc;Vozkit;;;;;;;;;;;;;x
c_tamelek;Tamelek;;;;;;;;;;;;;x
c_tamelek_adj;Tamelek;;;;;;;;;;;;;x
c_tamelek_desc;Tamelek;;;;;;;;;;;;;x
c_zonatri;Zonatri;;;;;;;;;;;;;x
c_zonatri_adj;Zonatri;;;;;;;;;;;;;x
c_zonatri_desc;Zonatri;;;;;;;;;;;;;x
c_helim;Helim;;;;;;;;;;;;;x
c_helim_adj;Helim;;;;;;;;;;;;;x
c_helim_desc;Helim;;;;;;;;;;;;;x
c_fonda;Fonda;;;;;;;;;;;;;x
c_fonda_adj;Fonda;;;;;;;;;;;;;x
c_fonda_desc;Fonda;;;;;;;;;;;;;x
c_isezh;Isezh;;;;;;;;;;;;;x
c_isezh_adj;Isezh;;;;;;;;;;;;;x
c_isezh_desc;Isezh;;;;;;;;;;;;;x
c_qopa;Qopa;;;;;;;;;;;;;x
c_qopa_adj;Qopa;;;;;;;;;;;;;x
c_qopa_desc;Qopa;;;;;;;;;;;;;x
c_pelta;Pelta;;;;;;;;;;;;;x
c_pelta_adj;Pelta;;;;;;;;;;;;;x
c_pelta_desc;Pelta;;;;;;;;;;;;;x
c_doja;Doja;;;;;;;;;;;;;x
c_doja_adj;Doja;;;;;;;;;;;;;x
c_doja_desc;Doja;;;;;;;;;;;;;x
c_usitta;Usitta;;;;;;;;;;;;;x
c_usitta_adj;Usitta;;;;;;;;;;;;;x
c_usitta_desc;Usitta;;;;;;;;;;;;;x
c_kegim;Kegim;;;;;;;;;;;;;x
c_kegim_adj;Kegim;;;;;;;;;;;;;x
c_kegim_desc;Kegim;;;;;;;;;;;;;x
c_keluva;Keluva;;;;;;;;;;;;;x
c_keluva_adj;Keluva;;;;;;;;;;;;;x
c_keluva_desc;Keluva;;;;;;;;;;;;;x
c_botirv;Botirv;;;;;;;;;;;;;x
c_botirv_adj;Botirv;;;;;;;;;;;;;x
c_botirv_desc;Botirv;;;;;;;;;;;;;x
c_weli;Weli;;;;;;;;;;;;;x
c_weli_adj;Weli;;;;;;;;;;;;;x
c_weli_desc;Weli;;;;;;;;;;;;;x
c_tasleg;Tasleg;;;;;;;;;;;;;x
c_tasleg_adj;Tasleg;;;;;;;;;;;;;x
c_tasleg_desc;Tasleg;;;;;;;;;;;;;x
c_eisot;Eisot;;;;;;;;;;;;;x
c_eisot_adj;Eisot;;;;;;;;;;;;;x
c_eisot_desc;Eisot;;;;;;;;;;;;;x
c_wacar;Wacar;;;;;;;;;;;;;x
c_wacar_adj;Wacar;;;;;;;;;;;;;x
c_wacar_desc;Wacar;;;;;;;;;;;;;x
c_qural;Qural;;;;;;;;;;;;;x
c_qural_adj;Qural;;;;;;;;;;;;;x
c_qural_desc;Qural;;;;;;;;;;;;;x
c_zorak;Zorak;;;;;;;;;;;;;x
c_zorak_adj;Zorak;;;;;;;;;;;;;x
c_zorak_desc;Zorak;;;;;;;;;;;;;x
c_ahesi;Ahesi;;;;;;;;;;;;;x
c_ahesi_adj;Ahesi;;;;;;;;;;;;;x
c_ahesi_desc;Ahesi;;;;;;;;;;;;;x
c_belola;Belola;;;;;;;;;;;;;x
c_belola_adj;Belola;;;;;;;;;;;;;x
c_belola_desc;Belola;;;;;;;;;;;;;x
c_racon;Racon;;;;;;;;;;;;;x
c_racon_adj;Racon;;;;;;;;;;;;;x
c_racon_desc;Racon;;;;;;;;;;;;;x
c_yelt;Yelt;;;;;;;;;;;;;x
c_yelt_adj;Yelt;;;;;;;;;;;;;x
c_yelt_desc;Yelt;;;;;;;;;;;;;x
c_lahmud;Lahmud;;;;;;;;;;;;;x
c_lahmud_adj;Lahmud;;;;;;;;;;;;;x
c_lahmud_desc;Lahmud;;;;;;;;;;;;;x
c_suner;Suner;;;;;;;;;;;;;x
c_suner_adj;Suner;;;;;;;;;;;;;x
c_suner_desc;Suner;;;;;;;;;;;;;x
c_besven;Besven;;;;;;;;;;;;;x
c_besven_adj;Besven;;;;;;;;;;;;;x
c_besven_desc;Besven;;;;;;;;;;;;;x
c_damuda;Damuda;;;;;;;;;;;;;x
c_damuda_adj;Damuda;;;;;;;;;;;;;x
c_damuda_desc;Damuda;;;;;;;;;;;;;x
c_krois;Krois;;;;;;;;;;;;;x
c_krois_adj;Krois;;;;;;;;;;;;;x
c_krois_desc;Krois;;;;;;;;;;;;;x
c_montge;Montge;;;;;;;;;;;;;x
c_montge_adj;Montge;;;;;;;;;;;;;x
c_montge_desc;Montge;;;;;;;;;;;;;x
c_vedeux;Vedeux;;;;;;;;;;;;;x
c_vedeux_adj;Vedeux;;;;;;;;;;;;;x
c_vedeux_desc;Vedeux;;;;;;;;;;;;;x
c_zurbarran;Zurbarran;;;;;;;;;;;;;x
c_zurbarran_adj;Zurbarran;;;;;;;;;;;;;x
c_zurbarran_desc;Zurbarran;;;;;;;;;;;;;x
c_creuxrenard;Creuxrenard;;;;;;;;;;;;;x
c_creuxrenard_adj;Creuxrenard;;;;;;;;;;;;;x
c_creuxrenard_desc;Creuxrenard;;;;;;;;;;;;;x
c_peyrac;Peyrac;;;;;;;;;;;;;x
c_peyrac_adj;Peyrac;;;;;;;;;;;;;x
c_peyrac_desc;Peyrac;;;;;;;;;;;;;x
c_skordh;Skordh;;;;;;;;;;;;;x
c_skordh_adj;Skordh;;;;;;;;;;;;;x
c_skordh_desc;Skordh;;;;;;;;;;;;;x
c_azunere;Azunere;;;;;;;;;;;;;x
c_azunere_adj;Azunere;;;;;;;;;;;;;x
c_azunere_desc;Azunere;;;;;;;;;;;;;x
c_cubele;Cubele;;;;;;;;;;;;;x
c_cubele_adj;Cubele;;;;;;;;;;;;;x
c_cubele_desc;Cubele;;;;;;;;;;;;;x
c_tiria;Tiria;;;;;;;;;;;;;x
c_tiria_adj;Tiria;;;;;;;;;;;;;x
c_tiria_desc;Tiria;;;;;;;;;;;;;x
c_talgar;Talgar;;;;;;;;;;;;;x
c_talgar_adj;Talgar;;;;;;;;;;;;;x
c_talgar_desc;Talgar;;;;;;;;;;;;;x
c_egles;Egles;;;;;;;;;;;;;x
c_egles_adj;Egles;;;;;;;;;;;;;x
c_egles_desc;Egles;;;;;;;;;;;;;x
c_vievers;Vievers;;;;;;;;;;;;;x
c_vievers_adj;Vievers;;;;;;;;;;;;;x
c_vievers_desc;Vievers;;;;;;;;;;;;;x
c_velhad;Velhad;;;;;;;;;;;;;x
c_velhad_adj;Velhad;;;;;;;;;;;;;x
c_velhad_desc;Velhad;;;;;;;;;;;;;x
c_adampole;Adampole;;;;;;;;;;;;;x
c_adampole_adj;Adampole;;;;;;;;;;;;;x
c_adampole_desc;Adampole;;;;;;;;;;;;;x
c_ban_glean;Ban Glean;;;;;;;;;;;;;x
c_ban_glean_adj;Ban Glean;;;;;;;;;;;;;x
c_ban_glean_desc;Ban Glean;;;;;;;;;;;;;x
c_caed_myrkvid;Caed Myrkvid;;;;;;;;;;;;;x
c_caed_myrkvid_adj;Caed Myrkvid;;;;;;;;;;;;;x
c_caed_myrkvid_desc;Caed Myrkvid;;;;;;;;;;;;;x
c_petrun;Petrun;;;;;;;;;;;;;x
c_petrun_adj;Petrun;;;;;;;;;;;;;x
c_petrun_desc;Petrun;;;;;;;;;;;;;x
c_ryba;Ryba;;;;;;;;;;;;;x
c_ryba_adj;Ryba;;;;;;;;;;;;;x
c_ryba_desc;Ryba;;;;;;;;;;;;;x
c_ustilog;Ustilog;;;;;;;;;;;;;x
c_ustilog_adj;Ustilog;;;;;;;;;;;;;x
c_ustilog_desc;Ustilog;;;;;;;;;;;;;x
c_dun_gleanainn;Dun Gleanainn;;;;;;;;;;;;;x
c_dun_gleanainn_adj;Dun Gleanainn;;;;;;;;;;;;;x
c_dun_gleanainn_desc;Dun Gleanainn;;;;;;;;;;;;;x
c_vaymbet;Vaymbet;;;;;;;;;;;;;x
c_vaymbet_adj;Vaymbet;;;;;;;;;;;;;x
c_vaymbet_desc;Vaymbet;;;;;;;;;;;;;x
c_birensk;Birensk;;;;;;;;;;;;;x
c_birensk_adj;Birensk;;;;;;;;;;;;;x
c_birensk_desc;Birensk;;;;;;;;;;;;;x
c_tugun;Tugun;;;;;;;;;;;;;x
c_tugun_adj;Tugun;;;;;;;;;;;;;x
c_tugun_desc;Tugun;;;;;;;;;;;;;x
c_maum;Maum;;;;;;;;;;;;;x
c_maum_adj;Maum;;;;;;;;;;;;;x
c_maum_desc;Maum;;;;;;;;;;;;;x
c_taganrog;Taganrog;;;;;;;;;;;;;x
c_taganrog_adj;Taganrog;;;;;;;;;;;;;x
c_taganrog_desc;Taganrog;;;;;;;;;;;;;x
c_terpilit;Terpilit;;;;;;;;;;;;;x
c_terpilit_adj;Terpilit;;;;;;;;;;;;;x
c_terpilit_desc;Terpilit;;;;;;;;;;;;;x
c_ugol;Ugol;;;;;;;;;;;;;x
c_ugol_adj;Ugol;;;;;;;;;;;;;x
c_ugol_desc;Ugol;;;;;;;;;;;;;x
c_artiom;Artiom;;;;;;;;;;;;;x
c_artiom_adj;Artiom;;;;;;;;;;;;;x
c_artiom_desc;Artiom;;;;;;;;;;;;;x
c_daevon;Daevon;;;;;;;;;;;;;x
c_daevon_adj;Daevon;;;;;;;;;;;;;x
c_daevon_desc;Daevon;;;;;;;;;;;;;x
c_gauf;Gauf;;;;;;;;;;;;;x
c_gauf_adj;Gauf;;;;;;;;;;;;;x
c_gauf_desc;Gauf;;;;;;;;;;;;;x
c_ivlot;Ivlot;;;;;;;;;;;;;x
c_ivlot_adj;Ivlot;;;;;;;;;;;;;x
c_ivlot_desc;Ivlot;;;;;;;;;;;;;x
c_mangup;Mangup;;;;;;;;;;;;;x
c_mangup_adj;Mangup;;;;;;;;;;;;;x
c_mangup_desc;Mangup;;;;;;;;;;;;;x
c_ard_gymraen;Ard Gymraen;;;;;;;;;;;;;x
c_ard_gymraen_adj;Ard Gymraen;;;;;;;;;;;;;x
c_ard_gymraen_desc;Ard Gymraen;;;;;;;;;;;;;x
c_daud_otar;Daud Otar;;;;;;;;;;;;;x
c_daud_otar_adj;Daud Otar;;;;;;;;;;;;;x
c_daud_otar_desc;Daud Otar;;;;;;;;;;;;;x
c_klin;Klin;;;;;;;;;;;;;x
c_klin_adj;Klin;;;;;;;;;;;;;x
c_klin_desc;Klin;;;;;;;;;;;;;x
c_suzdal;Suzdal;;;;;;;;;;;;;x
c_suzdal_adj;Suzdal;;;;;;;;;;;;;x
c_suzdal_desc;Suzdal;;;;;;;;;;;;;x
c_bukina;Bukina;;;;;;;;;;;;;x
c_bukina_adj;Bukina;;;;;;;;;;;;;x
c_bukina_desc;Bukina;;;;;;;;;;;;;x
c_arkaim;Arkaim;;;;;;;;;;;;;x
c_arkaim_adj;Arkaim;;;;;;;;;;;;;x
c_arkaim_desc;Arkaim;;;;;;;;;;;;;x
c_barlest;Barlest;;;;;;;;;;;;;x
c_barlest_adj;Barlest;;;;;;;;;;;;;x
c_barlest_desc;Barlest;;;;;;;;;;;;;x
c_kazener;Kazener;;;;;;;;;;;;;x
c_kazener_adj;Kazener;;;;;;;;;;;;;x
c_kazener_desc;Kazener;;;;;;;;;;;;;x
c_nadym;Nadym;;;;;;;;;;;;;x
c_nadym_adj;Nadym;;;;;;;;;;;;;x
c_nadym_desc;Nadym;;;;;;;;;;;;;x
c_meyda;Meyda;;;;;;;;;;;;;x
c_meyda_adj;Meyda;;;;;;;;;;;;;x
c_meyda_desc;Meyda;;;;;;;;;;;;;x
c_mugort;Mugort;;;;;;;;;;;;;x
c_mugort_adj;Mugort;;;;;;;;;;;;;x
c_mugort_desc;Mugort;;;;;;;;;;;;;x
c_tarlyk;Tarlyk;;;;;;;;;;;;;x
c_tarlyk_adj;Tarlyk;;;;;;;;;;;;;x
c_tarlyk_desc;Tarlyk;;;;;;;;;;;;;x
c_vspaden;Vspaden;;;;;;;;;;;;;x
c_vspaden_adj;Vspaden;;;;;;;;;;;;;x
c_vspaden_desc;Vspaden;;;;;;;;;;;;;x
c_arvamas;Arvamas;;;;;;;;;;;;;x
c_arvamas_adj;Arvamas;;;;;;;;;;;;;x
c_arvamas_desc;Arvamas;;;;;;;;;;;;;x
c_kaer_morhen;Kaer Morhen;;;;;;;;;;;;;x
c_kaer_morhen_adj;Kaer Morhen;;;;;;;;;;;;;x
c_kaer_morhen_desc;Kaer Morhen;;;;;;;;;;;;;x
c_munor;Munor;;;;;;;;;;;;;x
c_munor_adj;Munor;;;;;;;;;;;;;x
c_munor_desc;Munor;;;;;;;;;;;;;x
c_tiga;Tiga;;;;;;;;;;;;;x
c_tiga_adj;Tiga;;;;;;;;;;;;;x
c_tiga_desc;Tiga;;;;;;;;;;;;;x
c_zabeley;Zabeley;;;;;;;;;;;;;x
c_zabeley_adj;Zabeley;;;;;;;;;;;;;x
c_zabeley_desc;Zabeley;;;;;;;;;;;;;x
c_ard_kestrel;Ard Kestrel;;;;;;;;;;;;;x
c_ard_kestrel_adj;Ard Kestrel;;;;;;;;;;;;;x
c_ard_kestrel_desc;Ard Kestrel;;;;;;;;;;;;;x
c_kolooma;Kolooma;;;;;;;;;;;;;x
c_kolooma_adj;Kolooma;;;;;;;;;;;;;x
c_kolooma_desc;Kolooma;;;;;;;;;;;;;x
c_marfink;Marfink;;;;;;;;;;;;;x
c_marfink_adj;Marfink;;;;;;;;;;;;;x
c_marfink_desc;Marfink;;;;;;;;;;;;;x
c_terssac;Terssac;;;;;;;;;;;;;x
c_terssac_adj;Terssac;;;;;;;;;;;;;x
c_terssac_desc;Terssac;;;;;;;;;;;;;x
c_lomtuga;Lomtuga;;;;;;;;;;;;;x
c_lomtuga_adj;Lomtuga;;;;;;;;;;;;;x
c_lomtuga_desc;Lomtuga;;;;;;;;;;;;;x
c_almandaye;Almandaye;;;;;;;;;;;;;x
c_almandaye_adj;Almandaye;;;;;;;;;;;;;x
c_almandaye_desc;Almandaye;;;;;;;;;;;;;x
c_ard_ghlais;Ard Ghlais;;;;;;;;;;;;;x
c_ard_ghlais_adj;Ard Ghlais;;;;;;;;;;;;;x
c_ard_ghlais_desc;Ard Ghlais;;;;;;;;;;;;;x
c_beloozero;Beloozero;;;;;;;;;;;;;x
c_beloozero_adj;Beloozero;;;;;;;;;;;;;x
c_beloozero_desc;Beloozero;;;;;;;;;;;;;x
c_jurga;Jurga;;;;;;;;;;;;;x
c_jurga_adj;Jurga;;;;;;;;;;;;;x
c_jurga_desc;Jurga;;;;;;;;;;;;;x
c_kadar_argon;Kadar Argon;;;;;;;;;;;;;x
c_kadar_argon_adj;Kadar Argon;;;;;;;;;;;;;x
c_kadar_argon_desc;Kadar Argon;;;;;;;;;;;;;x
c_angsul;Angsul;;;;;;;;;;;;;x
c_angsul_adj;Angsul;;;;;;;;;;;;;x
c_angsul_desc;Angsul;;;;;;;;;;;;;x
c_monts_of_angmar;Monts of Angmar;;;;;;;;;;;;;x
c_monts_of_angmar_adj;Monts of Angmar;;;;;;;;;;;;;x
c_monts_of_angmar_desc;Monts of Angmar;;;;;;;;;;;;;x
c_imlad_balchorth;Imlad Balchorth;;;;;;;;;;;;;x
c_imlad_balchorth_adj;Imlad Balchorth;;;;;;;;;;;;;x
c_imlad_balchorth_desc;Imlad Balchorth;;;;;;;;;;;;;x
c_ravda;Ravda;;;;;;;;;;;;;x
c_ravda_adj;Ravda;;;;;;;;;;;;;x
c_ravda_desc;Ravda;;;;;;;;;;;;;x
c_bar_grundail;Bar Grundail;;;;;;;;;;;;;x
c_bar_grundail_adj;Bar Grundail;;;;;;;;;;;;;x
c_bar_grundail_desc;Bar Grundail;;;;;;;;;;;;;x
c_gorothlad;Gorothlad;;;;;;;;;;;;;x
c_gorothlad_adj;Gorothlad;;;;;;;;;;;;;x
c_gorothlad_desc;Gorothlad;;;;;;;;;;;;;x
c_maethad;Maethad;;;;;;;;;;;;;x
c_maethad_adj;Maethad;;;;;;;;;;;;;x
c_maethad_desc;Maethad;;;;;;;;;;;;;x
c_aughaire;Aughaire;;;;;;;;;;;;;x
c_aughaire_adj;Aughaire;;;;;;;;;;;;;x
c_aughaire_desc;Aughaire;;;;;;;;;;;;;x
c_korondaj;Korondaj;;;;;;;;;;;;;x
c_korondaj_adj;Korondaj;;;;;;;;;;;;;x
c_korondaj_desc;Korondaj;;;;;;;;;;;;;x
c_korb_taskral;Korb Taskral;;;;;;;;;;;;;x
c_korb_taskral_adj;Korb Taskral;;;;;;;;;;;;;x
c_korb_taskral_desc;Korb Taskral;;;;;;;;;;;;;x
c_annuminas;Annuminas;;;;;;;;;;;;;x
c_annuminas_adj;Annuminas;;;;;;;;;;;;;x
c_annuminas_desc;Annuminas;;;;;;;;;;;;;x
c_biberveldt;Biberveldt;;;;;;;;;;;;;x
c_biberveldt_adj;Biberveldt;;;;;;;;;;;;;x
c_biberveldt_desc;Biberveldt;;;;;;;;;;;;;x
c_thorin;Thorin;;;;;;;;;;;;;x
c_thorin_adj;Thorin;;;;;;;;;;;;;x
c_thorin_desc;Thorin;;;;;;;;;;;;;x
c_nurumurl;Nurumurl;;;;;;;;;;;;;x
c_nurumurl_adj;Nurumurl;;;;;;;;;;;;;x
c_nurumurl_desc;Nurumurl;;;;;;;;;;;;;x
c_gothol_zigil;Gothol Zigil;;;;;;;;;;;;;x
c_gothol_zigil_adj;Gothol Zigil;;;;;;;;;;;;;x
c_gothol_zigil_desc;Gothol Zigil;;;;;;;;;;;;;x
c_baraz_duban;Baraz Duban;;;;;;;;;;;;;x
c_baraz_duban_adj;Baraz Duban;;;;;;;;;;;;;x
c_baraz_duban_desc;Baraz Duban;;;;;;;;;;;;;x
c_sulaj_dar;Sulaj Dar;;;;;;;;;;;;;x
c_sulaj_dar_adj;Sulaj Dar;;;;;;;;;;;;;x
c_sulaj_dar_desc;Sulaj Dar;;;;;;;;;;;;;x
c_erebor;Erebor;;;;;;;;;;;;;x
c_erebor_adj;Erebor;;;;;;;;;;;;;x
c_erebor_desc;Erebor;;;;;;;;;;;;;x
c_morlith;Morlith;;;;;;;;;;;;;x
c_morlith_adj;Morlith;;;;;;;;;;;;;x
c_morlith_desc;Morlith;;;;;;;;;;;;;x
c_nabatan;Nabatan;;;;;;;;;;;;;x
c_nabatan_adj;Nabatan;;;;;;;;;;;;;x
c_nabatan_desc;Nabatan;;;;;;;;;;;;;x
c_elu_anath;Elu Anath;;;;;;;;;;;;;x
c_elu_anath_adj;Elu Anath;;;;;;;;;;;;;x
c_elu_anath_desc;Elu Anath;;;;;;;;;;;;;x
c_har_narzul;Har Narzul;;;;;;;;;;;;;x
c_har_narzul_adj;Har Narzul;;;;;;;;;;;;;x
c_har_narzul_desc;Har Narzul;;;;;;;;;;;;;x
c_senthar;Senthar;;;;;;;;;;;;;x
c_senthar_adj;Senthar;;;;;;;;;;;;;x
c_senthar_desc;Senthar;;;;;;;;;;;;;x
c_pingassen;Pingassen;;;;;;;;;;;;;x
c_pingassen_adj;Pingassen;;;;;;;;;;;;;x
c_pingassen_desc;Pingassen;;;;;;;;;;;;;x
c_vhatau;Vhatau;;;;;;;;;;;;;x
c_vhatau_adj;Vhatau;;;;;;;;;;;;;x
c_vhatau_desc;Vhatau;;;;;;;;;;;;;x
c_muthris;Muthris;;;;;;;;;;;;;x
c_muthris_adj;Muthris;;;;;;;;;;;;;x
c_muthris_desc;Muthris;;;;;;;;;;;;;x
c_obertauern;Obertauern;;;;;;;;;;;;;x
c_obertauern_adj;Obertauern;;;;;;;;;;;;;x
c_obertauern_desc;Obertauern;;;;;;;;;;;;;x
c_briesach;Briesach;;;;;;;;;;;;;x
c_briesach_adj;Briesach;;;;;;;;;;;;;x
c_briesach_desc;Briesach;;;;;;;;;;;;;x
c_sivelitz;Sivelitz;;;;;;;;;;;;;x
c_sivelitz_adj;Sivelitz;;;;;;;;;;;;;x
c_sivelitz_desc;Sivelitz;;;;;;;;;;;;;x
c_arriach;Arriach;;;;;;;;;;;;;x
c_arriach_adj;Arriach;;;;;;;;;;;;;x
c_arriach_desc;Arriach;;;;;;;;;;;;;x
c_zeoben;Zeoben;;;;;;;;;;;;;x
c_zeoben_adj;Zeoben;;;;;;;;;;;;;x
c_zeoben_desc;Zeoben;;;;;;;;;;;;;x
c_vengerberg;Vengerberg;;;;;;;;;;;;;x
c_vengerberg_adj;Vengerberg;;;;;;;;;;;;;x
c_vengerberg_desc;Vengerberg;;;;;;;;;;;;;x
c_kaudenberg;Kaudenberg;;;;;;;;;;;;;x
c_kaudenberg_adj;Kaudenberg;;;;;;;;;;;;;x
c_kaudenberg_desc;Kaudenberg;;;;;;;;;;;;;x
c_trelis;Trelis;;;;;;;;;;;;;x
c_trelis_adj;Trelis;;;;;;;;;;;;;x
c_trelis_desc;Trelis;;;;;;;;;;;;;x
c_aspach;Aspach;;;;;;;;;;;;;x
c_aspach_adj;Aspachian;;;;;;;;;;;;;x
c_aspach_desc;Aspach;;;;;;;;;;;;;x
c_climont;Climont;;;;;;;;;;;;;x
c_climont_adj;Climont;;;;;;;;;;;;;x
c_climont_desc;Climont;;;;;;;;;;;;;x
c_jahki;Jahki;;;;;;;;;;;;;x
c_jahki_adj;Jahki;;;;;;;;;;;;;x
c_jahki_desc;Jahki;;;;;;;;;;;;;x
c_katunets;Katunets;;;;;;;;;;;;;x
c_katunets_adj;Katunets;;;;;;;;;;;;;x
c_katunets_desc;Katunets;;;;;;;;;;;;;x
c_turukhan;Turukhan;;;;;;;;;;;;;x
c_turukhan_adj;Turukhan;;;;;;;;;;;;;x
c_turukhan_desc;Turukhan;;;;;;;;;;;;;x
c_morghaar;Morghaar;;;;;;;;;;;;;x
c_morghaar_adj;Morghaar;;;;;;;;;;;;;x
c_morghaar_desc;Morghaar;;;;;;;;;;;;;x
c_blatnista;Blatnista;;;;;;;;;;;;;x
c_blatnista_adj;Blatnista;;;;;;;;;;;;;x
c_blatnista_desc;Blatnista;;;;;;;;;;;;;x
c_lesichovo;Lesichovo;;;;;;;;;;;;;x
c_lesichovo_adj;Lesichovo;;;;;;;;;;;;;x
c_lesichovo_desc;Lesichovo;;;;;;;;;;;;;x
c_poibrene;Poibrene;;;;;;;;;;;;;x
c_poibrene_adj;Poibrene;;;;;;;;;;;;;x
c_poibrene_desc;Poibrene;;;;;;;;;;;;;x
c_yakhdoi;Yakhdoi;;;;;;;;;;;;;x
c_yakhdoi_adj;Yakhdoi;;;;;;;;;;;;;x
c_yakhdoi_desc;Yakhdoi;;;;;;;;;;;;;x
c_shroktak;Shroktak;;;;;;;;;;;;;x
c_shroktak_adj;Shroktak;;;;;;;;;;;;;x
c_shroktak_desc;Shroktak;;;;;;;;;;;;;x
c_cervantesa;Cervantesa;;;;;;;;;;;;;x
c_cervantesa_adj;Cervantesa;;;;;;;;;;;;;x
c_cervantesa_desc;Cervantesan;;;;;;;;;;;;;x
c_myrbaz;Myrbaz;;;;;;;;;;;;;x
c_myrbaz_adj;Myrbaz;;;;;;;;;;;;;x
c_myrbaz_desc;Myrbaz;;;;;;;;;;;;;x
c_formyre;Formyre;;;;;;;;;;;;;x
c_formyre_adj;Formyre;;;;;;;;;;;;;x
c_formyre_desc;Formyre;;;;;;;;;;;;;x
c_aparhant;Aparhant;;;;;;;;;;;;;x
c_aparhant_adj;Aparhant;;;;;;;;;;;;;x
c_aparhant_desc;Aparhant;;;;;;;;;;;;;x
c_naugis;Naugis;;;;;;;;;;;;;x
c_naugis_adj;Naugis;;;;;;;;;;;;;x
c_naugis_desc;Naugis;;;;;;;;;;;;;x
c_yumarrak;Yumarrak;;;;;;;;;;;;;x
c_yumarrak_adj;Yumarrak;;;;;;;;;;;;;x
c_yumarrak_desc;Yumarrak;;;;;;;;;;;;;x
c_massylath;Massylath;;;;;;;;;;;;;x
c_massylath_adj;Massylath;;;;;;;;;;;;;x
c_massylath_desc;Massylath;;;;;;;;;;;;;x
c_durthan;Durthan;;;;;;;;;;;;;x
c_durthan_adj;Durthan;;;;;;;;;;;;;x
c_durthan_desc;Durthan;;;;;;;;;;;;;x
c_ukhorth;Ukhorth;;;;;;;;;;;;;x
c_ukhorth_adj;Ukhorth;;;;;;;;;;;;;x
c_ukhorth_desc;Ukhorth;;;;;;;;;;;;;x
c_ashiun;Ashiun;;;;;;;;;;;;;x
c_ashiun_adj;Ashiuner;;;;;;;;;;;;;x
c_ashiun_desc;Ashiun;;;;;;;;;;;;;x
c_qasynnar;Qasynnar;;;;;;;;;;;;;x
c_qasynnar_adj;Qasynnar;;;;;;;;;;;;;x
c_qasynnar_desc;Qasynnar;;;;;;;;;;;;;x
c_hathdror;Hathdror;;;;;;;;;;;;;x
c_hathdror_adj;Hathdror;;;;;;;;;;;;;x
c_hathdror_desc;Hathdror;;;;;;;;;;;;;x
c_alcoa;Alcoa;;;;;;;;;;;;;x
c_alcoa_adj;Alcoan;;;;;;;;;;;;;x
c_baas;Baas;;;;;;;;;;;;;x
c_baas_adj;Baas;;;;;;;;;;;;;x
c_baas_desc;Baas;;;;;;;;;;;;;x
c_darhold_adj;Darholdian;;;;;;;;;;;;;x
c_masdom_adj;Masdomian;;;;;;;;;;;;;x
c_pubao;Pu Bao;;;;;;;;;;;;;x
c_pubao_adj;Pu Bao;;;;;;;;;;;;;x
c_maesan_adj;Mae San;;;;;;;;;;;;;x