b_newjoy;New Joy;;;;;;;;;;;;;x
b_gorinir;Gorinir;;;;;;;;;;;;;x
b_aalto;Aalto;;;;;;;;;;;;;x
b_sphinxmoth;Sphinxmoth;;;;;;;;;;;;;x
b_fardirsfolly;Fardir's Folly;;;;;;;;;;;;;x
b_path_lily;Path of the Lily;;;;;;;;;;;;;x
b_dead_water;Dead-Water;;;;;;;;;;;;;x
b_dawnshadow;Dawnshadow;;;;;;;;;;;;;x
b_deepswamp;Deepswamp;;;;;;;;;;;;;x
b_echoing_hollow;Echoing Hollow;;;;;;;;;;;;;x
b_sapiarchs;College of Sapiarchs;;;;;;;;;;;;;x
b_reliquary_of_stars;Reliquary of Stars;;;;;;;;;;;;;x
b_bouldertree;Bouldertree;;;;;;;;;;;;;x
b_two_moon_path;Two Moon Path;;;;;;;;;;;;;x
b_sollicish;Sollicish-on-Ker;;;;;;;;;;;;;x
b_leafwater;Leafwater;;;;;;;;;;;;;x
b_khazgur;Mor Khazgur;;;;;;;;;;;;;x
b_coffinrest;Coffinrest;;;;;;;;;;;;;x
b_sentinel_city;Sentinel;;;;;;;;;;;;;x
b_xinchei_konu;Xinchei-Konu;;;;;;;;;;;;;x
b_bogmother;Bogmother;;;;;;;;;;;;;x
b_xal_ithix;Xal Ithix;;;;;;;;;;;;;x
b_tenmorvuk;Ten-Maur-Wolk;;;;;;;;;;;;;x
b_xal_haj_ei;Xal Haj-Ei;;;;;;;;;;;;;x
b_broken_tusk;Broken Tusk;;;;;;;;;;;;;x
b_xal_thak;Xal Thak;;;;;;;;;;;;;x
b_tripe_circle;Tripe Circle;;;;;;;;;;;;;x
b_tura;Tura;;;;;;;;;;;;;x
b_onkobra;Onkobra;;;;;;;;;;;;;x
b_stveloth;Saint Veloth;;;;;;;;;;;;;x
b_deepcrag;Deepcrag;;;;;;;;;;;;;x
b_selfora;Selfora;;;;;;;;;;;;;x
b_llugwych;Llugwych;;;;;;;;;;;;;x
b_eidolon;Eidolon's Hollow;;;;;;;;;;;;;x
b_taleon;Taleon;;;;;;;;;;;;;x
b_darkshade;Darkshade;;;;;;;;;;;;;x
b_silent_mire;Silent Mire;;;;;;;;;;;;;x
b_taldeic;Tal'Deic;;;;;;;;;;;;;x
b_volunidai;Volunidai;;;;;;;;;;;;;x
b_coiled;Coiled Path;;;;;;;;;;;;;x
b_siltreen;Siltreen Sanitary Mortuary;;;;;;;;;;;;;x
b_knife_ear;Knife Ear Grotto;;;;;;;;;;;;;x
b_percolating;Percolating Mire;;;;;;;;;;;;;x
b_shortusk;Shortusk Hillock;;;;;;;;;;;;;x
b_mzithumz;Mzithumz;;;;;;;;;;;;;x
b_berezans;Berezans;;;;;;;;;;;;;x
b_shad_astula;Shad Astula;;;;;;;;;;;;;x
b_avayan;Avayan;;;;;;;;;;;;;x
b_strilms;Saint Rilms;;;;;;;;;;;;;x
b_sunscale;Sunscale Strand;;;;;;;;;;;;;x
b_bthanual;Bthanual;;;;;;;;;;;;;x
b_reverie;Reverie;;;;;;;;;;;;;x
b_obsidian;Obsidian Gorge;;;;;;;;;;;;;x
b_muth_gnaar;Muth Gnaar;;;;;;;;;;;;;x
b_oldida;Oldida;;;;;;;;;;;;;x
b_hlanii;Hlanii's Hovel;;;;;;;;;;;;;x
b_quondam;Quondam;;;;;;;;;;;;;x
b_llarel;Llarel's Shelter;;;;;;;;;;;;;x
b_deep_graves;Deep Graves Cemetery;;;;;;;;;;;;;x
b_bitterroot;Bitterroot;;;;;;;;;;;;;x
b_hissmir;Hissmir;;;;;;;;;;;;;x
b_chid_moska;Chid Moska;;;;;;;;;;;;;x
b_redolent;Redolent;;;;;;;;;;;;;x
b_serkamora;Serkamora;;;;;;;;;;;;;x
b_atanaz;Atanaz;;;;;;;;;;;;;x
b_gandranen;Gandranen;;;;;;;;;;;;;x
b_bok_xul;Bok-Xul;;;;;;;;;;;;;x
b_alten_meerhleel;Alten Meerhleel;;;;;;;;;;;;;x
b_norg_tzel;Norg Tzel;;;;;;;;;;;;;x
b_marshbound;Marshbound;;;;;;;;;;;;;x
b_bright_throat;Bright-Throat;;;;;;;;;;;;;x
b_guardhouse;Guardhouse;;;;;;;;;;;;;x
b_moonhenge;Moonhenge;;;;;;;;;;;;;x
b_hectahame;Hectahame;;;;;;;;;;;;;x
b_hourglass_enclave;Enclave of the Hourglass;;;;;;;;;;;;;x
b_zergonipal;Zergonipal;;;;;;;;;;;;;x
b_incarnate;Valley of the Wind;;;;;;;;;;;;;x
b_faltonia;Faltonia;;;;;;;;;;;;;x
b_treehange;Treehange;;;;;;;;;;;;;x
b_rootspire;Rootspire;;;;;;;;;;;;;x
b_blackvine;Black Vine;;;;;;;;;;;;;x
b_windshriek;Windshriek Strand;;;;;;;;;;;;;x
b_jodespocket;Jode's Pocket;;;;;;;;;;;;;x
b_moonmont;Moonmont;;;;;;;;;;;;;x
b_kardesh_1;Kardesh;;;;;;;;;;;;;x
b_kardesh_2;Naqada;;;;;;;;;;;;;x
b_kardesh_3;Jibril;;;;;;;;;;;;;x
b_kardesh_4;Fattath;;;;;;;;;;;;;x
b_kardesh_5;Madboul;;;;;;;;;;;;;x
b_kardesh_6;Sisi;;;;;;;;;;;;;x
b_kardesh_7;Djoser;;;;;;;;;;;;;x
b_kardesh_8;Hamesh;;;;;;;;;;;;;x
b_klithi_1;Klithi;;;;;;;;;;;;;x
b_klithi_2;Magar;;;;;;;;;;;;;x
b_klithi_3;Ishma Azad;;;;;;;;;;;;;x
b_klithi_4;Aradesh;;;;;;;;;;;;;x
b_klithi_5;Teke;;;;;;;;;;;;;x
b_klithi_6;Marwari;;;;;;;;;;;;;x
b_klithi_7;Asil Ijra;;;;;;;;;;;;;x
b_arranha_1;Arranbu;;;;;;;;;;;;;x
b_arranha_2;Soko;;;;;;;;;;;;;x
b_arranha_3;Zazzau;;;;;;;;;;;;;x
b_arranha_4;Hadejia;;;;;;;;;;;;;x
b_arranha_5;Fulan;;;;;;;;;;;;;x
b_arranha_6;Lange;;;;;;;;;;;;;x
b_arranha_7;Bakwai;;;;;;;;;;;;;x
b_arranha_8;Kaarta;;;;;;;;;;;;;x
b_asil_yelir;Asil Yelir;;;;;;;;;;;;;x
b_asil_2;Bayajidda;;;;;;;;;;;;;x
b_asil_3;Fanir;;;;;;;;;;;;;x
b_asil_4;Khamsa;;;;;;;;;;;;;x
b_asil_5;Azid;;;;;;;;;;;;;x
b_asil_6;Halla;;;;;;;;;;;;;x
b_asil_7;Bawo;;;;;;;;;;;;;x
b_asil_8;Akhal;;;;;;;;;;;;;x
b_largashbur;Largashbur;;;;;;;;;;;;;x
b_ouze;Ouze;;;;;;;;;;;;;x
b_zamunda_1;Zamunda;;;;;;;;;;;;;x
b_zamunda_2;Daura;;;;;;;;;;;;;x
b_zamunda_3;Kano;;;;;;;;;;;;;x
b_zamunda_4;Katsina;;;;;;;;;;;;;x
b_zamunda_5;Zaria;;;;;;;;;;;;;x
b_zamunda_6;Gobir;;;;;;;;;;;;;x
b_zamunda_7;Rano;;;;;;;;;;;;;x
b_zamunda_8;Biram;;;;;;;;;;;;;x
b_tanglehaven;Tanglehaven;;;;;;;;;;;;;x
b_serpent;Serpent's Grotto;;;;;;;;;;;;;x
b_kastav_6;Kvarner;;;;;;;;;;;;;x
b_valtheim_5;Steingang;;;;;;;;;;;;;x
b_valtheim_6;Nynorsk;;;;;;;;;;;;;x
b_nakan_1;Nakan;;;;;;;;;;;;;x
b_nakan_2;Yauri;;;;;;;;;;;;;x
b_nakan_3;Zamfara;;;;;;;;;;;;;x
b_nakan_4;Kebbi;;;;;;;;;;;;;x
b_nakan_5;Gwari;;;;;;;;;;;;;x
b_nakan_6;Kwarafa;;;;;;;;;;;;;x
b_nakan_7;Nupe;;;;;;;;;;;;;x
b_nakan_8;Ilorin;;;;;;;;;;;;;x
b_valtheim_7;Velja;;;;;;;;;;;;;x
b_maliya;Maliya;;;;;;;;;;;;;x
b_bahia_1;Bahia;;;;;;;;;;;;;x
b_bahia_2;Cata;;;;;;;;;;;;;x
b_bahia_3;Dar Agah;;;;;;;;;;;;;x
b_bahia_4;Hajjia;;;;;;;;;;;;;x
b_bahia_5;Bakari;;;;;;;;;;;;;x
b_bahia_6;Hormoz;;;;;;;;;;;;;x
b_bahia_7;Tarom;;;;;;;;;;;;;x
b_bahia_8;Derazy;;;;;;;;;;;;;x
b_at_abah;At-Abah;;;;;;;;;;;;;x
b_laozu;Lao Zu;;;;;;;;;;;;;x
b_moni_1;Moni;;;;;;;;;;;;;x
b_moni_2;Ofori;;;;;;;;;;;;;x
b_moni_3;Atta;;;;;;;;;;;;;x
b_moni_4;Akufo;;;;;;;;;;;;;x
b_moni_5;Addo;;;;;;;;;;;;;x
b_moni_6;Jumia;;;;;;;;;;;;;x
b_moni_7;Kweku;;;;;;;;;;;;;x
b_moni_8;Doubla;;;;;;;;;;;;;x
b_dreadvultain;Dread Vultain;;;;;;;;;;;;;x
b_verrant_morass;Verrant Morass;;;;;;;;;;;;;x
b_whisper_grove;Whisper Grove;;;;;;;;;;;;;x
b_shademist;Shademist Moors;;;;;;;;;;;;;x
b_rootwater;Rootwater Grove;;;;;;;;;;;;;x
b_hollowden;Hollowden;;;;;;;;;;;;;x
b_drowned_coast;Drowned Coast;;;;;;;;;;;;;x
b_driladan;Driladan Pass;;;;;;;;;;;;;x
b_bramblebreach;Bramblebreach;;;;;;;;;;;;;x
b_bloodtoil;Bloodtoil Valley;;;;;;;;;;;;;x
b_velyn;Velyn Harbor;;;;;;;;;;;;;x
b_bitterpoint;Bitterpoint;;;;;;;;;;;;;x
b_jaggedgrotto;Jagged Grotto;;;;;;;;;;;;;x
b_summer;Summer;;;;;;;;;;;;;x
b_stranglewatch;Stranglewatch;;;;;;;;;;;;;x
b_fullersbreak;Fuller's Break;;;;;;;;;;;;;x
b_deepwoods;Deepwoods;;;;;;;;;;;;;x
b_vulkwasten;Vulkwasten;;;;;;;;;;;;;x
b_valeguard;Valeguard;;;;;;;;;;;;;x
b_crimsoncove;Crimson;;;;;;;;;;;;;x
b_starwalk;Starwalk;;;;;;;;;;;;;x
b_riveredge;River Edge;;;;;;;;;;;;;x
b_chancel;Chancel of Divine Entreaty;;;;;;;;;;;;;x
b_redfur;Redfur;;;;;;;;;;;;;x
b_horseshoe;Horseshoe;;;;;;;;;;;;;x
b_remansbluff;Reman's Bluff;;;;;;;;;;;;;x
b_wormroot;Wormroot;;;;;;;;;;;;;x
b_goldfolly;Goldfolly;;;;;;;;;;;;;x
b_valanir;Valanir;;;;;;;;;;;;;x
b_laeloria;Laeloria;;;;;;;;;;;;;x
b_telacar_ossuary;Ossuary of Telacar;;;;;;;;;;;;;x
b_burroot;Burroot;;;;;;;;;;;;;x
b_rootsunder;Root Sunder;;;;;;;;;;;;;x
b_vineshade;Vineshade;;;;;;;;;;;;;x
b_brackenleaf;Brackenleaf;;;;;;;;;;;;;x
b_nesalas;Ne Salas;;;;;;;;;;;;;x
b_brokensails;Broken Sails;;;;;;;;;;;;;x
b_mobar;Mobar;;;;;;;;;;;;;x
b_zantonius;Zantonius Keep;;;;;;;;;;;;;x
b_gray_mire;Gray Mire;;;;;;;;;;;;;x
b_bone_orchard;Bone Orchard;;;;;;;;;;;;;x
b_karthdar;Karthdar;;;;;;;;;;;;;x
b_eldentree;Eldentree;;;;;;;;;;;;;x
b_eldenhollow;Eldenhollow;;;;;;;;;;;;;x
b_eldenseed;Eldenseed;;;;;;;;;;;;;x
b_golden_path;Golden Path;;;;;;;;;;;;;x
b_grimwatch;Grimwatch;;;;;;;;;;;;;x
b_paalat;Pa'alat;;;;;;;;;;;;;x
b_abadir;Abadir;;;;;;;;;;;;;x
b_senalana;Senalana;;;;;;;;;;;;;x
b_dawnmead;Dawnmead;;;;;;;;;;;;;x
b_greenhill;Greenhill;;;;;;;;;;;;;x
b_abagarlas;Abagarlas;;;;;;;;;;;;;x
b_vinedusk;Vinedusk;;;;;;;;;;;;;x
b_srenja;S'ren-ja;;;;;;;;;;;;;x
b_abbarbas;Abbarbas;;;;;;;;;;;;;x
b_caher;Caher;;;;;;;;;;;;;x
b_al;Al;;;;;;;;;;;;;x
b_doon;Doon;;;;;;;;;;;;;x
b_ravenrock;Raven Rock;;;;;;;;;;;;;x
b_abdir;Abdir;;;;;;;;;;;;;x
b_aberdaron;Aberdaron;;;;;;;;;;;;;x
b_aberyst;Aberyst;;;;;;;;;;;;;x
b_koeglin;Koeglin;;;;;;;;;;;;;x
b_shattered_grove;Shattered Grove;;;;;;;;;;;;;x
b_glistervale;Glister Vale;;;;;;;;;;;;;x
b_tanzelwil;Tanzelwil;;;;;;;;;;;;;x
b_southbeacon;South Beacon;;;;;;;;;;;;x
b_phaer;Phaer;;;;;;;;;;;;;x
b_entilasfolly;Entila's Folly;;;;;;;;;;;;;x
b_torinaan;Torinaan;;;;;;;;;;;;;x
b_dawnbreak;Dawnbreak;;;;;;;;;;;;;x
b_bewan;Bewan;;;;;;;;;;;;;x
b_ezduiin;Ezduiin;;;;;;;;;;;;;x
b_errinorne;Errinorne;;;;;;;;;;;;;x
b_mathiisen;Mathiisen;;;;;;;;;;;;;x
b_nine_prow;Nine-Prow Landing;;;;;;;;;;;;;x
b_buraniim;Buraniim;;;;;;;;;;;;;x
b_greenwater;Greenwater Cove;;;;;;;;;;;;;x
b_wansalen;Wansalen;;;;;;;;;;;;;x
b_quendeluun;Quendeluun;;;;;;;;;;;;;x
b_northbeacon;North Beacon;;;;;;;;;;;;;x
b_banished_cells;Banished Cells;;;;;;;;;;;;;x
b_steelheart;Steelheart Moorings;;;;;;;;;;;;;x
b_pariah_abbey;Pariah Abbey;;;;;;;;;;;;;x
b_danobia;Danobia;;;;;;;;;;;;;x
b_windkeep;Wind Keep;;;;;;;;;;;;;x
b_abidan;Abidan;;;;;;;;;;;;;x
b_mahjong;Mahjong;;;;;;;;;;;;;x
b_tengdo;Teng Do;;;;;;;;;;;;;x
b_abidon;Abidon-Gora;;;;;;;;;;;;;x
b_lombok;Lombok;;;;;;;;;;;;;x
b_atraka;Atraka;;;;;;;;;;;;;x
b_westtry;Westtry;;;;;;;;;;;;;x
b_enduum;Enduum;;;;;;;;;;;;;x
b_tunggal;Tunggal;;;;;;;;;;;;;x
b_ika;Ika;;;;;;;;;;;;;x
b_koror;Koror;;;;;;;;;;;;;x
b_babel;Babel;;;;;;;;;;;;;x
b_daob;Daob;;;;;;;;;;;;;x
b_abuca;Abuca;;;;;;;;;;;;;x
b_aulap;Aulap;;;;;;;;;;;;;x
b_deino;Deino;;;;;;;;;;;;;x
b_juventa;Juventa;;;;;;;;;;;;;x
b_hebron;Hebron;;;;;;;;;;;;;x
b_melaina;Melaina;;;;;;;;;;;;;x
b_themis;Themis;;;;;;;;;;;;;x
b_oino;Oino;;;;;;;;;;;;;x
b_nona;Nona;;;;;;;;;;;;;x
b_malu;Malu;;;;;;;;;;;;;x
b_bhin;Bhin;;;;;;;;;;;;;x
b_odang;Odang;;;;;;;;;;;;;x
b_widodo;Widodo;;;;;;;;;;;;;x
b_binneka;Binneka;;;;;;;;;;;;;x
b_abul;Abul;;;;;;;;;;;;;x
b_abuwe;Abuwe;;;;;;;;;;;;;x
b_abyalia;Abyalia;;;;;;;;;;;;;x
b_acacyn;Acacyn;;;;;;;;;;;;;x
b_acarsaid;Acarsaid;;;;;;;;;;;;;x
b_accra;Accra;;;;;;;;;;;;;x
b_acer;Acer;;;;;;;;;;;;;x
b_ackniet;Ackniet;;;;;;;;;;;;;x
b_acolhuas;Acolhuas;;;;;;;;;;;;;x
b_acreswamp;Acreswamp;;;;;;;;;;;;;x
b_aculius;Aculius;;;;;;;;;;;;;x
b_adaira;Adaira;;;;;;;;;;;;;x
b_adalatya;Adalatya;;;;;;;;;;;;;x
b_adamen;Adamen;;;;;;;;;;;;;x
b_adana;Adana;;;;;;;;;;;;;x
b_adanakar;Adanakar;;;;;;;;;;;;;x
b_adanhu;Adanhu;;;;;;;;;;;;;x
b_adansaybin;Adansaybin;;;;;;;;;;;;;x
b_adanurum;Adanurum;;;;;;;;;;;;;x
b_adapagol;Adapagol;;;;;;;;;;;;;x
b_adapahir;Adapahir;;;;;;;;;;;;;x
b_adapamal;Adapamal;;;;;;;;;;;;;x
b_adapanbul;Adapanbul;;;;;;;;;;;;;x
b_adaparum;Adaparum;;;;;;;;;;;;;x
b_adapincan;Adapincan;;;;;;;;;;;;;x
b_adapistan;Adapistan;;;;;;;;;;;;;x
b_adarica;Adarica;;;;;;;;;;;;;x
b_adavan;Adavan;;;;;;;;;;;;;x
b_adbenore;Ad Benore;;;;;;;;;;;;;x
b_addura;Addura;;;;;;;;;;;;;x
b_addvild;Addvild;;;;;;;;;;;;;x
b_adeniet;Adeniet;;;;;;;;;;;;;x
b_adhir;Adhir;;;;;;;;;;;;;x
b_adhisar;Adhisar;;;;;;;;;;;;;x
b_adipur;Adipur;;;;;;;;;;;;;x
b_adivas;Adivas;;;;;;;;;;;;;x
b_adiyisar;Adiyisar;;;;;;;;;;;;;x
b_adiymal;Adiymal;;;;;;;;;;;;;x
b_adiyursa;Adiyursa;;;;;;;;;;;;;x
b_adluparev;Adluparev;;;;;;;;;;;;;x
b_adoma;Adoma;;;;;;;;;;;;;x
b_adounwer;Ado'unwer;;;;;;;;;;;;;x
b_adraleria;Adraleria;;;;;;;;;;;;;x
b_adselinc;Ad Selinc;;;;;;;;;;;;;x
b_aduk;Aduk;;;;;;;;;;;;;x
b_adurada;Adurada;;;;;;;;;;;;;x
b_aduran;Aduran;;;;;;;;;;;;;x
b_adurdurin;Adurdurin;;;;;;;;;;;;;x
b_adurin;Adurin;;;;;;;;;;;;;x
b_adurora;Adurora;;;;;;;;;;;;;x
b_adurra;Adurra;;;;;;;;;;;;;x
b_adurusa;Adurusa;;;;;;;;;;;;;x
b_advar;Advar;;;;;;;;;;;;;x
b_aelariadru;Aelariadru;;;;;;;;;;;;;x
b_aelcot;Aelcot;;;;;;;;;;;;;x
b_aelfield;Aelfield;;;;;;;;;;;;;x
b_aelmead;Aelmead;;;;;;;;;;;;;x
b_aendril;Aendril;;;;;;;;;;;;;x
b_aerin;Aerin;;;;;;;;;;;;;x
b_aerino;Aerino;;;;;;;;;;;;;x
b_aethelred;Aethelred;;;;;;;;;;;;;x
b_aetherian;Aetherian Archive;;;;;;;;;;;;;x
b_aetherius;Aetherius Stone;;;;;;;;;;;;;x
b_aetolia;Aetolia;;;;;;;;;;;;;x
b_aferien;Aferien;;;;;;;;;;;;;x
b_afrin;Afrin;;;;;;;;;;;;;x
b_afsin;Afsin;;;;;;;;;;;;;x
b_afyerlesim;Afyerlesim;;;;;;;;;;;;;x
b_afyfa;Afyfa;;;;;;;;;;;;;x
b_afyhir;Afyhir;;;;;;;;;;;;;x
b_agadem;Agadem;;;;;;;;;;;;;x
b_agah;Agah;;;;;;;;;;;;;x
b_agali;Agali;;;;;;;;;;;;;x
b_aganna;Aganna;;;;;;;;;;;;;x
b_bonerock;Bonerock;;;;;;;;;;;;;x
b_agatnam;Agatnam;;;;;;;;;;;;;x
b_agdam;Agdam;;;;;;;;;;;;;x
b_agdash;Agdash;;;;;;;;;;;;;x
b_agea;Agea;;;;;;;;;;;;;x
b_agen;Agen;;;;;;;;;;;;;x
b_agnar;Agnar's Point;;;;;;;;;;;;;x
b_agon;Agon;;;;;;;;;;;;;x
b_agralin;Agralin;;;;;;;;;;;;;x
b_agsu;Agsu;;;;;;;;;;;;;x
b_ahasou;Ahasou;;;;;;;;;;;;;x
b_ahemmusa;Ahemmusa;;;;;;;;;;;;;x
b_ahvaz;Ahvaz;;;;;;;;;;;;;x
b_aichan;Aichan;;;;;;;;;;;;;x
b_aidar;Aidar;;;;;;;;;;;;;x
b_aidhab;Aidhab;;;;;;;;;;;;;x
b_aii;Aii;;;;;;;;;;;;;x
b_aiken;Aiken;;;;;;;;;;;;;x
b_aikeni;Aikeni;;;;;;;;;;;;;x
b_aiklam;Aiklam;;;;;;;;;;;;;x
b_aikuan;Aikuan;;;;;;;;;;;;;x
b_aimae;Aimae;;;;;;;;;;;;;x
b_airag;Airag;;;;;;;;;;;;;x
b_airmae;Airmae;;;;;;;;;;;;;x
b_aisalal;Aisalal;;;;;;;;;;;;;x
b_ait;Ait;;;;;;;;;;;;;x
b_ajalil;Ajalil;;;;;;;;;;;;;x
b_ajare;Ajare;;;;;;;;;;;;;x
b_akada;Akada;;;;;;;;;;;;;x
b_akaha;Akaha;;;;;;;;;;;;;x
b_akato;Akato;;;;;;;;;;;;;x
b_akeu;Akeu;;;;;;;;;;;;;x
b_akhinbul;Akhinbul;;;;;;;;;;;;;x
b_akhirlu;Akhirlu;;;;;;;;;;;;;x
b_akhirum;Akhirum;;;;;;;;;;;;;x
b_akhium;Akhium;;;;;;;;;;;;;x
b_akinabe;Akinabe;;;;;;;;;;;;;x
b_akisak;Akisak;;;;;;;;;;;;;x
b_akkar;Akkar;;;;;;;;;;;;;x
b_akrum;Akrum;;;;;;;;;;;;;x
b_aksakisehir;Aksakisehir;;;;;;;;;;;;;x
b_aksana;Aksana;;;;;;;;;;;;;x
b_aksantep;Aksantep;;;;;;;;;;;;;x
b_aksarazig;Aksarazig;;;;;;;;;;;;;x
b_aksarcuk;Aksarcuk;;;;;;;;;;;;;x
b_aksaregli;Aksaregli;;;;;;;;;;;;;x
b_aksarili;Aksarili;;;;;;;;;;;;;x
b_aksarkale;Aksarkale;;;;;;;;;;;;;x
b_aksarsa;Aksarsa;;;;;;;;;;;;;x
b_aksaybin;Aksaybin;;;;;;;;;;;;;x
b_aksum;Aksum;;;;;;;;;;;;;x
b_aktau;Aktau;;;;;;;;;;;;;x
b_aktyube;Aktyube;;;;;;;;;;;;;x
b_akuna;Akuna;;;;;;;;;;;;;x
b_akure;Akure;;;;;;;;;;;;;x
b_alabaster;Alabaster;;;;;;;;;;;;;x
b_alabori;Alabori;;;;;;;;;;;;;x
b_aladon;Aladon;;;;;;;;;;;;;x
b_alagna;Alagna;;;;;;;;;;;;;x
b_alahar;Alahar;;;;;;;;;;;;;x
b_alain;Al'ain;;;;;;;;;;;;;x
b_alakhar;Alakhar;;;;;;;;;;;;;x
b_alammu;Alammu;;;;;;;;;;;;;x
b_alammuruhn;Alammuruhn;;;;;;;;;;;;;x
b_aland;Aland;;;;;;;;;;;;;x
b_alanthe;Alanthe;;;;;;;;;;;;;x
b_alar;Alar;;;;;;;;;;;;;x
b_alara;Alara;;;;;;;;;;;;;x
b_alaves;Alaves;;;;;;;;;;;;;x
b_alcaire;Alcaire;;;;;;;;;;;;;x
b_alchemistshack;Alchemist's Rest;;;;;;;;;;;;;x
b_alcoa;Alcoa;;;;;;;;;;;;;x
b_alcoman;Alcoman;;;;;;;;;;;;;x
b_alcrest;Alcrest;;;;;;;;;;;;;x
b_alda;Alda;;;;;;;;;;;;;x
b_aldaheru;Ald-Aheru;;;;;;;;;;;;;x
b_aldaim;Aldaim;;;;;;;;;;;;;x
b_aldakkad;Aldakkad;;;;;;;;;;;;;x
b_aldalexa;Aldalexa;;;;;;;;;;;;;x
b_aldamaur;Ald-Amaur;;;;;;;;;;;;;x
b_aldaren;Aldaren;;;;;;;;;;;;;x
b_aldareon;Aldareon;;;;;;;;;;;;;x
b_aldbranor;Aldbranor;;;;;;;;;;;;;x
b_aldcasus;Aldcasus;;;;;;;;;;;;;x
b_aldchorra;Ald-Chorra;;;;;;;;;;;;;x
b_alddaedroth;Ald Daedroth;;;;;;;;;;;;;x
b_alddibelus;Ald Dibelus;;;;;;;;;;;;;x
b_aldera;Aldera;;;;;;;;;;;;;x
b_alderhorn;Alderhorn;;;;;;;;;;;;;x
b_alderon;Alderon;;;;;;;;;;;;;x
b_aldiriat;Aldiriat;;;;;;;;;;;;;x
b_aldiron;Aldiron;;;;;;;;;;;;;x
b_aldiuval;Ald Iuval;;;;;;;;;;;;;x
b_aldkaeso;Ald-Kaeso;;;;;;;;;;;;;x
b_aldlexia;Aldlexia;;;;;;;;;;;;;x
b_aldlipari;Aldlipari;;;;;;;;;;;;;x
b_aldloren;Aldloren;;;;;;;;;;;;;x
b_aldmatara;Aldmatara;;;;;;;;;;;;;x
b_aldmelina;Ald Melina;;;;;;;;;;;;;x
b_aldmgarr;Ald-Mgarr;;;;;;;;;;;;;x
b_aldmoab;Aldmoab;;;;;;;;;;;;;x
b_aldmuris;Aldmuris;;;;;;;;;;;;;x
b_aldnator;Ald-Nator;;;;;;;;;;;;;x
b_aldnineveh;Aldnineveh;;;;;;;;;;;;;x
b_aldora;Aldora;;;;;;;;;;;;;x
b_aldos;Aldos;;;;;;;;;;;;;x
b_aldranis;Aldranis;;;;;;;;;;;;;x
b_aldredaynia;Ald Redaynia;;;;;;;;;;;;;x
b_aldrethem;Aldrethem;;;;;;;;;;;;;x
b_aldruan;Aldruan;;;;;;;;;;;;;x
b_aldruhn;Ald Ruhn;;;;;;;;;;;;;x
b_aldsotha;Ald Sotha;;;;;;;;;;;;;x
b_aldtaneth;Ald-Taneth;;;;;;;;;;;;;x
b_aldteig;Aldteig;;;;;;;;;;;;;x
b_aldteraria;Ald Teraria;;;;;;;;;;;;;x
b_aldthan;Aldthan;;;;;;;;;;;;;x
b_aldtoril;Aldtoril;;;;;;;;;;;;;x
b_aldusa;Aldusa;;;;;;;;;;;;;x
b_aldvelothi;Ald Velothi;;;;;;;;;;;;;x
b_aleradon;Aleradon;;;;;;;;;;;;;x
b_alerian;Alerian;;;;;;;;;;;;;x
b_aleru;Aleru;;;;;;;;;;;;;x
b_ales;Ales;;;;;;;;;;;;;x
b_alessia;Alessia;;;;;;;;;;;;;x
b_alesund;Alesund;;;;;;;;;;;;;x
b_aleswell;Aleswell;;;;;;;;;;;;;x
b_aleudian;Aleudian;;;;;;;;;;;;;x
b_aleveran;Aleveran;;;;;;;;;;;;;x
b_alftand;Alftand;;;;;;;;;;;;;x
b_algasba;Algasba;;;;;;;;;;;;;x
b_algran;Algran;;;;;;;;;;;;;x
b_aliaric;Aliaric;;;;;;;;;;;;;x
b_alidril;Alidril;;;;;;;;;;;;;x
b_alimahera;Alimahera;;;;;;;;;;;;;x
b_alinor;Alinor;;;;;;;;;;;;;x
b_alion;Alion;;;;;;;;;;;;;x
b_alkanet;Alkanet;;;;;;;;;;;;;x
b_alkarth;Alkarth;;;;;;;;;;;;;x
b_alked;Alked;;;;;;;;;;;;;x
b_alkmaar;Alkmaar;;;;;;;;;;;;;x
b_allayar;Allayar;;;;;;;;;;;;;x
b_allectus;Allectus;;;;;;;;;;;;;x
b_alloryen;Alloryen;;;;;;;;;;;;;x
b_almalexia;Almalexia;;;;;;;;;;;;;x
b_alman;Alman;;;;;;;;;;;;;x
b_almhold;Almhold;;;;;;;;;;;;;x
b_almrothan;Almrothan;;;;;;;;;;;;;x
b_almula;Almula;;;;;;;;;;;;;x
b_alnos;Alnos;;;;;;;;;;;;;x
b_alorian;Alorian;;;;;;;;;;;;;x
b_aloyun;Aloyun;;;;;;;;;;;;;x
b_alroce;Alrove;;;;;;;;;;;;;x
b_alrove;Alrove;;;;;;;;;;;;;x
b_altag;Altag;;;;;;;;;;;;;x
b_altaya;Altaya;;;;;;;;;;;;;x
b_altbosara;Alt Bosara;;;;;;;;;;;;;x
b_altea;Altea;;;;;;;;;;;;;x
b_alten;Alten;;;;;;;;;;;;;x
b_altfog;Altfog;;;;;;;;;;;;;x
b_althold;Althold;;;;;;;;;;;;;x
b_altia;Altia;;;;;;;;;;;;;x
b_altmark;Altmark;;;;;;;;;;;;;x
b_altmura;Altmura;;;;;;;;;;;;;x
b_altrin;Altrin;;;;;;;;;;;;;x
b_amadesa;Amadesa;;;;;;;;;;;;;x
b_amait;Amait;;;;;;;;;;;;;x
b_amakal;Amakal;;;;;;;;;;;;;x
b_amaku;Amaku;;;;;;;;;;;;;x
b_amalam;Amalam;;;;;;;;;;;;;x
b_amalok;Amalok;;;;;;;;;;;;;x
b_amaraya;Amaraya;;;;;;;;;;;;;x
b_amarui;Amarui;;;;;;;;;;;;;x
b_amauri;Amauri;;;;;;;;;;;;;x
b_amawa;Amawa;;;;;;;;;;;;;x
b_amaya;Amaya;;;;;;;;;;;;;x
b_amba;Amba;;;;;;;;;;;;;x
b_ambleside;Ambleside;;;;;;;;;;;;;x
b_ameeshar;Ame'eshar;;;;;;;;;;;;;x
b_amelion;Amelion;;;;;;;;;;;;;x
b_amihon;Amihon;;;;;;;;;;;;;x
b_amikawa;Amikawa;;;;;;;;;;;;;x
b_ammon;Ammon;;;;;;;;;;;;;x
b_amnaca;Amnaca;;;;;;;;;;;;;x
b_amnarasak;Amnarasak;;;;;;;;;;;;;x
b_amnatgoon;Amnatgoon;;;;;;;;;;;;;x
b_amnatkham;Amnatkham;;;;;;;;;;;;;x
b_amnatlok;Amnatlok;;;;;;;;;;;;;x
b_amnatohon;Amnatohon;;;;;;;;;;;;;x
b_amnatrachan;Amnatrachan;;;;;;;;;;;;;x
b_amnatthaya;Amnatthaya;;;;;;;;;;;;;x
b_amnchit;Amnchit;;;;;;;;;;;;;x
b_amngoon;Amngoon;;;;;;;;;;;;;x
b_amnket;Amnket;;;;;;;;;;;;;x
b_amnkok;Amnkok;;;;;;;;;;;;;x
b_amnkret;Amnkret;;;;;;;;;;;;;x
b_amnohon;Amnohon;;;;;;;;;;;;;x
b_amnphru;Amnphru;;;;;;;;;;;;;x
b_amnthong;Amn Thong;;;;;;;;;;;;;x
b_amnthong;Amnthong;;;;;;;;;;;;;x
b_amondale;Amondale;;;;;;;;;;;;;x
b_amonthyr;Amonthyr;;;;;;;;;;;;;x
b_amorfindil;Amorfindil;;;;;;;;;;;;;x
b_amowaram;Amowaram;;;;;;;;;;;;;x
b_amoyona;Amoyona;;;;;;;;;;;;;x
b_amsin;Amsin;;;;;;;;;;;;;x
b_amu;Amu;;;;;;;;;;;;;x
b_amud;Amud;;;;;;;;;;;;;x
b_amus;Amus;;;;;;;;;;;;;x
b_anaen;Anaen;;;;;;;;;;;;;x
b_anaer;Anaer;;;;;;;;;;;;;x
b_anak;Anak;;;;;;;;;;;;;x
b_anakar;Anakar;;;;;;;;;;;;;x
b_anana;Anana;;;;;;;;;;;;;x
b_anard;Anard;;;;;;;;;;;;;x
b_anariel;Anariel;;;;;;;;;;;;;x
b_anasdaal;Anasdaal;;;;;;;;;;;;;x
b_anatho;Anatho;;;;;;;;;;;;;x
b_anawall;Anawall;;;;;;;;;;;;;x
b_ancestormoths;Temple of the Ancestor Moths;;;;;;;;;;;;;x
b_anchormoot;Anchormoot;;;;;;;;;;;;;x
b_ancientsascent;Ancient's Ascent;;;;;;;;;;;;;x
b_andaman;Andaman;;;;;;;;;;;;;x
b_andaral;Andaral;;;;;;;;;;;;;x
b_andasreth;Andasreth;;;;;;;;;;;;;x
b_andavel;Andavel;;;;;;;;;;;;;x
b_andel;Andel;;;;;;;;;;;;;x
b_anderfel;Anderfel;;;;;;;;;;;;;x
b_andrethis;Andrethis;;;;;;;;;;;;;x
b_androma;Androma;;;;;;;;;;;;;x
b_anduin;Anduin;;;;;;;;;;;;;x
b_anduril;Anduril;;;;;;;;;;;;;x
b_aneirvale;Aneirvale;;;;;;;;;;;;;x
b_aneqkarn;Aneqkarn;;;;;;;;;;;;;x
b_anequey;Anequey;;;;;;;;;;;;;x
b_anesh;Anesh;;;;;;;;;;;;;x
b_anford;Anford;;;;;;;;;;;;;x
b_ang;Ang;;;;;;;;;;;;;x
b_anga;Anga;;;;;;;;;;;;;x
b_angama;Angama;;;;;;;;;;;;;x
b_angarvunde;Angarvunde;;;;;;;;;;;;;x
b_angasmill;Angasmill;;;;;;;;;;;;;x
b_angat;Angat;;;;;;;;;;;;;x
b_angbesar;Ang Besar;;;;;;;;;;;;;x
b_anghat;Anghat;;;;;;;;;;;;;x
b_anghet;Anghet;;;;;;;;;;;;;x
b_anghon;Ang Hon;;;;;;;;;;;;;x
b_angko;Angko;;;;;;;;;;;;;x
b_angkok;Ang Kok;;;;;;;;;;;;;x
b_anglet;Anglet;;;;;;;;;;;;;x
b_angmui;Angmui;;;;;;;;;;;;;x
b_angpo;Angpo;;;;;;;;;;;;;x
b_angrezi;Angrezi;;;;;;;;;;;;;x
b_angsuan;Ang Suan;;;;;;;;;;;;;x
b_angthani;Angthani;;;;;;;;;;;;;x
b_angthaya;Angthaya;;;;;;;;;;;;;x
b_angun;Ang Un;;;;;;;;;;;;;x
b_anhuin;Anhuin;;;;;;;;;;;;;x
b_anima;Anima;;;;;;;;;;;;;x
b_aninthe;Aninthe;;;;;;;;;;;;;x
b_aniput;Aniput;;;;;;;;;;;;;x
b_anisas;Anisa's Stop;;;;;;;;;;;;;x
b_ankabul;Ankabul;;;;;;;;;;;;;x
b_ankar;Ankar;;;;;;;;;;;;;x
b_ankarfez;Ankarfez;;;;;;;;;;;;;x
b_ankarli;Ankarli;;;;;;;;;;;;;x
b_ankarmaras;Ankarmaras;;;;;;;;;;;;;x
b_ankartahya;Ankartahya;;;;;;;;;;;;;x
b_ankazig;Ankazig;;;;;;;;;;;;;x
b_ankazmir;Ankazmir;;;;;;;;;;;;;x
b_ankirajan;Ankirajan;;;;;;;;;;;;;x
b_ankobar;Ankobar;;;;;;;;;;;;;x
b_anktalya;Anktalya;;;;;;;;;;;;;x
b_anneta;An'neta;;;;;;;;;;;;;x
b_anot;Anot;;;;;;;;;;;;;x
b_anrove;Anrove;;;;;;;;;;;;;x
b_ansilgar;Ansilgar;;;;;;;;;;;;;x
b_ansilheim;Ansilheim;;;;;;;;;;;;;x
b_ansilstad;Ansilstad;;;;;;;;;;;;;x
b_ansilvund;Ansilvund;;;;;;;;;;;;;x
b_ansiya;Ansiya;;;;;;;;;;;;;x
b_anstanbul;Anstanbul;;;;;;;;;;;;;x
b_ansya;Ansya;;;;;;;;;;;;;x
b_antadu;Andadu;;;;;;;;;;;;;x
b_antalin;Antalin;;;;;;;;;;;;;x
b_antara;Antara;;;;;;;;;;;;;x
b_antaron;Antaron;;;;;;;;;;;;;x
b_antazili;Antazili;;;;;;;;;;;;;x
b_antel;Antel;;;;;;;;;;;;;x
b_anthor;Anthor;;;;;;;;;;;;;x
b_anticlere;Anticlere;;;;;;;;;;;;;x
b_antman;Antman;;;;;;;;;;;;;x
b_anuielsdrop;Anuiel's Drop;;;;;;;;;;;;;x
b_anulk;Anulk;;;;;;;;;;;;;x
b_anutwyll;Anutwyll;;;;;;;;;;;;;x
b_anuuno;Anu-Uno;;;;;;;;;;;;;x
b_anverhold;Anverhold;;;;;;;;;;;;;x
b_anvil;Anvil;;;;;;;;;;;;;x
b_anvir;Anvir;;;;;;;;;;;;;x
b_aochwaar;Aochwaar;;;;;;;;;;;;;x
b_applewatch;Applewatch;;;;;;;;;;;;;x
b_apung;Apung;;;;;;;;;;;;;x
b_aquilon;Aquilon;;;;;;;;;;;;;x
b_aquitaine;Aquitaine;;;;;;;;;;;;;x
b_aragpur;Aragpur;;;;;;;;;;;;;x
b_aramar;Aramar;;;;;;;;;;;;;x
b_aramir;Aramir;;;;;;;;;;;;;x
b_aranyon;Aranyon;;;;;;;;;;;;;x
b_arapi;Tel Arapi;;;;;;;;;;;;;x
b_ararvy;Tel Ararvy;;;;;;;;;;;;;x
b_arasim;Arasim;;;;;;;;;;;;;x
b_arat;Arat;;;;;;;;;;;;;x
b_aratar;Aratar;;;;;;;;;;;;;x
b_arathia;Arathia;;;;;;;;;;;;;x
b_arathin;Arathin;;;;;;;;;;;;;x
b_aratoyo;Aratoyo;;;;;;;;;;;;;x
b_araum;Araum;;;;;;;;;;;;;x
b_arba;Arba;;;;;;;;;;;;;x
b_arboretum;Arboretum;;;;;;;;;;;;;x
b_arbus;Arbus;;;;;;;;;;;;;x
b_arcadia;Arcadia;;;;;;;;;;;;;x
b_arcaneuniversity;Eastern District;;;;;;;;;;;;;x
b_arcantys;Arcantys;;;;;;;;;;;;;x
b_marbruk;Marbruk;;;;;;;;;;;;;x
b_archengrangrove;Grangrove;;;;;;;;;;;;;x
b_archmine;Archmine;;;;;;;;;;;;;x
b_archon;Archon;;;;;;;;;;;;;x
b_arcwind;Arcwind;;;;;;;;;;;;;x
b_ardanruhn;Ardanruhn;;;;;;;;;;;;;x
b_ardara;Ardara;;;;;;;;;;;;;x
b_ardenfell;Ardenfell;;;;;;;;;;;;;x
b_ardoniel;Ardoniel;;;;;;;;;;;;;x
b_aredek;Aredek;;;;;;;;;;;;;x
b_arelas;Arelas;;;;;;;;;;;;;x
b_aremonea;Aremonea;;;;;;;;;;;;;x
b_aren;Aren;;;;;;;;;;;;;x
b_arenar;Arenar;;;;;;;;;;;;;x
b_arendra;Arendra;;;;;;;;;;;;;x
b_arenital;Arenital;;;;;;;;;;;;;x
b_arenthia;Arenthia;;;;;;;;;;;;;x
b_arenuss;Arenuss;;;;;;;;;;;;;x
b_arenysti;Arenysti;;;;;;;;;;;;;x
b_arethan;Arethan;;;;;;;;;;;;;x
b_arga;Arga;;;;;;;;;;;;;x
b_argassi;Argassi;;;;;;;;;;;;;x
b_argolis;Argolis;;;;;;;;;;;;;x
b_arguin;Arguin;;;;;;;;;;;;;x
b_arhoi;Arhoi;;;;;;;;;;;;;x
b_ariawin;Ariawin;;;;;;;;;;;;;x
b_arimen;Arimen;;;;;;;;;;;;;x
b_arinthod;Arinthod;;;;;;;;;;;;;x
b_arkay;Arkay;;;;;;;;;;;;;x
b_arkbrugh;Arkbrugh;;;;;;;;;;;;;x
b_arkhope;Arkhope;;;;;;;;;;;;;x
b_arkrane;Arkrane;;;;;;;;;;;;;x
b_arkvedstower;Arkved's Tower;;;;;;;;;;;;;x
b_arlathan;Arlathan;;;;;;;;;;;;;x
b_arlon;Arlon;;;;;;;;;;;;;x
b_armorique;Armorique;;;;;;;;;;;;;x
b_arniel;Arniel;;;;;;;;;;;;;x
b_arnor;Arnor;;;;;;;;;;;;;x
b_arnora;Arnora;;;;;;;;;;;;;x
b_arnrest;Arnrest;;;;;;;;;;;;;x
b_arpenia;Arpenia;;;;;;;;;;;;;x
b_arran;Arran;;;;;;;;;;;;;x
b_arrius;Arrius;;;;;;;;;;;;;x
b_arrlador;Arrlador;;;;;;;;;;;;;x
b_arrodale;Arrodale;;;;;;;;;;;;;x
b_arrowheart;Arrowheart;;;;;;;;;;;;;x
b_arrowshaft;Arrowshaft;;;;;;;;;;;;;x
b_arroyo;Arroyo;;;;;;;;;;;;;x
b_arsanar;Arsanar;;;;;;;;;;;;;x
b_artaeumguard;Artaeumguard;;;;;;;;;;;;;x
b_artetum;Artetum;;;;;;;;;;;;;x
b_artha;Artha;;;;;;;;;;;;;x
b_arthon;Arthon;;;;;;;;;;;;;x
b_artium;Artium;;;;;;;;;;;;;x
b_aruhir;Aruhir;;;;;;;;;;;;;x
b_aruigin;Aruigin;;;;;;;;;;;;;x
b_arumada;Arumada-Ruhn;;;;;;;;;;;;;x
b_aruman;Aruman;;;;;;;;;;;;;x
b_arvagh;Arvagh;;;;;;;;;;;;;x
b_arvakan;Arvakan;;;;;;;;;;;;;x
b_arvandor;Arvandor;;;;;;;;;;;;;x
b_arvel;Arvel;;;;;;;;;;;;;x
b_aryha;Aryha;;;;;;;;;;;;;x
b_aryth;Aryth;;;;;;;;;;;;;x
b_asahu;Asahu;;;;;;;;;;;;;x
b_asake;Asake;;;;;;;;;;;;;x
b_asako;Asako;;;;;;;;;;;;;x
b_asau;Asau;;;;;;;;;;;;;x
b_ascadierhun;Ascadierhun;;;;;;;;;;;;;x
b_asckji;Asckji;;;;;;;;;;;;;x
b_asdah;Asdah;;;;;;;;;;;;;x
b_aseni;Aseni;;;;;;;;;;;;;x
b_asfal;Asfal;;;;;;;;;;;;;x
b_ash;Ash;;;;;;;;;;;;;x
b_ashalmawia;Ashalmawia;;;;;;;;;;;;;x
b_ashamul;Ashamul;;;;;;;;;;;;;x
b_ashbridge;Ashbridge;;;;;;;;;;;;;x
b_ashea;Ashea;;;;;;;;;;;;;x
b_ashfallow;Ashfallow;;;;;;;;;;;;;x
b_ashfell;Ashfell;;;;;;;;;;;;;x
b_ashford;Ashford;;;;;;;;;;;;;x
b_ashmat;Tel Ashmat;;;;;;;;;;;;;x
b_ashurnibibi;Ashurnibibi;;;;;;;;;;;;;x
b_asielruhn;Asielruhn;;;;;;;;;;;;;x
b_asifultower;Asiful Tower;;;;;;;;;;;;;x
b_asivia;Asivia;;;;;;;;;;;;;x
b_askaregli;Askaregli;;;;;;;;;;;;;x
b_askarili;Askarili;;;;;;;;;;;;;x
b_askarimir;Askarimir;;;;;;;;;;;;;x
b_askmat;Askmat;;;;;;;;;;;;;x
b_askursund;Askursund;;;;;;;;;;;;;x
b_askwari;Askwari;;;;;;;;;;;;;x
b_asmabet;Asmabet;;;;;;;;;;;;;x
b_asngny;Asngny;;;;;;;;;;;;;x
b_asot;Asot;;;;;;;;;;;;;x
b_asp;Asp;;;;;;;;;;;;;x
b_aspen;Aspen;;;;;;;;;;;;;x
b_aspok;Aspok;;;;;;;;;;;;;x
b_asraen;Asraen;;;;;;;;;;;;;x
b_assabu;Assabu;;;;;;;;;;;;;x
b_assarnibibi;Assarnibibi;;;;;;;;;;;;;x
b_assat;Assat;;;;;;;;;;;;;x
b_asserb;Asserb;;;;;;;;;;;;;x
b_assi;Assi;;;;;;;;;;;;;x
b_assini;Assini;;;;;;;;;;;;;x
b_assu;Assu;;;;;;;;;;;;;x
b_assun;Assun;;;;;;;;;;;;;x
b_assuruhn;Assuruhn;;;;;;;;;;;;;x
b_asterales;Asterales;;;;;;;;;;;;;x
b_asul;Asil;;;;;;;;;;;;;x
b_atal;Atal;;;;;;;;;;;;;x
b_atan;Atan;;;;;;;;;;;;;x
b_atatar;Atatar;;;;;;;;;;;;;x
b_atepur;Atepur;;;;;;;;;;;;;x
b_atetasan;Atetasan;;;;;;;;;;;;;x
b_athal;Athal;;;;;;;;;;;;;x
b_athelruhn;Athelruhn;;;;;;;;;;;;;x
b_athnai;Athnai;;;;;;;;;;;;;x
b_atnago;Atnago;;;;;;;;;;;;;x
b_atqliya;Atqliya;;;;;;;;;;;;;x
b_atrene;Atrene;;;;;;;;;;;;;x
b_atronarchsfall;Atronarch's Fall;;;;;;;;;;;;;x
b_atronarchstone;Artronarchstone;;;;;;;;;;;;;x
b_atropa;Atropa;;;;;;;;;;;;;x
b_atrta;Atrta;;;;;;;;;;;;;x
b_atsha;Atsha;;;;;;;;;;;;;x
b_atshoy;Atshoy;;;;;;;;;;;;;x
b_atvna;Atvna;;;;;;;;;;;;;x
b_atysha;Atysha;;;;;;;;;;;;;x
b_aubigny;Aubigny;;;;;;;;;;;;;x
b_aubusson;Aubusson;;;;;;;;;;;;;x
b_audierne;Audierne;;;;;;;;;;;;;x
b_auerk;Auerk;;;;;;;;;;;;;x
b_aumale;Aumale;;;;;;;;;;;;;x
b_aurel;Aurel;;;;;;;;;;;;;x
b_aurelinwae;Aurelinwae;;;;;;;;;;;;;x
b_aurelinwe;Aurelinwe;;;;;;;;;;;;;x
b_aurillac;Aurillac;;;;;;;;;;;;;x
b_aurus;Aurus;;;;;;;;;;;;;x
b_autumnshade;Autumnshade;;;;;;;;;;;;;x
b_autumnwatch;Autumnwatch;;;;;;;;;;;;;x
b_avanchnzel;Avanchnzel;;;;;;;;;;;;;x
b_avelorn;Avelorn;;;;;;;;;;;;;x
b_avord;Avord;;;;;;;;;;;;;x
b_awesi;Awesi;;;;;;;;;;;;;x
b_axkent;Axkent;;;;;;;;;;;;;x
b_aya;Aya;;;;;;;;;;;;;x
b_ayasofya;Ayasofya;;;;;;;;;;;;;x
b_ayatolah;Ayatolah;;;;;;;;;;;;;x
b_aydkars;Aydkars;;;;;;;;;;;;;x
b_aydnya;Aydnya;;;;;;;;;;;;;x
b_aydsus;Aydsus;;;;;;;;;;;;;x
b_aydursa;Aydursa;;;;;;;;;;;;;x
b_aymoine;Aymoine;;;;;;;;;;;;;x
b_azanur;Azanur;;;;;;;;;;;;;x
b_azoria;Azoria;;;;;;;;;;;;;x
b_azos;Azos;;;;;;;;;;;;;x
b_azrascrossing;Azra's Crossing;;;;;;;;;;;;;x
b_azrulin;Azrulin;;;;;;;;;;;;;x
b_azurashrine;Azura;;;;;;;;;;;;;x
b_azurefalls;Azurefalls;;;;;;;;;;;;;x
b_baalim;Baalim;;;;;;;;;;;;;x
b_baardau;Baar Dau;;;;;;;;;;;;;x
b_baast;Baast;;;;;;;;;;;;;x
b_babek;Babek;;;;;;;;;;;;;x
b_frostbreak;Frostbreak;;;;;;;;;;;;;x
b_pariahpinacle;Pariah's Pinnacle;;;;;;;;;;;;;x
b_honorsrest;Honor's Rest;;;;;;;;;;;;;x
b_sorrow;Sorrow;;;;;;;;;;;;;x
b_scarp;Scarp Keep;;;;;;;;;;;;;x
b_shatul;Shatul's Range;;;;;;;;;;;;;x
b_coldperch;Coldperch;;;;;;;;;;;;;x
b_argent;Argent;;;;;;;;;;;;;x
b_graystone;Graystone;;;;;;;;;;;;;x
b_backwash;Backwash;;;;;;;;;;;;;x
b_badang;Badang;;;;;;;;;;;;;x
b_badinhal;Badinhal;;;;;;;;;;;;;x
b_baelbrone;Baelbrone;;;;;;;;;;;;;x
b_thernond;Thernond;;;;;;;;;;;;;x
b_baeni;Baeni;;;;;;;;;;;;;x
b_baerus;Baerus;;;;;;;;;;;;;x
b_bafia;Bafia;;;;;;;;;;;;;x
b_baford;Baford;;;;;;;;;;;;;x
b_baga;Baga;;;;;;;;;;;;;x
b_bagali;Bagali;;;;;;;;;;;;;x
b_bagodar;Bagodar;;;;;;;;;;;;;x
b_bahari;Bahari;;;;;;;;;;;;;x
b_bahdinhal;Bahdinhal;;;;;;;;;;;;;x
b_bahirdar;Bahirdar;;;;;;;;;;;;;x
b_bahor;Bahor;;;;;;;;;;;;;x
b_bahrammu;Bahrammu;;;;;;;;;;;;;x
b_baisants;Baisants;;;;;;;;;;;;;x
b_baivod;Baivod;;;;;;;;;;;;;x
b_baja;Baja;;;;;;;;;;;;;x
b_bakhori;Bakhori;;;;;;;;;;;;;x
b_bakirbad;Bakirbad;;;;;;;;;;;;;x
b_bala;Bala;;;;;;;;;;;;;x
b_balakan;Balakan;;;;;;;;;;;;;x
b_balakas;Balakas;;;;;;;;;;;;;x
b_balan;Balan;;;;;;;;;;;;;x
b_balasinor;Balasinor;;;;;;;;;;;;;x
b_balatya;Balatya;;;;;;;;;;;;;x
b_balbavac;Bal Bavac;;;;;;;;;;;;;x
b_balbus;Balbus;;;;;;;;;;;;;x
b_baldaran;Baldaran;;;;;;;;;;;;;x
b_baldrahn;Baldrahn;;;;;;;;;;;;;x
b_baldrnorn;Baldrnorn;;;;;;;;;;;;;x
b_baldrun;Baldrun;;;;;;;;;;;;;x
b_balear;Balear;;;;;;;;;;;;;x
b_balepar;Balepar;;;;;;;;;;;;;x
b_balfall;Balfall;;;;;;;;;;;;;x
b_balfalls;Balfalls;;;;;;;;;;;;;x
b_balfell;Balfell;;;;;;;;;;;;;x
b_balfez;Balfez;;;;;;;;;;;;;x
b_balfiera;Balfiera;;;;;;;;;;;;;x
b_balikaybin;Balikaybin;;;;;;;;;;;;;x
b_balikdirli;Balikdirli;;;;;;;;;;;;;x
b_balima;Balima;;;;;;;;;;;;;x
b_balinesti;Balinesti;;;;;;;;;;;;;x
b_balion;Balion;;;;;;;;;;;;;x
b_balisra;Balisra;;;;;;;;;;;;;x
b_balizurum;Balizurum;;;;;;;;;;;;;x
b_ballydour;Ballydour;;;;;;;;;;;;;x
b_balmar;Balmar;;;;;;;;;;;;;x
b_balmora;Balmora;;;;;;;;;;;;;x
b_balno;Balno;;;;;;;;;;;;;x
b_balou;Balou;;;;;;;;;;;;;x
b_baloyra;Bal Oyra;;;;;;;;;;;;;x
b_balqash;Balqash;;;;;;;;;;;;;x
b_balsquare;Balsquare;;;;;;;;;;;;;x
b_baltakara;Baltakara;;;;;;;;;;;;;x
b_baltargar;Bal Targar;;;;;;;;;;;;;x
b_baltarn;Bal Tarn;;;;;;;;;;;;;x
b_baltavadi;Baltavadi;;;;;;;;;;;;;x
b_baltistan;Baltistan;;;;;;;;;;;;;x
b_baltna;Baltna;;;;;;;;;;;;;x
b_baluan;Baluan;;;;;;;;;;;;;x
b_balumath;Balumath;;;;;;;;;;;;;x
b_balung;Balung;;;;;;;;;;;;;x
b_balur;Bal Ur;;;;;;;;;;;;;x
b_baluss;Baluss;;;;;;;;;;;;;x
b_balvaren;Bal Varen;;;;;;;;;;;;;x
b_balyar;Balyar;;;;;;;;;;;;;x
b_balzora;Balzora;;;;;;;;;;;;;x
b_bal_naju_o;Bal-Naju-o;;;;;;;;;;;;;x
b_bal_tseno_o;Bal-Tseno-o;;;;;;;;;;;;;x
b_bamenda;Bamenda;;;;;;;;;;;;;x
b_bamiyar;Bamiyar;;;;;;;;;;;;;x
b_bamna;Bamna;;;;;;;;;;;;;x
b_bana;Bana;;;;;;;;;;;;;x
b_banagard;Banagard;;;;;;;;;;;;;x
b_banagher;Banagher;;;;;;;;;;;;;x
b_banata;Banata;;;;;;;;;;;;;x
b_bandama;Bandama;;;;;;;;;;;;;x
b_bandarasim;Bandarasim;;;;;;;;;;;;;x
b_banebridge;Banebridge;;;;;;;;;;;;;x
b_banengsao;Baneng Sao;;;;;;;;;;;;;x
b_bangasak;Bangasak;;;;;;;;;;;;;x
b_bangchit;Bangchit;;;;;;;;;;;;;x
b_bangkhoi;Bangkhoi;;;;;;;;;;;;;x
b_banglasin;Banglasin;;;;;;;;;;;;;x
b_bangmo;Bangmo;;;;;;;;;;;;;x
b_bangom;Bang Om;;;;;;;;;;;;;x
b_bangor;Bangor;;;;;;;;;;;;;x
b_bangphai;Bang Phai;;;;;;;;;;;;;x
b_bangphai;Bangphai;;;;;;;;;;;;;x
b_bangpong;Bangpong;;;;;;;;;;;;;x
b_bangrara;Bangrara;;;;;;;;;;;;;x
b_bangsuan;Bang Suan;;;;;;;;;;;;;x
b_banha;Banha;;;;;;;;;;;;;x
b_banjo;Banjo;;;;;;;;;;;;;x
b_bankura;Bankura;;;;;;;;;;;;;x
b_banlok;Banlok;;;;;;;;;;;;;x
b_banmi;Banmi;;;;;;;;;;;;;x
b_bannadrod;Bannadrod;;;;;;;;;;;;;x
b_banner;Banner;;;;;;;;;;;;;x
b_bannerfort;Bannerfort;;;;;;;;;;;;;x
b_bannermist;Bannermist;;;;;;;;;;;;;x
b_bannerwatch;Bannerwatch;;;;;;;;;;;;;x
b_bannun;Bannun;;;;;;;;;;;;;x
b_banrang;Banrang;;;;;;;;;;;;;x
b_banta;Banta;;;;;;;;;;;;;x
b_bantan;Bantan;;;;;;;;;;;;;x
b_banthong;Banthong;;;;;;;;;;;;;x
b_banthum;Banthum;;;;;;;;;;;;;x
b_banton;Banton;;;;;;;;;;;;;x
b_baoeivod;Baoeivod;;;;;;;;;;;;;x
b_baraam;Baraam;;;;;;;;;;;;;x
b_barad;Barad;;;;;;;;;;;;;x
b_baram;Baram;;;;;;;;;;;;;x
b_barbermoor;Barbermoor;;;;;;;;;;;;;x
b_barda;Barda;;;;;;;;;;;;;x
b_bardhaman;Bardhaman;;;;;;;;;;;;;x
b_bardsleap;Bard's Leap;;;;;;;;;;;;;x
b_barilok;Barilok;;;;;;;;;;;;;x
b_barka;Barka;;;;;;;;;;;;;x
b_barkley;Barkley;;;;;;;;;;;;;x
b_barkspring;Barkspring;;;;;;;;;;;;;x
b_barktooth;Barktooth;;;;;;;;;;;;;x
b_barmoth;Barmoth;;;;;;;;;;;;;x
b_barrowmarsh;Barrowmarsh;;;;;;;;;;;;;x
b_barrowwell;Barrowwell;;;;;;;;;;;;;x
b_barru;Barru;;;;;;;;;;;;;x
b_basan;Basan;;;;;;;;;;;;;x
b_bash;Bash;;;;;;;;;;;;;x
b_baskhound;Baskhound;;;;;;;;;;;;;x
b_bastion;Bastion;;;;;;;;;;;;;x
b_bastros;Bastros;;;;;;;;;;;;;x
b_batai;Batai;;;;;;;;;;;;;x
b_batana;Batana;;;;;;;;;;;;;x
b_bath;Bath;;;;;;;;;;;;;x
b_batorlu;Batorlu;;;;;;;;;;;;;x
b_batozan;Batozan;;;;;;;;;;;;;x
b_battalya;Battalya;;;;;;;;;;;;;x
b_battleborn;Battleborn;;;;;;;;;;;;;x
b_battlehorn;Battlehorn;;;;;;;;;;;;;x
b_batujung;Batujung;;;;;;;;;;;;;x
b_batuli;Batuli;;;;;;;;;;;;;x
b_batupang;Batupang;;;;;;;;;;;;;x
b_baut;Irranhu;;;;;;;;;;;;;x
b_bawn;Bawn;;;;;;;;;;;;;x
b_bawnwatch;Bawnwatch;;;;;;;;;;;;;x
b_bawyha;Bawyha;;;;;;;;;;;;;x
b_baydon;Baydon;;;;;;;;;;;;;x
b_bayeaux;Bayeaux;;;;;;;;;;;;;x
b_bayi;Bayi;;;;;;;;;;;;;x
b_bayleaf;Bayleaf;;;;;;;;;;;;;x
b_bayna;Bayna;;;;;;;;;;;;;x
b_bayside;Bayside;;;;;;;;;;;;;x
b_beamwood;Beamwood;;;;;;;;;;;;;x
b_beastmaw;Beast's Maw;;;;;;;;;;;;;x
b_beaststone;Beaststone;;;;;;;;;;;;;x
b_bechar;Bechar;;;;;;;;;;;;;x
b_bedave;Bedave;;;;;;;;;;;;;x
b_bedaves;Bedaves;;;;;;;;;;;;;x
b_bedi;Bedi;;;;;;;;;;;;;x
b_bedrock;Bedrock Break;;;;;;;;;;;;;x
b_bedrock;Bedrock;;;;;;;;;;;;;x
b_beechden;Beechden;;;;;;;;;;;;;x
b_beersha;Beersha;;;;;;;;;;;;;x
b_begada;Begada;;;;;;;;;;;;;x
b_behar;Behar;;;;;;;;;;;;;x
b_behromoz;Behromoz;;;;;;;;;;;;;x
b_beim;Beim;;;;;;;;;;;;;x
b_beimford;Beimford;;;;;;;;;;;;;x
b_bejesh;Bejesh;;;;;;;;;;;;;x
b_beku;Beku;;;;;;;;;;;;;x
b_belangu;Bel Angu;;;;;;;;;;;;;x
b_belda;Belda;;;;;;;;;;;;;x
b_beldaburo;Beldaburo;;;;;;;;;;;;;x
b_beldameld;Beldameld;;;;;;;;;;;;;x
b_belear;Belear;;;;;;;;;;;;;x
b_belebriel;Belebriel;;;;;;;;;;;;;x
b_belemis;Belemis;;;;;;;;;;;;;x
b_belen;Belen;;;;;;;;;;;;;x
b_beleth;Beleth;;;;;;;;;;;;;x
b_belfalas;Bel Falas;;;;;;;;;;;;;x
b_belhain;Belhain;;;;;;;;;;;;;x
b_belkarth;Belkarth;;;;;;;;;;;;;x
b_belleg;Belleg;;;;;;;;;;;;;x
b_belletorsfolly;Belletor's Folly;;;;;;;;;;;;;x
b_belltower;Belltower;;;;;;;;;;;;;x
b_belpond;Bel Pond;;;;;;;;;;;;;x
b_belport;Belport Run;;;;;;;;;;;;;x
b_belsand;Belsand;;;;;;;;;;;;;x
b_belsargon;Belsargon;;;;;;;;;;;;;x
b_beltavia;Beltavia;;;;;;;;;;;;;x
b_beltomaris;Bel Tomaris;;;;;;;;;;;;;x
b_belver;Belver;;;;;;;;;;;;;x
b_bemkichi;Bemkichi;;;;;;;;;;;;;x
b_benelas;Benelas;;;;;;;;;;;;;x
b_benevit;Benevit;;;;;;;;;;;;;x
b_bengah;Bengah;;;;;;;;;;;;;x
b_bengak;Bengak;;;;;;;;;;;;;x
b_bengal;Bengal;;;;;;;;;;;;;x
b_bengku;Bengku;;;;;;;;;;;;;x
b_benglunto;Benglunto;;;;;;;;;;;;;x
b_benkongerike;Benkongerike;;;;;;;;;;;;;x
b_benorel;Benorel;;;;;;;;;;;;;x
b_beodale;Beodale;;;;;;;;;;;;;x
b_beper;Beper;;;;;;;;;;;;;x
b_berades;Berades;;;;;;;;;;;;;x
b_berandas;Berandas;;;;;;;;;;;;;x
b_berangalor;Berangalor;;;;;;;;;;;;;x
b_berangcharoen;Berangcharoen;;;;;;;;;;;;;x
b_berati;Berati;;;;;;;;;;;;;x
b_berbera;Berbera;;;;;;;;;;;;;x
b_bercast;Bercast;;;;;;;;;;;;;x
b_berenthia;Berenthia;;;;;;;;;;;;;x
b_bergmo;Bergmo;;;;;;;;;;;;;x
b_berk;Berk;;;;;;;;;;;;;x
b_berova;Berova;;;;;;;;;;;;;x
b_berra;Berra;;;;;;;;;;;;;x
b_berrien;Berrien;;;;;;;;;;;;;x
b_berry;Berry;;;;;;;;;;;;;x
b_berwyn;Berwyn;;;;;;;;;;;;;x
b_beshot;Beshot;;;;;;;;;;;;;x
b_beskynyd;Beskynyd;;;;;;;;;;;;;x
b_betbesar;Betbesar;;;;;;;;;;;;;x
b_bethan;Bethan;;;;;;;;;;;;;x
b_bethesda;Bethesda;;;;;;;;;;;;;x
b_betongdung;Betongdung;;;;;;;;;;;;;x
b_betony;Betony;;;;;;;;;;;;;x
b_skyspire;Skyspire Keep;;;;;;;;;;;;;x
b_moriseli;Moriseli;;;;;;;;;;;;;x
b_betta;Betta;;;;;;;;;;;;;x
b_betthaya;Betthaya;;;;;;;;;;;;;x
b_betyai;Betyai;;;;;;;;;;;;;x
b_bexhill;Bexhill;;;;;;;;;;;;;x
b_bhatanir;Bhatanir;;;;;;;;;;;;;x
b_bhoriane;Bhoriane;;;;;;;;;;;;;x
b_bhose;Bhose;;;;;;;;;;;;;x
b_bhosga;Bhosga;;;;;;;;;;;;;x
b_bhukar;Bhukar;;;;;;;;;;;;;x
b_bias;Bias;;;;;;;;;;;;;x
b_bigahi;Bigahi;;;;;;;;;;;;;x
b_bilaron;Bilaron;;;;;;;;;;;;;x
b_bilasuvar;Bilasuvar;;;;;;;;;;;;;x
b_bilcarior;Bilcarior;;;;;;;;;;;;;x
b_bilegulch;Bilegulch;;;;;;;;;;;;;x
b_bili;Bili;;;;;;;;;;;;;x
b_bimak;Bimak;;;;;;;;;;;;;x
b_binaek;Binaek;;;;;;;;;;;;;x
b_binagar;Binagar;;;;;;;;;;;;;x
b_binaiki;Binaiki;;;;;;;;;;;;;x
b_binalya;Binalya;;;;;;;;;;;;;x
b_binatra;Binatra;;;;;;;;;;;;;x
b_binga;Binga;;;;;;;;;;;;;x
b_bingbesar;Bingbesar;;;;;;;;;;;;;x
b_bingrica;Bingrica;;;;;;;;;;;;;x
b_bingsa;Bingsa;;;;;;;;;;;;;x
b_bingursa;Bingursa;;;;;;;;;;;;;x
b_binkale;Binkale;;;;;;;;;;;;;x
b_binkwari;Binkwari;;;;;;;;;;;;;x
b_binraman;Binraman;;;;;;;;;;;;;x
b_binri;Binri;;;;;;;;;;;;;x
b_binruma;Binruma;;;;;;;;;;;;;x
b_bintan;Bintan;;;;;;;;;;;;;x
b_bintung;Bintung;;;;;;;;;;;;;x
b_bisnensel;Bisnensel;;;;;;;;;;;;;x
b_binya;Binya;;;;;;;;;;;;;x
b_binyat;Binyat;;;;;;;;;;;;;x
b_birchwood;Birchwood;;;;;;;;;;;;;x
b_birich;Birich;;;;;;;;;;;;;x
b_bisat;Bisat;;;;;;;;;;;;;x
b_biset;Biset;;;;;;;;;;;;;x
b_bitlis;Bitlis;;;;;;;;;;;;;x
b_bitterfeld;Bitterfeld;;;;;;;;;;;;;x
b_biumaamar;Biuma'amar;;;;;;;;;;;;;x
b_biyar;Biyar;;;;;;;;;;;;;x
b_biyat;Biyat;;;;;;;;;;;;;x
b_bjorlam;Bjorlam;;;;;;;;;;;;;x
b_bjorn;Bjorn;;;;;;;;;;;;;x
b_bjoulsae;Bjoulsae;;;;;;;;;;;;;x
b_blackboot;Blackboot;;;;;;;;;;;;;x
b_blackbriar;Blackbriar;;;;;;;;;;;;;x
b_blackbridge;Blackbridge;;;;;;;;;;;;;x
b_blackdog;Blackdog;;;;;;;;;;;;;x
b_blackharbour;Esroniet;;;;;;;;;;;;;x
b_blackhaven;Blackhaven;;;;;;;;;;;;;x
b_blackheights;Black Heights;;;;;;;;;;;;;x
b_blacklight;Blacklight;;;;;;;;;;;;;x
b_blackmarsh;Blackmarsh;;;;;;;;;;;;;x
b_blackmere;Blackmere;;;;;;;;;;;;;x
b_blackmoor;Blackmoor;;;;;;;;;;;;;x
b_blackpark;Blackpark;;;;;;;;;;;;;x
b_blackpool;Blackpool;;;;;;;;;;;;;x
b_zuuk;Zuuk;;;;;;;;;;;;;x
b_blackroad;Blackroad;;;;;;;;;;;;;x
b_blackrock;Blackrock;;;;;;;;;;;;;x
b_blackrod;Blackrod;;;;;;;;;;;;;x
b_tsofeer;Tsofeer;;;;;;;;;;;;;x
b_blackroot;Blackroot;;;;;;;;;;;;;x
b_blackrose;Blackrose Prison;;;;;;;;;;;;;x
b_root_whisper;Root-Whisper;;;;;;;;;;;;;x
b_vakka_bok;Vakka-Bok;;;;;;;;;;;;;x
b_xul_thuxis;Xul-Thuxis;;;;;;;;;;;;;x
b_lakemire;Lakemire;;;;;;;;;;;;;x
b_teeth_of_sithis;Teeth of Sithis;;;;;;;;;;;;;x
b_blackshaft;Blackshaft;;;;;;;;;;;;;x
b_blackshear;Blackshear;;;;;;;;;;;;;x
b_blackwater;Blackwater;;;;;;;;;;;;;x
b_blackwell;Blackwell;;;;;;;;;;;;;x
b_blackwood;Blackwood;;;;;;;;;;;;;x
b_bladekeep;Bladekeep;;;;;;;;;;;;;x
b_bladerun;Bladerun;;;;;;;;;;;;;x
b_bladesedge;Blade's Edge;;;;;;;;;;;;;x
b_blain;Blain;;;;;;;;;;;;;x
b_blankenmarch;Blankenmarch;;;;;;;;;;;;;x
b_bleakcoast;Bleakcoast;;;;;;;;;;;;;x
b_bleakersway;Bleaker's Way;;;;;;;;;;;;;x
b_bleakfalls;Bleakfalls;;;;;;;;;;;;;x
b_bleakhammer;Bleakhammer;;;;;;;;;;;;;x
b_bleakmarch;Bleakmarch;;;;;;;;;;;;;x
b_bleakmine;Bleakmine;;;;;;;;;;;;;x
b_bleakmoor;Bleakmoor;;;;;;;;;;;;;x
b_bleakstad;Bleakstad;;;;;;;;;;;;;x
b_bleakwall;Bleakwall;;;;;;;;;;;;;x
b_bleakwatch;Bleakwatch;;;;;;;;;;;;;x
b_bleakwind;Bleakwind;;;;;;;;;;;;;x
b_bleedingcrown;Bleedingcrown;;;;;;;;;;;;;x
b_blet;Blet;;;;;;;;;;;;;x
b_bleteran;Bleteran;;;;;;;;;;;;;x
b_blindcliff;Blindcliff;;;;;;;;;;;;;x
b_blink;Blink;;;;;;;;;;;;;x
b_blizzardrest;Blizzard's Rest;;;;;;;;;;;;;x
b_bloatedmans;BloatedMan's Grotto;;;;;;;;;;;;;x
b_bloodaxe;Bloodaxe;;;;;;;;;;;;;x
b_bloodcrust;Bloodcrust;;;;;;;;;;;;;x
b_bloodhorn;Bloodhorn;;;;;;;;;;;;;x
b_bloodlet;Bloodlet Throne;;;;;;;;;;;;;x
b_bloodmayne;Bloodmayne;;;;;;;;;;;;;x
b_bloodrun;Bloodrun;;;;;;;;;;;;;x
b_bloodstone;Bloodstone;;;;;;;;;;;;;x
b_bloodstone_volkihar;Bloodstone;;;;;;;;;;;;;x
b_blueblood;Blueblood;;;;;;;;;;;;;x
b_bluelea;Bluelea;;;;;;;;;;;;;x
b_bluepalace;Blue Palace;;;;;;;;;;;;;x
b_blueroad;Blueroad;;;;;;;;;;;;;x
b_bluevale;Bluevale;;;;;;;;;;;;;x
b_bobington;Bobington;;;;;;;;;;;;;x
b_bochum;Bochum;;;;;;;;;;;;;x
b_bockhorn;Bockhorn;;;;;;;;;;;;;x
b_bodean;Bodean;;;;;;;;;;;;;x
b_bodeli;Bodeli;;;;;;;;;;;;;x
b_bodilcand;Bodilcand;;;;;;;;;;;;;x
b_bodra;Bodra;;;;;;;;;;;;;x
b_bodrum;Bodrum;;;;;;;;;;;;;x
b_bogat;Bogat;;;;;;;;;;;;;x
b_boghollow;Boghollow;;;;;;;;;;;;;x
b_bogos;Bogos;;;;;;;;;;;;;x
b_bogwater;Bogwater;;;;;;;;;;;;;x
b_bogwraith;Bogwraith;;;;;;;;;;;;;x
b_bokhtar;Bokhtar;;;;;;;;;;;;;x
b_bolete;Bolete;;;;;;;;;;;;;x
b_bolgali;Bolgali;;;;;;;;;;;;;x
b_bolirt;Bolirt;;;;;;;;;;;;;x
b_bolkara;Bolkara;;;;;;;;;;;;;x
b_bolugol;Bolugol;;;;;;;;;;;;;x
b_bolukale;Bolukale;;;;;;;;;;;;;x
b_bolukars;Bolukars;;;;;;;;;;;;;x
b_boluya;Boluya;;;;;;;;;;;;;x
b_boluzip;Boluzip;;;;;;;;;;;;;x
b_bondar;Bondar;;;;;;;;;;;;;x
b_bonduaic;Bonduaic;;;;;;;;;;;;;x
b_bonechill;Bonechill;;;;;;;;;;;;;x
b_bonescrest;Bonescrest;;;;;;;;;;;;;x
b_bonewood;Bonewood;;;;;;;;;;;;;x
b_bongor;Bongor;;;;;;;;;;;;;x
b_bonior;Bonior;;;;;;;;;;;;;x
b_boonaca;Boonaca;;;;;;;;;;;;;x
b_bootle;Bootle;;;;;;;;;;;;;x
b_borderkeep;Borderkeep;;;;;;;;;;;;;x
b_borderpoint;Borderpoint;;;;;;;;;;;;;x
b_borderwatch;Border Watch;;;;;;;;;;;;;x
b_borealstone;Borealstone;;;;;;;;;;;;;x
b_borgarn;Borgarn;;;;;;;;;;;;;x
b_borgholm;Borgholm;;;;;;;;;;;;;x
b_borgia;Borgia;;;;;;;;;;;;;x
b_bornand;Bornand;;;;;;;;;;;;;x
b_borsippa;Borsippa;;;;;;;;;;;;;x
b_bosada;Bosada;;;;;;;;;;;;;x
b_bosdurin;Bosdurin;;;;;;;;;;;;;x
b_bosia;Bosia;;;;;;;;;;;;;x
b_bosica;Bosica;;;;;;;;;;;;;x
b_bosmora;Bosmora;;;;;;;;;;;;;x
b_bosornhold;Bosornhold;;;;;;;;;;;;;x
b_bosrin;Bosrin;;;;;;;;;;;;;x
b_bosun;Bosun;;;;;;;;;;;;;x
b_boulderfall;Boulderfall;;;;;;;;;;;;;x
b_bouti;Bouti;;;;;;;;;;;;;x
b_bovril;Bovril;;;;;;;;;;;;;x
b_boxvale;Boxvale;;;;;;;;;;;;;x
b_bracken;Bracken;;;;;;;;;;;;;x
b_brackenwood;Brackenwood;;;;;;;;;;;;;x
b_brackril;Brackril;;;;;;;;;;;;;x
b_bradas;Bradas;;;;;;;;;;;;;x
b_bradasou;Bradasou;;;;;;;;;;;;;x
b_brades;Brades;;;;;;;;;;;;;x
b_braga;Braga;;;;;;;;;;;;;x
b_bragidar;Bragidar;;;;;;;;;;;;;x
b_brahame;Brahame;;;;;;;;;;;;;x
b_bramblepoint;Bramblepoint;;;;;;;;;;;;;x
b_bramblewood;Bramblewood;;;;;;;;;;;;;x
b_bran;Bran;;;;;;;;;;;;;x
b_branchmont;Branchmont;;;;;;;;;;;;;x
b_brandstone;Brandstone;;;;;;;;;;;;;x
b_brandymug;Brandymug;;;;;;;;;;;;;x
b_brandywine;Brandywine;;;;;;;;;;;;;x
b_brantwein;Brantwein;;;;;;;;;;;;;x
b_brasewich;Brasewich;;;;;;;;;;;;;x
b_braunfels;Braunfels;;;;;;;;;;;;;x
b_braunton;Braunton;;;;;;;;;;;;;x
b_bravil;Bravil;;;;;;;;;;;;;x
b_bravin;Bravin;;;;;;;;;;;;;x
b_breakheim;Breakheim;;;;;;;;;;;;;x
b_breakneck;Breakneck;;;;;;;;;;;;;x
b_breaktree;Breaktree;;;;;;;;;;;;;x
b_breakwatch;Breakwatch;;;;;;;;;;;;;x
b_breakwater;Breakwater;;;;;;;;;;;;;x
b_breakwind;Breakwind;;;;;;;;;;;;;x
b_breaton;Breaton;;;;;;;;;;;;;x
b_brecilia;Brecilia;;;;;;;;;;;;;x
b_brecon;Brecon;;;;;;;;;;;;;x
b_breda;Breda;;;;;;;;;;;;;x
b_brehal;Brehal;;;;;;;;;;;;;x
b_brelade;Brelade;;;;;;;;;;;;;x
b_brellach;Brellach;;;;;;;;;;;;;x
b_brelunth;Brelunth;;;;;;;;;;;;;x
b_brena;Brena;;;;;;;;;;;;;x
b_brenamouth;Brenamouth;;;;;;;;;;;;;x
b_brenascross;Brena's Cross;;;;;;;;;;;;;x
b_brenaspring;Brenaspring;;;;;;;;;;;;;x
b_brenod;Brenod;;;;;;;;;;;;;x
b_bresca;Bresca;;;;;;;;;;;;;x
b_bretton;Bretton;;;;;;;;;;;;;x
b_brewood;Brewood;;;;;;;;;;;;;x
b_briarpatch;Briarpatch;;;;;;;;;;;;;x
b_bridgebeach;Bridgebeach;;;;;;;;;;;;;x
b_bridgedell;Bridgedell;;;;;;;;;;;;;x
b_bridgehead;Bridgehead;;;;;;;;;;;;;x
b_bridgemeadow;Bridgemeadow;;;;;;;;;;;;;x
b_briec;Briec;;;;;;;;;;;;;x
b_brightbook;Brightbrook;;;;;;;;;;;;;x
b_brightborough;Brightborough;;;;;;;;;;;;;x
b_brightbrook;BrightBrook;;;;;;;;;;;;;x
b_brightdell;Brightdell;;;;;;;;;;;;;x
b_brightmage;Brightmage;;;;;;;;;;;;;x
b_brightwater;Brightwater;;;;;;;;;;;;;x
b_brinacross;Brina's Cross;;;;;;;;;;;;;x
b_brindel;Brindel;;;;;;;;;;;;;x
b_brindisi;Brindisi;;;;;;;;;;;;;x
b_brindlehome;Brindle Home;;;;;;;;;;;;;x
b_brinehammer;Brinehammer;;;;;;;;;;;;;x
b_brinewater;Brinewater;;;;;;;;;;;;;x
b_brinkpost;Brinkpost;;;;;;;;;;;;;x
b_bristlethorn;Bristlethorn;;;;;;;;;;;;;x
b_brithion;Brithion;;;;;;;;;;;;;x
b_brittlehammer;Brittlehammer;;;;;;;;;;;;;x
b_brittlerock;Brittlerock;;;;;;;;;;;;;x
b_brittleshin;Brittleshin;;;;;;;;;;;;;x
b_brittlestead;Brittlestead;;;;;;;;;;;;;x
b_brittlestone;Brittlestone;;;;;;;;;;;;;x
b_broadidge;Broadidge;;;;;;;;;;;;;x
b_broadrunn;Broadrunn;;;;;;;;;;;;;x
b_broadwall;Broadwall;;;;;;;;;;;;;x
b_brocanna;Brocanna;;;;;;;;;;;;;x
b_brocchus;Brocchus;;;;;;;;;;;;;x
b_brocken;Brocken;;;;;;;;;;;;;x
b_brokenbridge;Brokenbridge;;;;;;;;;;;;;x
b_brokenhelm;Brokenhelm;;;;;;;;;;;;;x
b_brokenoar;Broken Oar;;;;;;;;;;;;;x
b_brokentower;Broken Tower;;;;;;;;;;;;;x
b_brokenwing;Brokenwing;;;;;;;;;;;;;x
b_bromich;Bromich;;;;;;;;;;;;;x
b_bromyard;Bromyard;;;;;;;;;;;;;x
b_bronzewater;Bronzewater;;;;;;;;;;;;;x
b_broodheim;Broodheim;;;;;;;;;;;;;x
b_brookhaven;Brookhaven;;;;;;;;;;;;;x
b_brooknesse;Brooknesse;;;;;;;;;;;;;x
b_brotch;Brotch;;;;;;;;;;;;;x
b_brotingard;Brotingard;;;;;;;;;;;;;x
b_brotinsker;Brotinsker;;;;;;;;;;;;;x
b_brotinsket;Brotinsker;;;;;;;;;;;;;x
b_brotinsverd;Brotinsverd;;;;;;;;;;;;;x
b_brottunn;Brottunn;;;;;;;;;;;;;x
b_brownwater;Brownwater;;;;;;;;;;;;;x
b_brucasleap;Bruca's Leap;;;;;;;;;;;;;x
b_brucke;Brucke;;;;;;;;;;;;;x
b_brugge;Brugge;;;;;;;;;;;;;x
b_brugmansia;Brugmansia;;;;;;;;;;;;;x
b_brukard;Brukard;;;;;;;;;;;;;x
b_brukmen;Brukmen;;;;;;;;;;;;;x
b_brukreich;Brukreich Bridge;;;;;;;;;;;;;x
b_brukvulk;Brukvulk;;;;;;;;;;;;;x
b_brulcand;Brulcand;;;;;;;;;;;;;x
b_bruma;Bruma;;;;;;;;;;;;;x
b_brushblade;Brushblade;;;;;;;;;;;;;x
b_brusktop;Brusktop;;;;;;;;;;;;;x
b_bruta;Bruta;;;;;;;;;;;;;x
b_bryling;Bryling;;;;;;;;;;;;;x
b_brynnvik;Brynnvik;;;;;;;;;;;;;x
b_bthalft;Bthalft;;;;;;;;;;;;;x
b_bthanchend;Bthanchend;;;;;;;;;;;;;x
b_bthardzam;Bthardzam;;;;;;;;;;;;;x
b_bthuand;Bthuand;;;;;;;;;;;;;x
b_bthungthumz;Bthungthumz;;;;;;;;;;;;;x
b_buakhoi;Buakhoi;;;;;;;;;;;;;x
b_buakret;Buakret;;;;;;;;;;;;;x
b_buaphai;Buaphai;;;;;;;;;;;;;x
b_buarachan;Buarachan;;;;;;;;;;;;;x
b_buayai;Buayai;;;;;;;;;;;;;x
b_buckby;Buckby;;;;;;;;;;;;;x
b_buckmoth;Buckmoth;;;;;;;;;;;;;x
b_buckmound;Buckmound;;;;;;;;;;;;;x
b_buduq;Buduq;;;;;;;;;;;;;x
b_bugloss;Bugloss;;;;;;;;;;;;;x
b_builth;Builth;;;;;;;;;;;;;x
b_buji;Buji;;;;;;;;;;;;;x
b_bukdaya;Bukdaya;;;;;;;;;;;;;x
b_bukduk;Bukduk;;;;;;;;;;;;;x
b_bukhar;Bukhar;;;;;;;;;;;;;x
b_bukitlam;Bukitlam;;;;;;;;;;;;;x
b_bukkul;Bukkul;;;;;;;;;;;;;x
b_bukpang;Bukpang;;;;;;;;;;;;;x
b_buksat;Buksat;;;;;;;;;;;;;x
b_bukwa;Bukwa;;;;;;;;;;;;;x
b_bukwat;Bukwat;;;;;;;;;;;;;x
b_bullshorn;Bull's Horn;;;;;;;;;;;;;x
b_bulwark;Bulwark;;;;;;;;;;;;;x
b_buraan;Buraan;;;;;;;;;;;;;x
b_buragen;Buragen;;;;;;;;;;;;;x
b_burbin;Burbin;;;;;;;;;;;;;x
b_burco;Burco;;;;;;;;;;;;;x
b_burcuk;Burcuk;;;;;;;;;;;;;x
b_burfez;Burfez;;;;;;;;;;;;;x
b_burgaz;Burgaz;;;;;;;;;;;;;x
b_burising;Burising;;;;;;;;;;;;;x
b_burisuan;Burisuan;;;;;;;;;;;;;x
b_burr;Burr;;;;;;;;;;;;;x
b_bursamir;Bursamir;;;;;;;;;;;;;x
b_bursana;Bursana;;;;;;;;;;;;;x
b_bursanbul;Bursanbul;;;;;;;;;;;;;x
b_bursar;Bursar;;;;;;;;;;;;;x
b_bursarlu;Bursarlu;;;;;;;;;;;;;x
b_bursaya;Bursaya;;;;;;;;;;;;;x
b_bursegli;Bursegli;;;;;;;;;;;;;x
b_burvas;Burvas;;;;;;;;;;;;;x
b_burwash;Burwash;;;;;;;;;;;;;x
b_burwell;Burwell;;;;;;;;;;;;;x
b_burzam;Burzam;;;;;;;;;;;;;x
b_burzkent;Burzkent;;;;;;;;;;;;;x
b_burzmir;Burzmir;;;;;;;;;;;;;x
b_busby;Busby;;;;;;;;;;;;;x
b_bushby;Bushby;;;;;;;;;;;;;x
b_bushhedge;Bushhedge;;;;;;;;;;;;;x
b_busson;Busson;;;;;;;;;;;;;x
b_buta;Buta;;;;;;;;;;;;;x
b_byada;Byada;;;;;;;;;;;;;x
b_byauman;Byauman;;;;;;;;;;;;;x
b_byblon;Byblon;;;;;;;;;;;;;x
b_byfox;Byfox;;;;;;;;;;;;;x
b_bylitch;Bylitch;;;;;;;;;;;;;x
b_byomo;Byomo;;;;;;;;;;;;;x
b_bysage;Bysage;;;;;;;;;;;;;x
b_byshag;Byshag;;;;;;;;;;;;;x
b_byuzono;Byuzono;;;;;;;;;;;;;x
b_cadlew;Cadlew;;;;;;;;;;;;;x
b_caele;Caele;;;;;;;;;;;;;x
b_caergil;Caergil;;;;;;;;;;;;;x
b_caghiat;Caghiat;;;;;;;;;;;;;x
b_cairn;Cairn;;;;;;;;;;;;;x
b_cairnbridge;Cairnbridge;;;;;;;;;;;;;x
b_calabar;Calabar;;;;;;;;;;;;;x
b_caldera;Caldera;;;;;;;;;;;;;x
b_calderwood;Calderwood;;;;;;;;;;;;;x
b_caledor;Caledor;;;;;;;;;;;;;x
b_calimdor;Calimdor;;;;;;;;;;;;;x
b_calingus;Calingus;;;;;;;;;;;;;x
b_calus;Calus;;;;;;;;;;;;;x
b_camaran;Camaran;;;;;;;;;;;;;x
b_cambert;Cambert;;;;;;;;;;;;;x
b_camborne;Camborne;;;;;;;;;;;;;x
b_cambrian;Cambrian;;;;;;;;;;;;;x
b_camden;Camden;;;;;;;;;;;;;x
b_camknock;Camknock;;;;;;;;;;;;;x
b_camlorn;Camlorn;;;;;;;;;;;;;x
b_camrose;Camrose;;;;;;;;;;;;;x
b_cann;Cann;;;;;;;;;;;;;x
b_canosel;Canosel;;;;;;;;;;;;;x
b_canulus;Canulus;;;;;;;;;;;;;x
b_capenhurst;Capenhurst;;;;;;;;;;;;;x
b_cappado;Cappado;;;;;;;;;;;;;x
b_capstone;Capstone;;;;;;;;;;;;;x
b_car;Car;;;;;;;;;;;;;x
b_carabara;Carabara;;;;;;;;;;;;;x
b_caractacus;Caractacus;;;;;;;;;;;;;x
b_caradang;Caradang;;;;;;;;;;;;;x
b_caradesa;Caradesa;;;;;;;;;;;;;x
b_carakal;Carakal;;;;;;;;;;;;;x
b_carakota;Carakota;;;;;;;;;;;;;x
b_caralok;Caralok;;;;;;;;;;;;;x
b_cararaya;Cararaya;;;;;;;;;;;;;x
b_caratan;Caratan;;;;;;;;;;;;;x
b_carbo;Carbo's Camp;;;;;;;;;;;;;x
b_cardak;Cardak;;;;;;;;;;;;;x
b_carigalen;Carigalen;;;;;;;;;;;;;x
b_carmala;Carmala;;;;;;;;;;;;;x
b_carmar;Carmar;;;;;;;;;;;;;x
b_carmarthen;Carmarthen;;;;;;;;;;;;;x
b_carros;Carros;;;;;;;;;;;;;x
b_caruhn;Caruhn;;;;;;;;;;;;;x
b_castalia;Castalia;;;;;;;;;;;;;x
b_castlederg;Castle Derg;;;;;;;;;;;;;x
b_castlejoy;Castlejoy;;;;;;;;;;;;;x
b_castlekarstag;Castle Karstaag;;;;;;;;;;;;;x
b_castvale;Castvale;;;;;;;;;;;;;x
b_catalpa;Catalpa;;;;;;;;;;;;;x
b_catam;Catam;;;;;;;;;;;;;x
b_catanai;Catanai;;;;;;;;;;;;;x
b_cathay;Cathay;;;;;;;;;;;;;x
b_cathin;Cathin;;;;;;;;;;;;;x
b_cathnoquey;Quey;;;;;;;;;;;;;x
b_catimaran;Catimaran;;;;;;;;;;;;;x
b_catius;Catius;;;;;;;;;;;;;x
b_catota;Catota;;;;;;;;;;;;;x
b_catoydur;Cato Ydur;;;;;;;;;;;;;x
b_cattleswine;Cattleswine;;;;;;;;;;;;;x
b_cava;Cava;;;;;;;;;;;;;x
b_cawic;Cawic;;;;;;;;;;;;;x
b_caysin;Caysin;;;;;;;;;;;;;x
b_cedabek;Cedabek;;;;;;;;;;;;;x
b_cedarcreek;Cedarcreek;;;;;;;;;;;;;x
b_cedarfalls;Cedarfalls;;;;;;;;;;;;;x
b_cedrian;Cedrian;;;;;;;;;;;;;x
b_ceffa;Ceffa;;;;;;;;;;;;;x
b_ceiriog;Ceiriog;;;;;;;;;;;;;x
b_celebrir;Celebrir;;;;;;;;;;;;;x
b_cerebulon;Cerebulon;;;;;;;;;;;;;x
b_cerisy;Cerisy;;;;;;;;;;;;;x
b_ceruleanbay;Cerulean Bay;;;;;;;;;;;;;x
b_cespar;Cespar;;;;;;;;;;;;;x
b_cetza;Cetza;;;;;;;;;;;;;x
b_ceyatatar;Ceyatatar;;;;;;;;;;;;;x
b_ceycan;Ceycan;;;;;;;;;;;;;x
b_ceyhantep;Ceyhantep;;;;;;;;;;;;;x
b_ceyhsun;Ceyhsun;;;;;;;;;;;;;x
b_ceyirli;Ceyirli;;;;;;;;;;;;;x
b_ceysaybin;Ceysaybin;;;;;;;;;;;;;x
b_ceysin;Ceysin;;;;;;;;;;;;;x
b_chaam;Chaam;;;;;;;;;;;;;x
b_chadahan;Chadahan;;;;;;;;;;;;;x
b_chaelia;Chaelia;;;;;;;;;;;;;x
b_chagachu;Chagachu;;;;;;;;;;;;;x
b_chaghi;Chaghi;;;;;;;;;;;;;x
b_chahima;Chahima;;;;;;;;;;;;;x
b_chai;Chai;;;;;;;;;;;;;x
b_chaiang;Chai Ang;;;;;;;;;;;;;x
b_chaidung;Chaidung;;;;;;;;;;;;;x
b_chaihon;Chaihon;;;;;;;;;;;;;x
b_chaim;Chaim;;;;;;;;;;;;;x
b_chaithaburi;Chaithaburi;;;;;;;;;;;;;x
b_chaithaya;Chaithaya;;;;;;;;;;;;;x
b_chaiyaphum;Chaiyaphum;;;;;;;;;;;;;x
b_chajalai;Chajalai;;;;;;;;;;;;;x
b_chaju_o;Chaju-o;;;;;;;;;;;;;x
b_chalkspring;Chalkspring;;;;;;;;;;;;;x
b_chalman;Chalman;;;;;;;;;;;;;x
b_chalom;Chalom;;;;;;;;;;;;;x
b_chamba;Chamba;;;;;;;;;;;;;x
b_chammu;Chammu;;;;;;;;;;;;;x
b_chanan;Chanan;;;;;;;;;;;;;x
b_chandra;Chandra;;;;;;;;;;;;;x
b_changm;Changm;;;;;;;;;;;;;x
b_changsha;Changsha;;;;;;;;;;;;;x
b_chanju_o;Chanju-o;;;;;;;;;;;;;x
b_chanshi;Chanshi;;;;;;;;;;;;;x
b_chanthaburi;Chanthaburi;;;;;;;;;;;;;x
b_chanthakhoi;Chanthakhoi;;;;;;;;;;;;;x
b_chanthapo;Chanthapo;;;;;;;;;;;;;x
b_chanthawan;Chanthawan;;;;;;;;;;;;;x
b_chanubi;Chanubi;;;;;;;;;;;;;x
b_chan_a;Chan-a;;;;;;;;;;;;;x
b_chan_tspat;Chan-Tspat;;;;;;;;;;;;;x
b_chaou;Chaou;;;;;;;;;;;;;x
b_chapel;Chapel;;;;;;;;;;;;;x
b_chaphun;Chaphun;;;;;;;;;;;;;x
b_charcoal;Charcoal;;;;;;;;;;;;;x
b_charencroft;Charencroft;;;;;;;;;;;;;x
b_charenfort;Charenfort;;;;;;;;;;;;;x
b_chasan;Chasan;;;;;;;;;;;;;x
b_chasecreek;Chasecreek;;;;;;;;;;;;;x
b_chasegrove;Chasegrove;;;;;;;;;;;;;x
b_chasemoor;Chasemoor;;;;;;;;;;;;;x
b_chasepoint;Chasepoint;;;;;;;;;;;;;x
b_chashash;Chashash;;;;;;;;;;;;;x
b_chashi;Chashi;;;;;;;;;;;;;x
b_chauan;Chauan;;;;;;;;;;;;;x
b_chayi;Chayi;;;;;;;;;;;;;x
b_cha_choiangm;Cha-Choiangm;;;;;;;;;;;;;x
b_cha_o;Cha-o;;;;;;;;;;;;;x
b_chemish;Chemish;;;;;;;;;;;;;x
b_cherseon;Cherseon;;;;;;;;;;;;;x
b_chestnut;Chestnut;;;;;;;;;;;;;x
b_cheydinford;Cheydinford;;;;;;;;;;;;;x
b_cheydingrad;Cheydingrad;;;;;;;;;;;;;x
b_cheydinhal;Cheydinhal;;;;;;;;;;;;;x
b_cheydinhame;Cheydinhame;;;;;;;;;;;;;x
b_cheydinhorst;Cheydinhorst;;;;;;;;;;;;;x
b_cheynend;Cheynend;;;;;;;;;;;;;x
b_cheynoslin;Cheynoslin;;;;;;;;;;;;;x
b_chianglam;Chianglam;;;;;;;;;;;;;x
b_chiangmai;Chiangmai;;;;;;;;;;;;;x
b_chiggre;Chiggre;;;;;;;;;;;;;x
b_chikuma;Chikuma;;;;;;;;;;;;;x
b_chillfurrow;Chillfurrow;;;;;;;;;;;;;x
b_chillwind;Chillwind;;;;;;;;;;;;;x
b_chimkal;Chimkal;;;;;;;;;;;;;x
b_chionga;Chionga;;;;;;;;;;;;;x
b_chipaxe;Chipaxe;;;;;;;;;;;;;x
b_chipoken;Chipoken;;;;;;;;;;;;;x
b_chiril;Chiril;;;;;;;;;;;;;x
b_chishict;Chishict;;;;;;;;;;;;;x
b_chitin;Chitin;;;;;;;;;;;;;x
b_chitsu;Chitsu;;;;;;;;;;;;;x
b_chivril;Chivril;;;;;;;;;;;;;x
b_chloro;Chloro;;;;;;;;;;;;;x
b_choeng;Choeng;;;;;;;;;;;;;x
b_chonang;Chonang;;;;;;;;;;;;;x
b_chonarasak;Chonarasak;;;;;;;;;;;;;x
b_chonbueng;Chonbueng;;;;;;;;;;;;;x
b_chondahan;Chondahan;;;;;;;;;;;;;x
b_chongan;Chongan;;;;;;;;;;;;;x
b_chonlor;Chonlor;;;;;;;;;;;;;x
b_chonphai;Chonphai;;;;;;;;;;;;;x
b_chonsao;Chonsao;;;;;;;;;;;;;x
b_chorrol;Chorrol;;;;;;;;;;;;;x
b_chorsu;Chorsu;;;;;;;;;;;;;x
b_chothal;Chothal;;;;;;;;;;;;;x
b_chotharja;Chotharja;;;;;;;;;;;;;x
b_chowo;Chowo;;;;;;;;;;;;;x
b_chubak;Chubak;;;;;;;;;;;;;x
b_chubek;Chubek;;;;;;;;;;;;;x
b_chueuji;Chueuji;;;;;;;;;;;;;x
b_chughal;Chughal;;;;;;;;;;;;;x
b_chuldaq;Chuldaq;;;;;;;;;;;;;x
b_chumbum;Chum Bum;;;;;;;;;;;;;x
b_chumdung;Chum Dung;;;;;;;;;;;;;x
b_chumhet;Chumhet;;;;;;;;;;;;;x
b_chumkhon;Chumkhon;;;;;;;;;;;;;x
b_chumon;Chumon;;;;;;;;;;;;;x
b_chumpon;Chumpon;;;;;;;;;;;;;x
b_chumyai;Chumyai;;;;;;;;;;;;;x
b_chuoula;Chuoula;;;;;;;;;;;;;x
b_chuqal;Chuqal;;;;;;;;;;;;;x
b_cidang;Cidang;;;;;;;;;;;;;x
b_cilcain;Cilcain;;;;;;;;;;;;;x
b_cili;Cili;;;;;;;;;;;;;x
b_cilok;Cilok;;;;;;;;;;;;;x
b_ciman;Ciman;;;;;;;;;;;;;x
b_cirat;Cirat;;;;;;;;;;;;;x
b_clacton;Clacton;;;;;;;;;;;;;x
b_clamdigger;Clamdigger;;;;;;;;;;;;;x
b_clavic;Clavic;;;;;;;;;;;;;x
b_clawleg;Crawleg;;;;;;;;;;;;;x
b_claybone;Claybone;;;;;;;;;;;;;x
b_claydig;Claydig;;;;;;;;;;;;;x
b_clayfield;Clayfield;;;;;;;;;;;;;x
b_clearbark;Clearbark;;;;;;;;;;;;;x
b_cleardale;Cleardale;;;;;;;;;;;;;x
b_clearfair;Clearfair;;;;;;;;;;;;;x
b_clearmoor;Clearmoor;;;;;;;;;;;;;x
b_clearpine;Clearpine;;;;;;;;;;;;;x
b_clearspring;Clearspring;;;;;;;;;;;;;x
b_cleeve;Cleeve;;;;;;;;;;;;;x
b_clegain;Clegain;;;;;;;;;;;;;x
b_clegane;Clegane;;;;;;;;;;;;;x
b_cliffside;Cliffside;;;;;;;;;;;;;x
b_cliffwatch;Cliffwatch;;;;;;;;;;;;;x
b_clion;Clion;;;;;;;;;;;;;x
b_cloer;Cloer;;;;;;;;;;;;;x
b_cloghan;Cloghan;;;;;;;;;;;;;x
b_cloudrest;Cloudrest;;;;;;;;;;;;;x
b_cloudruler;Cloud Ruler;;;;;;;;;;;;;x
b_cloudsail;Cloudsail;;;;;;;;;;;;;x
b_cloudspring;Cloudspring;;;;;;;;;;;;;x
b_cloudtop;Cloudtop;;;;;;;;;;;;;x
b_cloverfield;Cloverfield;;;;;;;;;;;;;x
b_clunruighe;Clunruighe;;;;;;;;;;;;;x
b_cnius;Cnius;;;;;;;;;;;;;x
b_coak;Coak;;;;;;;;;;;;;x
b_coalhill;Coalhill;;;;;;;;;;;;;x
b_coastmire;Coastmire;;;;;;;;;;;;;x
b_cobwood;Cobwood;;;;;;;;;;;;;x
b_coldcorn;Coldcorn;;;;;;;;;;;;;x
b_coldmoor;Coldmoor;;;;;;;;;;;;;x
b_coldrock;Coldrock;;;;;;;;;;;;;x
b_coldstone;Coldstone;;;;;;;;;;;;;x
b_coldwind;Coldwind;;;;;;;;;;;;;x
b_coldwinter;Coldwinter;;;;;;;;;;;;;x
b_collarbone;Collarbone;;;;;;;;;;;;;x
b_colossus;Colossus;;;;;;;;;;;;;x
b_comarum;Comarum;;;;;;;;;;;;;x
b_comberry;Comberry;;;;;;;;;;;;;x
b_conatra;Conatra;;;;;;;;;;;;;x
b_conduk;Conduk;;;;;;;;;;;;;x
b_conlam;Conlam;;;;;;;;;;;;;x
b_conlui;Conlui;;;;;;;;;;;;;x
b_conmak;Conmak;;;;;;;;;;;;;x
b_connorflenge;Connorflenge;;;;;;;;;;;;;x
b_conpang;Conpang;;;;;;;;;;;;;x
b_copang;Copang;;;;;;;;;;;;;x
b_copperway;Copperway;;;;;;;;;;;;;x
b_copung;Copung;;;;;;;;;;;;;x
b_coratman;Coratman;;;;;;;;;;;;;x
b_corawiin;Corawiin;;;;;;;;;;;;;x
b_corbie;Corbie;;;;;;;;;;;;;x
b_corcori;Corcori;;;;;;;;;;;;;x
b_cordorn;Cordorn;;;;;;;;;;;;;x
b_cordown;Cordown;;;;;;;;;;;;;x
b_cordu;Cordu;;;;;;;;;;;;;x
b_coren;Coren;;;;;;;;;;;;;x
b_corgrad;Corgrad Wastes;;;;;;;;;;;;;x
b_corimont;Alten Corimont;;;;;;;;;;;;;x
b_corinard;Corinard;;;;;;;;;;;;;x
b_corinawl;Corinawl;;;;;;;;;;;;;x
b_corinth;Corinth;;;;;;;;;;;;;x
b_corinthor;Corinthor;;;;;;;;;;;;;x
b_corisilmoor;Cori Silmoor;;;;;;;;;;;;;x
b_corlu;Corlu;;;;;;;;;;;;;x
b_cormair;Cormair;;;;;;;;;;;;;x
b_cormaris;Cormaris;;;;;;;;;;;;;x
b_cormont;Cormont;;;;;;;;;;;;;x
b_cornway;Cornway;;;;;;;;;;;;;x
b_corrick;Corrick;;;;;;;;;;;;;x
b_corrium;Corrium;;;;;;;;;;;;;x
b_corveen;Corveen;;;;;;;;;;;;;x
b_corverhold;Corverhold;;;;;;;;;;;;;x
b_corwen;Corwen;;;;;;;;;;;;;x
b_corwin;Corwin;;;;;;;;;;;;;x
b_cosades;Cosades;;;;;;;;;;;;;x
b_cotoneaster;Cotoneaster;;;;;;;;;;;;;x
b_cottondowns;Cottondowns;;;;;;;;;;;;;x
b_cotu;Cotu;;;;;;;;;;;;;x
b_coupigny;Coupigny;;;;;;;;;;;;;x
b_couronne;Couronne;;;;;;;;;;;;;x
b_courthill;Courthill;;;;;;;;;;;;;x
b_courtmeadow;Courtmeadow;;;;;;;;;;;;;x
b_courtwald;Courtwald;;;;;;;;;;;;;x
b_coutain;Coutain;;;;;;;;;;;;;x
b_covril;Covril;;;;;;;;;;;;;x
b_cowlyd;Cowlyd;;;;;;;;;;;;;x
b_crabapple;Crabappale;;;;;;;;;;;;;x
b_crabbergrad;Crabbergrad;;;;;;;;;;;;;x
b_crabside;Crabside;;;;;;;;;;;;;x
b_crackedtuskkeep;Cracked Tusk Keep;;;;;;;;;;;;;x
b_crackedwood;Crackedwood;;;;;;;;;;;;;x
b_cradlecrush;Cradlecruch;;;;;;;;;;;;;x
b_cradlestone;Cradlestone;;;;;;;;;;;;;x
b_cragslane;Cragslane;;;;;;;;;;;;;x
b_cragwallow;Cragwallow;;;;;;;;;;;;;x
b_cranargh;Cranargh;;;;;;;;;;;;;x
b_craon;Craon;;;;;;;;;;;;;x
b_crayfish;Crayfish;;;;;;;;;;;;;x
b_creheath;Creheath;;;;;;;;;;;;;x
b_crenius;Crenius;;;;;;;;;;;;;x
b_crescentmoon;Crescentmoon;;;;;;;;;;;;;x
b_crestbridge;Crestbridge;;;;;;;;;;;;;x
b_creta;Creta;;;;;;;;;;;;;x
b_crevant;Crevant;;;;;;;;;;;;;x
b_creydinhal;Creydinhal;;;;;;;;;;;;;x
b_crixus;Crixus;;;;;;;;;;;;;x
b_crome;Crome;;;;;;;;;;;;;x
b_cromheim;Cromheim;;;;;;;;;;;;;x
b_cronan;Cronan;;;;;;;;;;;;;x
b_cronesh;Cronesh;;;;;;;;;;;;;x
b_croneshitte;Croneshitte;;;;;;;;;;;;;x
b_cronvangr;Cronvangr;;;;;;;;;;;;;x
b_crookhaven;Crookhaven;;;;;;;;;;;;;x
b_cropredy;Cropredy;;;;;;;;;;;;;x
b_cropsford;Cropsford;;;;;;;;;;;;;x
b_crosshill;Crosshill;;;;;;;;;;;;;x
b_crowhaven;Crowhaven;;;;;;;;;;;;;x
b_crowntemple;Crowntemple;;;;;;;;;;;;;x
b_crozon;Crozon;;;;;;;;;;;;;x
b_crumblemine;Crumblemine;;;;;;;;;;;;;x
b_crumlin;Crumlin;;;;;;;;;;;;;x
b_crystal;Crystal-Like-Law;;;;;;;;;;;;;x
b_crystaldrift;Crystaldrift;;;;;;;;;;;;;x
b_crystalheart;Crystalheart;;;;;;;;;;;;;x
b_crystalsprings;Crystalsprings;;;;;;;;;;;;;x
b_crystalvale;Crystal Vale;;;;;;;;;;;;;x
b_culotte;Culotte;;;;;;;;;;;;;x
b_cumberland;Cumberland;;;;;;;;;;;;;x
b_cupter;Cupter;;;;;;;;;;;;;x
b_cuptor;Cuptor;;;;;;;;;;;;;x
b_cuthah;Cuthah;;;;;;;;;;;;;x
b_cybiades;Cybiades;;;;;;;;;;;;;x
b_cylarne;Cylarne;;;;;;;;;;;;;x
b_cyroford;Cyroford;;;;;;;;;;;;;x
b_daarbaduq;Daarbaduq;;;;;;;;;;;;;x
b_dacius;Dacius;;;;;;;;;;;;;x
b_dadisun;Dadisun;;;;;;;;;;;;;x
b_daein;Daein;;;;;;;;;;;;;x
b_daemon;Daemon;;;;;;;;;;;;;x
b_daenia;Daenia;;;;;;;;;;;;;x
b_daggerfall;Castle Daggerfall;;;;;;;;;;;;;x
b_daggerfall_city;Daggerfall;;;;;;;;;;;;;x
b_daggersnap;Daggersnap;;;;;;;;;;;;;x
b_dagny;Dagny;;;;;;;;;;;;;x
b_dagonfel;Dagon Fel;;;;;;;;;;;;;x
b_dagothur;Dagoth-Ur;;;;;;;;;;;;;x
b_dagri;Dagri;;;;;;;;;;;;;x
b_dagrvik;Dagrvik;;;;;;;;;;;;;x
b_dahlak;Dahlak;;;;;;;;;;;;;x
b_dahleaf;Dahleaf;;;;;;;;;;;;;x
b_daire;Daire;;;;;;;;;;;;;x
b_dakar;Dakar;;;;;;;;;;;;;x
b_dalamus;Dalamus;;;;;;;;;;;;;x
b_dalatar;Dalatar;;;;;;;;;;;;;x
b_dalave;Dalave;;;;;;;;;;;;;x
b_dalenthis;Dalenthis;;;;;;;;;;;;;x
b_dalyri;Dalyri;;;;;;;;;;;;;x
b_damesh;Damesh;;;;;;;;;;;;;x
b_daminesti;Daminesti;;;;;;;;;;;;;x
b_damman;Damman;;;;;;;;;;;;;x
b_danghara;Danghara;;;;;;;;;;;;;x
b_danilu;Danilu;;;;;;;;;;;;;x
b_danoshi;Danoshi;;;;;;;;;;;;;x
b_darabek;Darabek;;;;;;;;;;;;;x
b_daragri;Daragri;;;;;;;;;;;;;x
b_daran;Daran;;;;;;;;;;;;;x
b_daraxia;Daraxia;;;;;;;;;;;;;x
b_daraya;Daraya;;;;;;;;;;;;;x
b_darba;Darba;;;;;;;;;;;;;x
b_dardang;Dardang;;;;;;;;;;;;;x
b_dardar;Dardar;;;;;;;;;;;;;x
b_dardurin;Dardurin;;;;;;;;;;;;;x
b_daresen;Shadow's Crawl;;;;;;;;;;;;;x
b_carac_dena;Carac Dena;;;;;;;;;;;;;x
b_dareven;Dareven;;;;;;;;;;;;;x
b_dargahan;Dargahan;;;;;;;;;;;;;x
b_dargan;Dargan;;;;;;;;;;;;;x
b_darggau;Darggau;;;;;;;;;;;;;x
b_darglade;Darglade;;;;;;;;;;;;;x
b_darguard;Darguard;;;;;;;;;;;;;x
b_darhold;Darhold;;;;;;;;;;;;;x
b_dariahya;Dariahya;;;;;;;;;;;;;x
b_dariolcuk;Dariolcuk;;;;;;;;;;;;;x
b_darissa;Darissa;;;;;;;;;;;;;x
b_darizli;Darizli;;;;;;;;;;;;;x
b_darjung;Darjung;;;;;;;;;;;;;x
b_merryvale;Merryvale;;;;;;;;;;;;;x
b_scarsedge;Scar's Edge;;;;;;;;;;;;;x
b_shadowdance;Shadow Dance;;;;;;;;;;;;;x
b_weepingscar;Weeping Scar;;;;;;;;;;;;;x
b_bonepit;Bonepit;;;;;;;;;;;;;x
b_darkarn;Darkarn Place;;;;;;;;;;;;;x
b_scabridge;Scab Ridge;;;;;;;;;;;;;x
b_predatormesa;Predator Mesa;;;;;;;;;;;;;x
b_nightmareplateau;Nightmare Plateau;;;;;;;;;;;;;x
b_sunspire;Sunspire;;;;;;;;;;;;;x
b_sleepysenche;Sleepy Senche;;;;;;;;;;;;;x
b_desertwind;Desert Wind;;;;;;;;;;;;;x
b_darkpool;Darkpool;;;;;;;;;;;;;x
b_starlight;Starlight;;;;;;;;;;;;;x
b_talongulch;Talon Gulch;;;;;;;;;;;;;x
b_cicatrice;Cicatrice;;;;;;;;;;;;;x
b_sandblown;Sandblown;;;;;;;;;;;;;x
b_prowl;Prowl's Edge;;;;;;;;;;;;;x
b_darkdoom;Dark Fissure;;;;;;;;;;;;;x
b_stitches;Stitches;;;;;;;;;;;;;x
b_redhandsrun;Red Hands Run;;;;;;;;;;;;;x
b_hakoshae;Hakoshae;;;;;;;;;;;;;x
b_tangle;Tangle;;;;;;;;;;;;;x
b_ashenscar;Ashen Scar;;;;;;;;;;;;;x
b_twomoonsattenmar;Two Moons at Tenmar;;;;;;;;;;;;;x
b_srendarrscradle;S'rendarr's Cradle;;;;;;;;;;;;;x
b_darkfathom;Darkfathom;;;;;;;;;;;;;x
b_abodeignomity;Abode of Ignomity;;;;;;;;;;;;;x
b_starhaven;Star Haven;;;;;;;;;;;;;x
b_darkhor;Darkhor;;;;;;;;;;;;;x
b_darklight;Darklight;;;;;;;;;;;;;x
b_darkmoon;Darkmoon;;;;;;;;;;;;;x
b_darkroot;Darkroot;;;;;;;;;;;;;x
b_darkvale;Dark Vale;;;;;;;;;;;;;x
b_darkwatch;Darkwatch;;;;;;;;;;;;;x
b_darkwater;Darkwater Pass;;;;;;;;;;;;;x
b_darkwatercrossing;Darkwater Crossing;;;;;;;;;;;;;x
b_darkyawiin;Darkyawiin;;;;;;;;;;;;;x
b_darlaig;Darlaig;;;;;;;;;;;;;x
b_darmen;Darmen;;;;;;;;;;;;;x
b_darmora;Darmora;;;;;;;;;;;;;x
b_darmouth;Darmouth;;;;;;;;;;;;;x
b_darora;Darora;;;;;;;;;;;;;x
b_darqad;Darqad;;;;;;;;;;;;;x
b_darra;Darra;;;;;;;;;;;;;x
b_darradrod;Darradrod;;;;;;;;;;;;;x
b_darrat;Darrat;;;;;;;;;;;;;x
b_darrest;Darrest;;;;;;;;;;;;;x
b_darrin;Darrin;;;;;;;;;;;;;x
b_darrothan;Darrothan;;;;;;;;;;;;;x
b_darthe;Darthe;;;;;;;;;;;;;x
b_daru;Daru;;;;;;;;;;;;;x
b_darvon;Darvon;;;;;;;;;;;;;x
b_darvulk;Darvulk Haven;;;;;;;;;;;;;x
b_darwa;Darwa;;;;;;;;;;;;;x
b_darwen;Darwen;;;;;;;;;;;;;x
b_daryawiin;Daryawiin;;;;;;;;;;;;;x
b_dasekmoor;Dasek Moor;;;;;;;;;;;;;x
b_dassa;Dassa;;;;;;;;;;;;;x
b_davachi;Davachi;;;;;;;;;;;;;x
b_dawa;Dawa;;;;;;;;;;;;;x
b_dawn;Dawn;;;;;;;;;;;;;x
b_dawnmarch;Dawnmarch;;;;;;;;;;;;;x
b_dawnstar;Dawnstar;;;;;;;;;;;;;x
b_dawnwood;Dawnwood;;;;;;;;;;;;;x
b_daymage;Daymage;;;;;;;;;;;;;x
b_dayr;Dayr;;;;;;;;;;;;;x
b_deadcrone;Deadcrone Rock;;;;;;;;;;;;;x
b_deadmenrespite;Deadmen's Respite;;;;;;;;;;;;;x
b_debark;Debark;;;;;;;;;;;;;x
b_debreberhan;Debreberhan;;;;;;;;;;;;;x
b_decanius;Decanius;;;;;;;;;;;;;x
b_decce;Decce;;;;;;;;;;;;;x
b_decimus;Decimus;;;;;;;;;;;;;x
b_dedave;Dedave;;;;;;;;;;;;;x
b_dedla;Dedla;;;;;;;;;;;;;x
b_deepfolk;Deepfolk Crossing;;;;;;;;;;;;;x
b_deephaven;Deephaven;;;;;;;;;;;;;x
b_deepland;Deepland;;;;;;;;;;;;;x
b_deepmage;Deepmage;;;;;;;;;;;;;x
b_deepmarsh;Deepmarsh;;;;;;;;;;;;;x
b_deepscorn;Deepscorn Hollow;;;;;;;;;;;;;x
b_deepwatch;Deepwatch;;;;;;;;;;;;;x
b_deepwell;Deepwell;;;;;;;;;;;;;x
b_deepwoodredoubt;Deepwood;;;;;;;;;;;;;x
b_deergate;Deergate;;;;;;;;;;;;;x
b_deergrove;Deergrove;;;;;;;;;;;;;x
b_deerhollow;Deerhollow;;;;;;;;;;;;;x
b_degali;Degali;;;;;;;;;;;;;x
b_dekal;Dekal;;;;;;;;;;;;;x
b_delaril;Delaril;;;;;;;;;;;;;x
b_deldyne;Deldyne;;;;;;;;;;;;;x
b_delebril;Delebril;;;;;;;;;;;;;x
b_deles;Deles;;;;;;;;;;;;;x
b_delidia;Delidia;;;;;;;;;;;;;x
b_deliron;Deliron;;;;;;;;;;;;;x
b_delitian;Delitian;;;;;;;;;;;;;x
b_delodiil;Delodiil;;;;;;;;;;;;;x
b_delos;Delos;;;;;;;;;;;;;x
b_delvale;Delvale;;;;;;;;;;;;;x
b_demlara;Demlara;;;;;;;;;;;;;x
b_dengar;Dengar;;;;;;;;;;;;;x
b_denmoor;Denmoor;;;;;;;;;;;;;x
b_denter;Denter;;;;;;;;;;;;;x
b_denwatch;Denwatch;;;;;;;;;;;;;x
b_deogan;Deogan;;;;;;;;;;;;;x
b_depok;Depok;;;;;;;;;;;;;x
b_derg;Derg;;;;;;;;;;;;;x
b_dergius;Dergius;;;;;;;;;;;;;x
b_deshaan;Deshaan;;;;;;;;;;;;;x
b_deshion;Deshion;;;;;;;;;;;;;x
b_detchang;Detchang;;;;;;;;;;;;;x
b_dethet;Dethet;;;;;;;;;;;;;x
b_detrong;Detrong;;;;;;;;;;;;;x
b_detsao;Det Sao;;;;;;;;;;;;;x
b_devilsden;Devil's Den;;;;;;;;;;;;;x
b_devilstrumpet;Devil's Trumpet;;;;;;;;;;;;;x
b_devisar;Devisar;;;;;;;;;;;;;x
b_dhamal;Dhamal;;;;;;;;;;;;;x
b_dharma;Dharma;;;;;;;;;;;;;x
b_diagnad;Diagnad;;;;;;;;;;;;;x
b_diama;Diama;;;;;;;;;;;;;x
b_dicien;Dicien;;;;;;;;;;;;;x
b_digny;Digny's Camp;;;;;;;;;;;;;x
b_dihar;Dihar;;;;;;;;;;;;;x
b_dijari;Dijari;;;;;;;;;;;;;x
b_dikhisar;Dikhisar;;;;;;;;;;;;;x
b_dilavesa;Dilavesa;;;;;;;;;;;;;x
b_dilglen;Dilglen;;;;;;;;;;;;;x
b_dinab;Dinab;;;;;;;;;;;;;x
b_dinard;Dinard;;;;;;;;;;;;;x
b_dinbren;Dinbren;;;;;;;;;;;;;x
b_direnni;Adamantine;;;;;;;;;;;;;x
b_dirhan;Dirhan;;;;;;;;;;;;;x
b_dirich;Dirich;;;;;;;;;;;;;x
b_diridawa;Diridawa;;;;;;;;;;;;;x
b_diss;Diss;;;;;;;;;;;;;x
b_dissapla;Dissapla;;;;;;;;;;;;;x
b_disupar;Disupar;;;;;;;;;;;;;x
b_disusti;Disusti;;;;;;;;;;;;;x
b_ditch;Ditch;;;;;;;;;;;;;x
b_ditiguno;Ditiguno;;;;;;;;;;;;;x
b_diut;Di'ut;;;;;;;;;;;;;x
b_diverock;Diverock;;;;;;;;;;;;;x
b_diwa;Diwa;;;;;;;;;;;;;x
b_diyakale;Diyakale;;;;;;;;;;;;;x
b_diyama;Diyama;;;;;;;;;;;;;x
b_diyaraman;Diyaraman;;;;;;;;;;;;;x
b_diyarit;Diyarit;;;;;;;;;;;;;x
b_diyartanil;Diyartanil;;;;;;;;;;;;;x
b_diyarum;Diyarum;;;;;;;;;;;;;x
b_dizli;Dizli;;;;;;;;;;;;;x
b_dizmik;Dizmik;;;;;;;;;;;;;x
b_dizvas;Dizvas;;;;;;;;;;;;;x
b_djelsbo;Djelsbo;;;;;;;;;;;;;x
b_djenne;Djenne;;;;;;;;;;;;;x
b_doa;Doa;;;;;;;;;;;;;x
b_doangm;Doangm;;;;;;;;;;;;;x
b_dobaa;Dobaa;;;;;;;;;;;;;x
b_dodinhal;Dodinhal;;;;;;;;;;;;;x
b_dodskog;Dodskog;;;;;;;;;;;;;x
b_doghi;Doghi;;;;;;;;;;;;;x
b_dogrose;Dogrose;;;;;;;;;;;;;x
b_dogsheadkeep;Dogshead Keep;;;;;;;;;;;;;x
b_dokan;Dokan;;;;;;;;;;;;;x
b_dokla;Dokla;;;;;;;;;;;;;x
b_dokohon;Dokohon;;;;;;;;;;;;;x
b_dokrang;Dokrang;;;;;;;;;;;;;x
b_dokta;Dokta;;;;;;;;;;;;;x
b_doktai;Doktai;;;;;;;;;;;;;x
b_dolmis;Dolmis;;;;;;;;;;;;;x
b_domisan;Domisan;;;;;;;;;;;;;x
b_domme;Domme;;;;;;;;;;;;;x
b_dongola;Dongola;;;;;;;;;;;;;x
b_doni;Doni;;;;;;;;;;;;;x
b_donichima;Donichima;;;;;;;;;;;;;x
b_donju_o;Donju-o;;;;;;;;;;;;;x
b_donnyi;Donnyi;;;;;;;;;;;;;x
b_dono_o;Dono-o;;;;;;;;;;;;;x
b_donpat;Donpat;;;;;;;;;;;;;x
b_donshi;Donshi;;;;;;;;;;;;;x
b_dontu;Dontu;;;;;;;;;;;;;x
b_donuan;Donuan;;;;;;;;;;;;;x
b_don_vero;Don-Vero;;;;;;;;;;;;;x
b_don_vsehin;Don-Vsehin;;;;;;;;;;;;;x
b_dorak;Dorak;;;;;;;;;;;;;x
b_dordesa;Dordesa;;;;;;;;;;;;;x
b_dordrecht;Dordrecht;;;;;;;;;;;;;x
b_dorduk;Dorduk;;;;;;;;;;;;;x
b_dorfez;Dorfez;;;;;;;;;;;;;x
b_dorkota;Dorkota;;;;;;;;;;;;;x
b_dornai;Dornai;;;;;;;;;;;;;x
b_doro;Doro;;;;;;;;;;;;;x
b_dorohad;Dorohad;;;;;;;;;;;;;x
b_dorom;Dorom;;;;;;;;;;;;;x
b_dorota;Dorota;;;;;;;;;;;;;x
b_dorpang;Dorpang;;;;;;;;;;;;;x
b_dorplui;Dorplui;;;;;;;;;;;;;x
b_dorsius;Dorsius;;;;;;;;;;;;;x
b_dorsten;Dorsten;;;;;;;;;;;;;x
b_dortan;Dortan;;;;;;;;;;;;;x
b_dorua;Dorua;;;;;;;;;;;;;x
b_dorven;Dorven;;;;;;;;;;;;;x
b_doryat;Doryat;;;;;;;;;;;;;x
b_dosso;Dosso;;;;;;;;;;;;;x
b_douane;Douane;;;;;;;;;;;;;x
b_doublecross;Doublecross;;;;;;;;;;;;;x
b_dour;Dour;;;;;;;;;;;;;x
b_douvaine;Douvaine;;;;;;;;;;;;;x
b_doveburrow;Doveburrow;;;;;;;;;;;;;x
b_dovescorn;Dovescorn;;;;;;;;;;;;;x
b_doyi;Doyi;;;;;;;;;;;;;x
b_dozhou;Dozhou;;;;;;;;;;;;;x
b_do_tsangm;Do-Tsangm;;;;;;;;;;;;;x
b_drad;Drad;;;;;;;;;;;;;x
b_dragonbridge;Dragonbridge;;;;;;;;;;;;;x
b_dragonclaw;Dragonclaw;;;;;;;;;;;;;x
b_dragonfields;Dragonfields;;;;;;;;;;;;;x
b_dragongate;Dragongate;;;;;;;;;;;;;x
b_dragonglade;Dragonglade;;;;;;;;;;;;;x
b_dragongrove;Dragongrove;;;;;;;;;;;;;x
b_dragonpond;Dragonpond;;;;;;;;;;;;;x
b_dragonport;Dragon Port;;;;;;;;;;;;;x
b_dragonsreach;Dragonsreach;;;;;;;;;;;;;x
b_dragonstar;Dragonstar;;;;;;;;;;;;;x
b_dragonstone;Dragonstone;;;;;;;;;;;;;x
b_dragontail;Dragontail;;;;;;;;;;;;;x
b_dragonwake;Dragonwake;;;;;;;;;;;;;x
b_dragonwall;Dragonwall;;;;;;;;;;;;;x
b_drakawiin;Drakawiin;;;;;;;;;;;;;x
b_drakelowe;Drakelowe;;;;;;;;;;;;;x
b_drakescand;Drakescand;;;;;;;;;;;;;x
b_drakundcand;Drakundcand;;;;;;;;;;;;;x
b_drangan;Drangan;;;;;;;;;;;;;x
b_dranis;Tel Dranis;;;;;;;;;;;;;x
b_dranora;Dranora;;;;;;;;;;;;;x
b_draocia;Draocia;;;;;;;;;;;;;x
b_drarien;Drarien;;;;;;;;;;;;;x
b_drascand;Drascand;;;;;;;;;;;;;x
b_draugunn;Draugunn;;;;;;;;;;;;;x
b_dreamscribe;Dreamscribe;;;;;;;;;;;;;x
b_dregon;Dragon;;;;;;;;;;;;;x
b_drehorst;Drehorst;;;;;;;;;;;;;x
b_drelas;Drelas;;;;;;;;;;;;;x
b_dren;Dren;;;;;;;;;;;;;x
b_dres;Dres;;;;;;;;;;;;;x
b_dresoth;Dresoth;;;;;;;;;;;;;x
b_driftshade;Driftshade;;;;;;;;;;;;;x
b_drojazrim;Dro'jazrim;;;;;;;;;;;;;x
b_drom;Drom;;;;;;;;;;;;;x
b_dromore;Dromore;;;;;;;;;;;;;x
b_droshassa;Dro'shassa;;;;;;;;;;;;;x
b_druadach;Druadach Redoubt;;;;;;;;;;;;;x
b_druafoot;Druafoot;;;;;;;;;;;;;x
b_drumalee;Drumalee;;;;;;;;;;;;;x
b_drume;Drume;;;;;;;;;;;;;x
b_drumkeen;Drumkeen;;;;;;;;;;;;;x
b_drywell;Drywell;;;;;;;;;;;;;x
b_duhmatain;Duhmatain;;;;;;;;;;;;;x
b_dulwood;Dulwood;;;;;;;;;;;;;x
b_dulyn;Dulyn;;;;;;;;;;;;;x
b_dunalft;Dunalft;;;;;;;;;;;;;x
b_dunbarrowcove;Dunbarrow Cove;;;;;;;;;;;;;x
b_duncglade;Duncglade;;;;;;;;;;;;;x
b_duncinthe;Duncinthe;;;;;;;;;;;;;x
b_duncori;Duncori Walk;;;;;;;;;;;;;x
b_dundrum;Dundrum;;;;;;;;;;;;;x
b_dune;Dune;;;;;;;;;;;;;x
b_dungannon;Dungannon;;;;;;;;;;;;;x
b_dungar;Dungar;;;;;;;;;;;;;x
b_dunggoon;Dunggoon;;;;;;;;;;;;;x
b_dunglow;Dunglow;;;;;;;;;;;;;x
b_dungsan;Dungsan;;;;;;;;;;;;;x
b_dunharrow;Dunharrow;;;;;;;;;;;;;x
b_dunhold;Dunhold;;;;;;;;;;;;;x
b_dunilu;Dunilu;;;;;;;;;;;;;x
b_dunje;Dunje;;;;;;;;;;;;;x
b_dunkarn;Dunkarn;;;;;;;;;;;;;x
b_dunkasten;Dunkasten;;;;;;;;;;;;;x
b_dunkwa;Dunkwa;;;;;;;;;;;;;x
b_dunlain;Dunlain;;;;;;;;;;;;;x
b_dunmarch;Dunmarch;;;;;;;;;;;;;x
b_dunmoril;Dunmoril;;;;;;;;;;;;;x
b_dunoc;Dunoc;;;;;;;;;;;;;x
b_dunstad;Dunstad;;;;;;;;;;;;;x
b_dunval;Dunval;;;;;;;;;;;;;x
b_dunwind;Dunwind;;;;;;;;;;;;;x
b_durbat;Durbat;;;;;;;;;;;;;x
b_durkadurk;Durkadurk;;;;;;;;;;;;;x
b_durmur;Durmur;;;;;;;;;;;;;x
b_durres;Durres;;;;;;;;;;;;;x
b_dusk;Dusk;;;;;;;;;;;;;x
b_duskandril;Duskandril;;;;;;;;;;;;;x
b_duskglow;Duskglow;;;;;;;;;;;;;x
b_duskwood;Duskwood;;;;;;;;;;;;;x
b_dustmanscairn;Dustman's Cairn;;;;;;;;;;;;;x
b_dux;Dux;;;;;;;;;;;;;x
b_duzanbul;Duzanbul;;;;;;;;;;;;;x
b_duzaybin;Duzaybin;;;;;;;;;;;;;x
b_duzcistan;Duzcistan;;;;;;;;;;;;;x
b_duzcordu;Duzcordu;;;;;;;;;;;;;x
b_duzdu;Duzdu;;;;;;;;;;;;;x
b_duzingol;Duzingol;;;;;;;;;;;;;x
b_dvegar;Dvegar;;;;;;;;;;;;;x
b_dwynnen;Dwynnen;;;;;;;;;;;;;x
b_dyer;Dyer;;;;;;;;;;;;;x
b_dzonot;Dzonot;;;;;;;;;;;;;x
b_eaglebrook;Eaglebrook;;;;;;;;;;;;;x
b_eaglevale;Eaglevale;;;;;;;;;;;;;x
b_eaglewatch;Eaglewatch;;;;;;;;;;;;;x
b_earmult;Earmult;;;;;;;;;;;;;x
b_earnford;Earnford;;;;;;;;;;;;;x
b_eastfar;Eastfar;;;;;;;;;;;;;x
b_eastfield;Eastfield;;;;;;;;;;;;;x
b_eastglen;Eastglen;;;;;;;;;;;;;x
b_eastingrock;Easting Rock;;;;;;;;;;;;;x
b_eastmarch;Eastmarch;;;;;;;;;;;;;x
b_eastmerrow;Eastmerrow;;;;;;;;;;;;;x
b_eastport;Eastport;;;;;;;;;;;;;x
b_eastshore;Eastshore;;;;;;;;;;;;;x
b_eastwatch;Eastwatch;;;;;;;;;;;;;x
b_eastwood;Eastwood;;;;;;;;;;;;;x
b_ebehef;Ebehef;;;;;;;;;;;;;x
b_ebir;Ebir;;;;;;;;;;;;;x
b_ebonglen;Ebonglen;;;;;;;;;;;;;x
b_ebonheart;Ebonheart;;;;;;;;;;;;;x
b_ebonro;Ebon Ro;;;;;;;;;;;;;x
b_ebonstadmont;Ebon Stadmont;;;;;;;;;;;;;x
b_ebrocca;Ebrocca;;;;;;;;;;;;;x
b_ecbatana;Ecbatana;;;;;;;;;;;;;x
b_eccleshall;Eccleshall;;;;;;;;;;;;;x
b_eclipse;Eclipse;;;;;;;;;;;;;x
b_eddenbridge;Eddenbridge;;;;;;;;;;;;;x
b_edenbane;Edenbane;;;;;;;;;;;;;x
b_edgedell;Edgedell;;;;;;;;;;;;;x
b_edhin;Edhin;;;;;;;;;;;;;x
b_edin;Edin;;;;;;;;;;;;;x
b_edinia;Edinia;;;;;;;;;;;;;x
b_edirhisar;Edirhirsar;;;;;;;;;;;;;x
b_edirica;Edirica;;;;;;;;;;;;;x
b_ediristan;Ediristan;;;;;;;;;;;;;x
b_edisus;Edisus;;;;;;;;;;;;;x
b_edivar;Edivar;;;;;;;;;;;;;x
b_edivas;Edivas;;;;;;;;;;;;;x
b_edlon;Edlon;;;;;;;;;;;;;x
b_edoruhn;Edoruhn;;;;;;;;;;;;;x
b_edruhil;Edruhil;;;;;;;;;;;;;x
b_edsin;Edsin;;;;;;;;;;;;;x
b_edulabad;Edulabad;;;;;;;;;;;;;x
b_edvas;Edvas;;;;;;;;;;;;;x
b_egel;Egel;;;;;;;;;;;;;x
b_egnatius;Egnatius;;;;;;;;;;;;;x
b_ehnia;Ehnia;;;;;;;;;;;;;x
b_ehorind;Ehorind;;;;;;;;;;;;;x
b_einherjar;Einherjar;;;;;;;;;;;;;x
b_einmeirvale;Ein Meirvale;;;;;;;;;;;;;x
b_eioual;Eioual;;;;;;;;;;;;;x
b_ekaaweko;Ekaaweko;;;;;;;;;;;;;x
b_ekefune;Ekefune;;;;;;;;;;;;;x
b_ekiyo;Ekiiyo;;;;;;;;;;;;;x
b_elad;Elad;;;;;;;;;;;;;x
b_eladrion;Eladrion;;;;;;;;;;;;;x
b_elagli;Elagli;;;;;;;;;;;;;x
b_elammus;Elammus;;;;;;;;;;;;;x
b_elanya;Elanya;;;;;;;;;;;;;x
b_elarfez;Elarfez;;;;;;;;;;;;;x
b_elarruhn;Elar-Ruhn;;;;;;;;;;;;;x
b_elarven;Elarven;;;;;;;;;;;;;x
b_elatar;Elatar;;;;;;;;;;;;;x
b_elazrum;Elazrum;;;;;;;;;;;;;x
b_eldara;Eldara;;;;;;;;;;;;;x
b_eldenbush;Eldenbush;;;;;;;;;;;;;x
b_eldengrove;Eldengroove;;;;;;;;;;;;;x
b_eldenroot;Eldenroot;;;;;;;;;;;;;x
b_elderberry;Elderberry;;;;;;;;;;;;;x
b_elderfen;Elderfen;;;;;;;;;;;;;x
b_eldergleam;Eldergleam;;;;;;;;;;;;;x
b_eldersblood;Eldersblood;;;;;;;;;;;;;x
b_eldersgrav;Eldersgrav;;;;;;;;;;;;;x
b_elderven;Elderven;;;;;;;;;;;;;x
b_eldital;Eldital;;;;;;;;;;;;;x
b_eldoss;Eldoss;;;;;;;;;;;;;x
b_eldrad;Eldrad;;;;;;;;;;;;;x
b_eldrus;Eldrus;;;;;;;;;;;;;x
b_eldrusu;Eldrusu;;;;;;;;;;;;;x
b_elech;Elech;;;;;;;;;;;;;x
b_elendar;Elendar;;;;;;;;;;;;;x
b_elenglynn;Elenglynn;;;;;;;;;;;;;x
b_elenir;Elenir;;;;;;;;;;;;;x
b_elfgarten;Elfgarten;;;;;;;;;;;;;x
b_elglith;Elglith;;;;;;;;;;;;;x
b_elhyrst;Elhyrst;;;;;;;;;;;;;x
b_elilgaril;Elilgaril;;;;;;;;;;;;;x
b_elindel;Elindel;;;;;;;;;;;;;x
b_elinhir;Elinhir;;;;;;;;;;;;;x
b_elirion;Elirion;;;;;;;;;;;;;x
b_elmar;Elmar;;;;;;;;;;;;;x
b_elmridge;Elmridge;;;;;;;;;;;;;x
b_elmtop;Elmtop;;;;;;;;;;;;;x
b_elordu;Elordu;;;;;;;;;;;;;x
b_elran;Elran;;;;;;;;;;;;;x
b_elrolia;Elrolia;;;;;;;;;;;;;x
b_elrond;Elrondil;;;;;;;;;;;;;x
b_elrowiel;Elrowiel;;;;;;;;;;;;;x
b_eltheri;Eltheri;;;;;;;;;;;;;x
b_elucien;Elucien;;;;;;;;;;;;;x
b_elvengardens;Elven Gardens District;;;;;;;;;;;;;x
b_elvenrum;Elvenrum;;;;;;;;;;;;;x
b_elvilinde;Elvilinde;;;;;;;;;;;;;x
b_elvilmadur;Elvilmadur;;;;;;;;;;;;;x
b_elvith;Elvith;;;;;;;;;;;;;x
b_elyrion;Elyrion;;;;;;;;;;;;;x
b_emachi;Emachi;;;;;;;;;;;;;x
b_emamu;Emamu;;;;;;;;;;;;;x
b_emara;Emara;;;;;;;;;;;;;x
b_emberflame;Emberflame;;;;;;;;;;;;;x
b_emberflute;Emberflute;;;;;;;;;;;;;x
b_embershard;Embershard;;;;;;;;;;;;;x
b_emilion;Emilion;;;;;;;;;;;;;x
b_emlyn;Emlyn;;;;;;;;;;;;;x
b_emperorsrun;Emperor's Run;;;;;;;;;;;;;x
b_empire;Empire;;;;;;;;;;;;;x
b_emukeal;Emukeal;;;;;;;;;;;;;x
b_emukira;Emukira;;;;;;;;;;;;;x
b_emukouha;Emukouha;;;;;;;;;;;;;x
b_enchilada;Enchilada;;;;;;;;;;;;;x
b_endellion;Endellion;;;;;;;;;;;;;x
b_torug;Torug's Folly;;;;;;;;;;;;;x
b_friendship;Friendship Gate;;;;;;;;;;;;;x
b_crestshade;Crestshade;;;;;;;;;;;;;x
b_ender;Ender;;;;;;;;;;;;;x
b_enderta;Enderta;;;;;;;;;;;;;x
b_endre;Endre;;;;;;;;;;;;;x
b_endusal;Endusal;;;;;;;;;;;;;x
b_enerona;Enerona;;;;;;;;;;;;;x
b_enford;Enford;;;;;;;;;;;;;x
b_engaal;Engaal;;;;;;;;;;;;;x
b_engewal;Engewal;;;;;;;;;;;;;x
b_eninius;Eninius;;;;;;;;;;;;;x
b_enkidu;Enkidu;;;;;;;;;;;;;x
b_enric;Enric;;;;;;;;;;;;;x
b_entius;Entius;;;;;;;;;;;;;x
b_entumi;Entumi;;;;;;;;;;;;;x
b_enyford;Enyford;;;;;;;;;;;;;x
b_eoridil;Eoridil;;;;;;;;;;;;;x
b_epiru;Epiru;;;;;;;;;;;;;x
b_erabenimsun;Erabenimsun;;;;;;;;;;;;;x
b_erdale;Erdale;;;;;;;;;;;;;x
b_erebrinia;Erebrinia;;;;;;;;;;;;;x
b_eri;Eri;;;;;;;;;;;;;x
b_eridu;Eridu;;;;;;;;;;;;;x
b_erifort;Erifort;;;;;;;;;;;;;x
b_erigavo;Erigavo;;;;;;;;;;;;;x
b_eriram;Eriram;;;;;;;;;;;;;x
b_erliel;Erliel;;;;;;;;;;;;;x
b_erolgard;Erolgard;;;;;;;;;;;;;x
b_erurech;Erurech;;;;;;;;;;;;;x
b_erzabon;Erzabon;;;;;;;;;;;;;x
b_erzhir;Erzhir;;;;;;;;;;;;;x
b_erzuriltep;Erzuriltep;;;;;;;;;;;;;x
b_erzurivas;Erzurivas;;;;;;;;;;;;;x
b_erzurlatya;Erzurlatya;;;;;;;;;;;;;x
b_erzurma;Erzurma;;;;;;;;;;;;;x
b_erzuroma;Erzuroma;;;;;;;;;;;;;x
b_erzurum;Erzurum;;;;;;;;;;;;;x
b_esdedius;Esdedius;;;;;;;;;;;;;x
b_eshawaar;Eshawaar;;;;;;;;;;;;;x
b_eshita;Eshita;;;;;;;;;;;;;x
b_esimara;Esimara;;;;;;;;;;;;;x
b_esinsi;Esinsi;;;;;;;;;;;;;x
b_eskinorn;Eskinorn;;;;;;;;;;;;;x
b_esroamti;Esroamti;;;;;;;;;;;;;x
b_esronea;Esronea;;;;;;;;;;;;;x
b_esroniet;Esroniet;;;;;;;;;;;;;x
b_esrot;Esrot;;;;;;;;;;;;;x
b_estalie;Estalie;;;;;;;;;;;;;x
b_ester;Ester;;;;;;;;;;;;;x
b_esterfort;Esterfort;;;;;;;;;;;;;x
b_estersage;Estersage;;;;;;;;;;;;;x
b_esumur;Esumur;;;;;;;;;;;;;x
b_etebaru;Etebaru;;;;;;;;;;;;;x
b_etelia;Etelia;;;;;;;;;;;;;x
b_etheran;Etheran;;;;;;;;;;;;;x
b_ethilaseth;Ethilaseth;;;;;;;;;;;;;x
b_ethosul;Etho Sul;;;;;;;;;;;;;x
b_eton;Eton;;;;;;;;;;;;;x
b_eusoyn;Eusoyn;;;;;;;;;;;;;x
b_evan;Evan;;;;;;;;;;;;;x
b_evenstar;Evenstar;;;;;;;;;;;;;x
b_eventide;Eventide;;;;;;;;;;;;;x
b_everglade;Everglade;;;;;;;;;;;;;x
b_everglee;Everglee;;;;;;;;;;;;;x
b_evergreengrove;Evergreen Grove;;;;;;;;;;;;;x
b_evermore;Evermore;;;;;;;;;;;;;x
b_everstar;Evenstar;;;;;;;;;;;;;x
b_ewloe;Ewloe;;;;;;;;;;;;;x
b_eyrie;Eyrie;;;;;;;;;;;;;x
b_facian;Facian;;;;;;;;;;;;;x
b_fadali;Fadali;;;;;;;;;;;;;x
b_fadden;Fadden;;;;;;;;;;;;;x
b_faeruhn;Faeruhn;;;;;;;;;;;;;x
b_fagrskinna;Fagrskinna;;;;;;;;;;;;;x
b_fain;Fain;;;;;;;;;;;;;x
b_fairmount;Fairmount;;;;;;;;;;;;;x
b_fairpath;Fairpath;;;;;;;;;;;;;x
b_fairway;Fairway;;;;;;;;;;;;;x
b_fairwheat;Fairwheat;;;;;;;;;;;;;x
b_falasmaryon;Falasmaryon;;;;;;;;;;;;;x
b_faldarstooth;Falder's Tooth;;;;;;;;;;;;;x
b_falensarano;Felansarano;;;;;;;;;;;;;x
b_falinesti;Green-Sap;;;;;;;;;;;;;x
b_falinunthia;Falinunthia;;;;;;;;;;;;;x
b_falinypar;Falinypar;;;;;;;;;;;;;x
b_falkenheim;Falkenheim;;;;;;;;;;;;;x
b_falkhall;Falkhall;;;;;;;;;;;;;x
b_falkhammer;Falkhammer;;;;;;;;;;;;;x
b_falkreath;Falkreath;;;;;;;;;;;;;x
b_falkreathwatch;Falkreath Watch;;;;;;;;;;;;;x
b_fallford;Fallford;;;;;;;;;;;;;x
b_falloak;Falloak;;;;;;;;;;;;;x
b_fallowkeep;Fallow Keep;;;;;;;;;;;;;x
b_fallowstone;Fallowstone;;;;;;;;;;;;;x
b_fallugia;Fallugia;;;;;;;;;;;;;x
b_falmouth;Falmouth;;;;;;;;;;;;;x
b_falnaso;Falnaso;;;;;;;;;;;;;x
b_falond;Falond;;;;;;;;;;;;;x
b_fanacas;Fanacas;;;;;;;;;;;;;x
b_fanacasecul;Fanacasecul;;;;;;;;;;;;;x
b_fancaseoul;Fancaseoul;;;;;;;;;;;;;x
b_farangel;Farangel's Landing;;;;;;;;;;;;;x
b_aphren;Aphren's Hold;;;;;;;;;;;;;x
b_shinji;Shinji's Scarp;;;;;;;;;;;;;x
b_norvulk;Norvulk;;;;;;;;;;;;;x
b_faregyl;Faregyl;;;;;;;;;;;;;x
b_soulshriven;Soulshriven;;;;;;;;;;;;;x
b_firebrand;Firebrand Keep;;;;;;;;;;;;;x
b_portdun_watch;Portdun Watch;;;;;;;;;;;;;x
b_farember;Farember;;;;;;;;;;;;;x
b_farkhar;Farkhar;;;;;;;;;;;;;x
b_farndon;Farndon;;;;;;;;;;;;;x
b_farob;Farob;;;;;;;;;;;;;x
b_farragut;Farragut;;;;;;;;;;;;;x
b_farrun;Farrun;;;;;;;;;;;;;x
b_farspring;Farspring;;;;;;;;;;;;;x
b_farthing;Farthing;;;;;;;;;;;;;x
b_faru;Faru;;;;;;;;;;;;;x
b_fatback;Fatback;;;;;;;;;;;;;x
b_fathis;Fathis;;;;;;;;;;;;;x
b_fawley;Fawley;;;;;;;;;;;;;x
b_faybank;Faybank;;;;;;;;;;;;;x
b_faybranch;Faybranch;;;;;;;;;;;;;x
b_fayrest;Fayrest;;;;;;;;;;;;;x
b_fearn;Fearn;;;;;;;;;;;;;x
b_fearoz;Fearoz;;;;;;;;;;;;;x
b_fedocan;Fedocan;;;;;;;;;;;;;x
b_feduran;Feduran;;;;;;;;;;;;;x
b_felannus;Felannus;;;;;;;;;;;;;x
b_felebrant;Felebrant;;;;;;;;;;;;;x
b_felgageldt;Felgageldt;;;;;;;;;;;;;x
b_fellglow;Fellglow;;;;;;;;;;;;;x
b_fellhammer;Fellhammer;;;;;;;;;;;;;x
b_fellheim;Fellheim;;;;;;;;;;;;;x
b_fellrund;Fellrund;;;;;;;;;;;;;x
b_fellstar;Fellstar;;;;;;;;;;;;;x
b_felmarsh;Felmarsh;;;;;;;;;;;;;x
b_fenatar;Fenatar;;;;;;;;;;;;;x
b_fenchal;Fenchal;;;;;;;;;;;;;x
b_fenwick;Fenwick;;;;;;;;;;;;;x
b_fermont;Fermont;;;;;;;;;;;;;x
b_fernhill;Fernhill;;;;;;;;;;;;;x
b_feyfalken;Feyfalken;;;;;;;;;;;;;x
b_fez;Fez;;;;;;;;;;;;;x
b_fieldhall;Fieldhall;;;;;;;;;;;;;x
b_fieldhouse;Fieldhouse;;;;;;;;;;;;;x
b_fieldhurst;Fieldhurst;;;;;;;;;;;;;x
b_findeil;Findeil;;;;;;;;;;;;;x
b_fingerbowl;Fingerbowl;;;;;;;;;;;;;x
b_finvale;Finvale;;;;;;;;;;;;;x
b_firedeen;Firedeen;;;;;;;;;;;;;x
b_firelhorst;Firelhorst;;;;;;;;;;;;;x
b_firethorn;Firethorn;;;;;;;;;;;;;x
b_firewatch;Firewatch;;;;;;;;;;;;;x
b_firouz;Firouz;;;;;;;;;;;;;x
b_firsthold;Firsthold;;;;;;;;;;;;;x
b_firstsailen;Firstsailen;;;;;;;;;;;;;x
b_firstview;Firstview;;;;;;;;;;;;;x
b_firuza;Firuza;;;;;;;;;;;;;x
b_fisherspear;Fisher's Spear;;;;;;;;;;;;;x
b_fisherspoint;Fisher's Point;;;;;;;;;;;;;x
b_fishwharf;Fisherman's Wharf;;;;;;;;;;;;;x
b_fjalding;Fjalding;;;;;;;;;;;;;x
b_fjallgr;Fjallgr;;;;;;;;;;;;;x
b_fjallhalr;Fjallhalr;;;;;;;;;;;;;x
b_fjallunn;Fjallunn;;;;;;;;;;;;;x
b_fjell;Fjell;;;;;;;;;;;;;x
b_flavarus;Flavarus;;;;;;;;;;;;;x
b_flecia;Flecia;;;;;;;;;;;;;x
b_florac;Florac;;;;;;;;;;;;;x
b_florus;Florus;;;;;;;;;;;;;x
b_focah;Focah;;;;;;;;;;;;;x
b_focdesa;Focdesa;;;;;;;;;;;;;x
b_fockwari;Fockwari;;;;;;;;;;;;;x
b_foclang;Foclang;;;;;;;;;;;;;x
b_focsat;Focsat;;;;;;;;;;;;;x
b_foghorn;Foghorn;;;;;;;;;;;;;x
b_folgunthur;Folgunthur;;;;;;;;;;;;;x
b_folksland;Folksland;;;;;;;;;;;;;x
b_folkstone;Folkstone;;;;;;;;;;;;;x
b_folsaes;Folsaes;;;;;;;;;;;;;x
b_fontbridge;Fontbridge;;;;;;;;;;;;;x
b_forelhost;Forelhost;;;;;;;;;;;;;x
b_forna;Forna;;;;;;;;;;;;;x
b_fortamol;Amol;;;;;;;;;;;;;x
b_fortash;Ash;;;;;;;;;;;;;x
b_fortbarad;Barad;;;;;;;;;;;;;x
b_fortbloodaxe;Bloodaxe;;;;;;;;;;;;;x
b_fortbrucke;Brucke;;;;;;;;;;;;;x
b_fortburr;Burr;;;;;;;;;;;;;x
b_fortempire;Empire;;;;;;;;;;;;;x
b_forthavenmarch;Havenmarch;;;;;;;;;;;;;x
b_forthelcat;Helcat;;;;;;;;;;;;;x
b_forthost;Host;;;;;;;;;;;;;x
b_fortis;Fortis;;;;;;;;;;;;;x
b_fortlands;Fortlands;;;;;;;;;;;;;x
b_fortloghain;Loghain;;;;;;;;;;;;;x
b_fortmorgan;Morgan;;;;;;;;;;;;;x
b_fortmynisera;Mynisera;;;;;;;;;;;;;x
b_fortrex;Rex;;;;;;;;;;;;;x
b_qharroa;Qharroa;;;;;;;;;;;;;x
b_fortsagos;Sagos;;;;;;;;;;;;;x
b_fortsolace;Solace;;;;;;;;;;;;;x
b_fortsovngard;Sovngard;;;;;;;;;;;;;x
b_forturasek;Urasek;;;;;;;;;;;;;x
b_fort_dawnguard;Fort Dawnguard;;;;;;;;;;;;;x
b_foscotte;Forcotte;;;;;;;;;;;;;x
b_foth;Foth;;;;;;;;;;;;;x
b_fourskull;Fourskull;;;;;;;;;;;;;x
b_fovas;Tel Fovas;;;;;;;;;;;;;x
b_foxbridge;Foxbridge;;;;;;;;;;;;;x
b_foxland;Foxland;;;;;;;;;;;;;x
b_foxwall;Foxwall;;;;;;;;;;;;;x
b_freiburg;Freiburg;;;;;;;;;;;;;x
b_freydis;Freydis;;;;;;;;;;;;;x
b_fridrika;Fridrika;;;;;;;;;;;;;x
b_frodsham;Frodsham;;;;;;;;;;;;;x
b_frogmarch;Frogmarch;;;;;;;;;;;;;x
b_froki;Froki;;;;;;;;;;;;;x
b_frossel;Frossel;;;;;;;;;;;;;x
b_frosselmane;Frosselmane;;;;;;;;;;;;;x
b_frostbite;Frostbite;;;;;;;;;;;;;x
b_frostcrag;Frostcrag;;;;;;;;;;;;;x
b_frostcragtower;Frostcrag Spire;;;;;;;;;;;;;x
b_frostfire;Frostfire;;;;;;;;;;;;;x
b_frostflow;Frostflow;;;;;;;;;;;;;x
b_frosthammer;Frosthammer;;;;;;;;;;;;;x
b_frostmere;Frostmere;;;;;;;;;;;;;x
b_frostmorne;Frostmorne;;;;;;;;;;;;;x
b_frostmoth;Frostmoth;;;;;;;;;;;;;x
b_froststone;Froststone;;;;;;;;;;;;;x
b_frostwyrm;Frostwyrm;;;;;;;;;;;;;x
b_frykte;Frykte;;;;;;;;;;;;;x
b_fuaroine;Fuaroine;;;;;;;;;;;;;x
b_fujin;Fujin;;;;;;;;;;;;;x
b_fujish;Fujish;;;;;;;;;;;;;x
b_fukuba;Fukuba;;;;;;;;;;;;;x
b_furana;Furana;;;;;;;;;;;;;x
b_furiel;Furiel;;;;;;;;;;;;;x
b_fuzuli;Fuzuli;;;;;;;;;;;;;x
b_fylmain;Fylmain;;;;;;;;;;;;;x
b_fywood;Fywood;;;;;;;;;;;;;x
b_gadali;Tel Gadali;;;;;;;;;;;;;x
b_gaddu;Gaddu;;;;;;;;;;;;;x
b_gadrik;Gadrik;;;;;;;;;;;;;x
b_gakata;Gakata;;;;;;;;;;;;;x
b_galacas;Galacas;;;;;;;;;;;;;x
b_galadith;Galadith;;;;;;;;;;;;;x
b_galandra;Galandra;;;;;;;;;;;;;x
b_galelid;Galelid;;;;;;;;;;;;;x
b_galeras;Galeras;;;;;;;;;;;;;x
b_galerion;Galerion;;;;;;;;;;;;;x
b_galeus;Galeus;;;;;;;;;;;;;x
b_galiolith;Galiolith;;;;;;;;;;;;;x
b_galloley;Galloley;;;;;;;;;;;;;x
b_gallomarket;Gallomarket;;;;;;;;;;;;;x
b_gallowgap;Gallowgap;;;;;;;;;;;;;x
b_gallowsrock;Gallows Rock;;;;;;;;;;;;;x
b_fulstrom;Fulstrom;;;;;;;;;;;;;x
b_galon;Galon;;;;;;;;;;;;;x
b_gamane;Gamane;;;;;;;;;;;;;x
b_gamaru;Gamaru;;;;;;;;;;;;;x
b_gambela;Gambela;;;;;;;;;;;;;x
b_gananis;Gananis;;;;;;;;;;;;;x
b_ganaquey;Ganaquey;;;;;;;;;;;;;x
b_ganaris;Ganaris;;;;;;;;;;;;;x
b_gandrung;Gandrung;;;;;;;;;;;;;x
b_gangerstone;Gangerstone;;;;;;;;;;;;;x
b_ganlyn;Ganlyn;;;;;;;;;;;;;x
b_garadon;Garadon;;;;;;;;;;;;;x
b_garba;Garba;;;;;;;;;;;;;x
b_gardner;Gardner;;;;;;;;;;;;;x
b_gardsk;Gardsk;;;;;;;;;;;;;x
b_gardur;Gardur;;;;;;;;;;;;;x
b_gardval;Gardval;;;;;;;;;;;;;x
b_garfindel;Garfindel;;;;;;;;;;;;;x
b_garibak;Garibak;;;;;;;;;;;;;x
b_garlas;Garlas Malatar;;;;;;;;;;;;;x
b_garmish;Garmish;;;;;;;;;;;;;x
b_garnet;Garnet;;;;;;;;;;;;;x
b_garoowe;Garoowe;;;;;;;;;;;;;x
b_garret;Garret;;;;;;;;;;;;;x
b_garsadrith;Gar Sadrith;;;;;;;;;;;;;x
b_garta;Garta;;;;;;;;;;;;;x
b_garthim;Garthim;;;;;;;;;;;;;x
b_garvagh;Garvagh;;;;;;;;;;;;;x
b_gastad;Gastad;;;;;;;;;;;;;x
b_gastead;Gastead;;;;;;;;;;;;;x
b_gastenheim;Gastenheim;;;;;;;;;;;;;x
b_gauntlet;Gauntlet;;;;;;;;;;;;;x
b_gauvadon;Gauvadon;;;;;;;;;;;;;x
b_gavenny;Gavenny;;;;;;;;;;;;;x
b_gaviel;Gaviel;;;;;;;;;;;;;x
b_gavo;Gavo;;;;;;;;;;;;;x
b_gazan;Gazan;;;;;;;;;;;;;x
b_gazatman;Gazatman;;;;;;;;;;;;;x
b_gazian;Gazian;;;;;;;;;;;;;x
b_gazianakkale;Gazianakkale;;;;;;;;;;;;;x
b_gazingol;Gazingol;;;;;;;;;;;;;x
b_gazum;Gazum;;;;;;;;;;;;;x
b_gazzon;Gazzon;;;;;;;;;;;;;x
b_gebraman;Gebraman;;;;;;;;;;;;;x
b_gebtep;Gebtep;;;;;;;;;;;;;x
b_geimund;Geimund;;;;;;;;;;;;;x
b_geirmund;Geirmund's Hall;;;;;;;;;;;;;x
b_gelfling;Gelfling;;;;;;;;;;;;;x
b_gemena;Gemena;;;;;;;;;;;;;x
b_gerac;Gerac;;;;;;;;;;;;;x
b_gerra;Gerra;;;;;;;;;;;;;x
b_gershir;Gershir;;;;;;;;;;;;;x
b_geth;Geth;;;;;;;;;;;;;x
b_gevril;Gevril;;;;;;;;;;;;;x
b_ghardia;Ghardia;;;;;;;;;;;;;x
b_gharmen;Gharmen;;;;;;;;;;;;;x
b_ghimdok;Ghimdok;;;;;;;;;;;;;x
b_ghimthum;Ghimthum;;;;;;;;;;;;;x
b_ghostgate;Ghostgate;;;;;;;;;;;;;x
b_gialene;Gialene;;;;;;;;;;;;;x
b_giantsgrove;Giant's Grove;;;;;;;;;;;;;x
b_gibyua;Gibyua;;;;;;;;;;;;;x
b_gidaya;Gidaya;;;;;;;;;;;;;x
b_gideon;Gideon;;;;;;;;;;;;;x
b_gifar;Gifar;;;;;;;;;;;;;x
b_gikiro;Gokiro;;;;;;;;;;;;;x
b_gikwari;Gikwari;;;;;;;;;;;;;x
b_gilam;Gilam;;;;;;;;;;;;;x
b_gilane;Gilane;;;;;;;;;;;;;x
b_gilang;Gilang;;;;;;;;;;;;;x
b_gildaren;Gildaren;;;;;;;;;;;;;x
b_gilene;Gilene;;;;;;;;;;;;;x
b_gilera;Gilera;;;;;;;;;;;;;x
b_gili;Gili;;;;;;;;;;;;;x
b_gilin;Gilin;;;;;;;;;;;;;x
b_giliswen;Giliswen;;;;;;;;;;;;;x
b_gilnos;Gilnos;;;;;;;;;;;;;x
b_gilsbriar;Gilsbriar;;;;;;;;;;;;;x
b_gilsker;Gilsker;;;;;;;;;;;;;x
b_gilverdale;Gil-Var-Delle;;;;;;;;;;;;;x
b_gilvollr;Gilvollr;;;;;;;;;;;;;x
b_gilvotal;Gilvotal;;;;;;;;;;;;;x
b_gilvyar;Gilvyar;;;;;;;;;;;;;x
b_ginith;Ginith;;;;;;;;;;;;;x
b_ginkgo;Ginkgo;;;;;;;;;;;;;x
b_giovese;Giovese;;;;;;;;;;;;;x
b_gipok;Gipok;;;;;;;;;;;;;x
b_girend;Girend;;;;;;;;;;;;;x
b_girich;Girich;;;;;;;;;;;;;x
b_giroken;Giroken;;;;;;;;;;;;;x
b_giruma;Giruma;;;;;;;;;;;;;x
b_githyanki;Githyanki;;;;;;;;;;;;;x
b_gitu;Gitu;;;;;;;;;;;;;x
b_givor;Givor;;;;;;;;;;;;;x
b_gjorunn;Gjorunn;;;;;;;;;;;;;x
b_gjorvik;Gjorvik;;;;;;;;;;;;;x
b_gjukar;Gjukar;;;;;;;;;;;;;x
b_glabrius;Glabrius;;;;;;;;;;;;;x
b_gladbach;Gladbach;;;;;;;;;;;;;x
b_gladbeck;Gladbeck;;;;;;;;;;;;;x
b_gladdenpoint;Gladdenpoint;;;;;;;;;;;;;x
b_glademist;Glademist;;;;;;;;;;;;;x
b_glademont;Glademont;;;;;;;;;;;;;x
b_gladstone;Gladstone;;;;;;;;;;;;;x
b_glandart;Glandart;;;;;;;;;;;;;x
b_glassbarrow;Glassbarrow;;;;;;;;;;;;;x
b_glassdeer;Glassdeer;;;;;;;;;;;;;x
b_glassfalcon;Glassfalcon;;;;;;;;;;;;;x
b_glassmeadow;Glassmeadow;;;;;;;;;;;;;x
b_glassshade;Glassshade;;;;;;;;;;;;;x
b_gleandril;Glenandril;;;;;;;;;;;;;x
b_glebeinn;Glebeinn;;;;;;;;;;;;;x
b_glebrim;Glebrim;;;;;;;;;;;;;x
b_glenandril;Glenandril;;;;;;;;;;;;;x
b_glenariff;Glenariff;;;;;;;;;;;;;x
b_glenarm;Glenarm;;;;;;;;;;;;;x
b_glenbridge;Glenbridge;;;;;;;;;;;;;x
b_glenchant;Glenchant;;;;;;;;;;;;;x
b_glenedra;Glenedra;;;;;;;;;;;;;x
b_glenguard;Glenguard;;;;;;;;;;;;;x
b_glenmarch;Glenmarch;;;;;;;;;;;;;x
b_glenmoril;Glenmoril;;;;;;;;;;;;;x
b_glenpoint;Glenpoint;;;;;;;;;;;;;x
b_glenschul;Glenschul;;;;;;;;;;;;;x
b_glenshade;Glenshade;;;;;;;;;;;;;x
b_glenumbra;Glenumbra Moors;;;;;;;;;;;;;x
b_eaglesbrook;Eagle's Brook;;;;;;;;;;;;;x
b_glenvale;Glenvale;;;;;;;;;;;;;x
b_glenview;Glenview;;;;;;;;;;;;;x
b_glewood;Glewood;;;;;;;;;;;;;x
b_glimmerdale;Glimmerdale;;;;;;;;;;;;;x
b_glimmerdim;Glimmerdim;;;;;;;;;;;;;x
b_glimmerwood;Glimmerwood;;;;;;;;;;;;;x
b_glimpsewood;Glimpsewood;;;;;;;;;;;;;x
b_gloomreach;Gloomreach;;;;;;;;;;;;;x
b_glyneath;Glyneath;;;;;;;;;;;;;x
b_gnaarmok;Gnaarmok;;;;;;;;;;;;;x
b_gnarledroot;Gnarledroot;;;;;;;;;;;;;x
b_gnarren;Gnarren;;;;;;;;;;;;;x
b_gnisis;Gnisis;;;;;;;;;;;;;x
b_gnoll;Gnoll;;;;;;;;;;;;;x
b_gnollsal;Gnollsal;;;;;;;;;;;;;x
b_gnollsmeeting;Gnoll's Meeting;;;;;;;;;;;;;x
b_goa;Goa;;;;;;;;;;;;;x
b_godspeak;God's Peak;;;;;;;;;;;;;x
b_godsreach;Godsreach;;;;;;;;;;;;;x
b_godswine;Godswine;;;;;;;;;;;;;x
b_gojira;Gojira;;;;;;;;;;;;;x
b_gokale;Gokale;;;;;;;;;;;;;x
b_golamus;Golamus;;;;;;;;;;;;;x
b_golan;Golan;;;;;;;;;;;;;x
b_golanbul;Golanbul;;;;;;;;;;;;;x
b_goland;Goland;;;;;;;;;;;;;x
b_golavesa;Golavesa;;;;;;;;;;;;;x
b_golborne;Golborne;;;;;;;;;;;;;x
b_goldbourne;Goldbourne;;;;;;;;;;;;;x
b_goldenglow;Goldenglow;;;;;;;;;;;;;x
b_goldenhilt;Golden-Hilt;;;;;;;;;;;;;x
b_goldentol;Goldentol;;;;;;;;;;;;;x
b_goldhaven;Goldhaven;;;;;;;;;;;;;x
b_goldshade;Goldshade;;;;;;;;;;;;;x
b_goldthroat;Goldthroat;;;;;;;;;;;;;x
b_goldwine;Goldwine;;;;;;;;;;;;;x
b_golig;Golig;;;;;;;;;;;;;x
b_golkale;Golkale;;;;;;;;;;;;;x
b_golvas;Golvas;;;;;;;;;;;;;x
b_gonanis;Gonanis;;;;;;;;;;;;;x
b_gondar;Gondar;;;;;;;;;;;;;x
b_goodrun;Goodrun;;;;;;;;;;;;;x
b_goranboy;Goranboy;;;;;;;;;;;;;x
b_gorang;Gorang;;;;;;;;;;;;;x
b_gordium;Gordium;;;;;;;;;;;;;x
b_gorjar;Gorjar;;;;;;;;;;;;;x
b_gorkal;Gorkal;;;;;;;;;;;;;x
b_gorling;Gorling;;;;;;;;;;;;;x
b_gormal;Gormal;;;;;;;;;;;;;x
b_gortgarn;Gortgarn;;;;;;;;;;;;;x
b_goscote;Goscote;;;;;;;;;;;;;x
b_gosland;Gosland;;;;;;;;;;;;;x
b_gothleigh;Gothleigh;;;;;;;;;;;;;x
b_gottlesfont;Gottlesfont;;;;;;;;;;;;;x
b_gottshaw;Gottshaw;;;;;;;;;;;;;x
b_gourt;Gourt;;;;;;;;;;;;;x
b_gozan;Gozan;;;;;;;;;;;;;x
b_graccha;Graccha;;;;;;;;;;;;;x
b_graddunspring;Graddun Spring;;;;;;;;;;;;;x
b_graigmut;Graigmut;;;;;;;;;;;;;x
b_grangehill;Grangehill;;;;;;;;;;;;;x
b_grangrove;Grangrove;;;;;;;;;;;;;x
b_granitefalls;Granitefalls;;;;;;;;;;;;;x
b_graring;Graring;;;;;;;;;;;;;x
b_grassmoor;Grassmoor;;;;;;;;;;;;;x
b_gravelbeach;Gravelbeach;;;;;;;;;;;;;x
b_gravelines;Gravelines;;;;;;;;;;;;;x
b_gravenshite;Gravenshite;;;;;;;;;;;;;x
b_gravenwatch;Gravenwatch;;;;;;;;;;;;;x
b_graymont;Graymont;;;;;;;;;;;;;x
b_grayrock;Grayrock;;;;;;;;;;;;;x
b_greatgrass;Greatgrass;;;;;;;;;;;;;x
b_greathall;Greathall;;;;;;;;;;;;;x
b_greatlift;Greatlift;;;;;;;;;;;;;x
b_great_court_of_hanatok;GreatCourtofHanatok;;;;;;;;;;;;;x
b_greenbeach;Greenbeach;;;;;;;;;;;;;x
b_greendar;Greendar;;;;;;;;;;;;;x
b_greenemperor;Northern District;;;;;;;;;;;;;x
b_greenglade;Greenglade;;;;;;;;;;;;;x
b_greenhall;Greenhall;;;;;;;;;;;;;x
b_greenheart;Greenheart;;;;;;;;;;;;;x
b_greenhedge;Greenhedge;;;;;;;;;;;;;x
b_greenlight;Greenlight;;;;;;;;;;;;;x
b_greenmead;Greenmead;;;;;;;;;;;;;x
b_greenore;Greenore;;;;;;;;;;;;;x
b_greenpeace;Greenpeace;;;;;;;;;;;;;x
b_greenpoint;Greenpoint;;;;;;;;;;;;;x
b_greenscale;Greenscale;;;;;;;;;;;;;x
b_greenspring;Greenspring;;;;;;;;;;;;;x
b_greenspringhollow;Greenspring Hollow;;;;;;;;;;;;;x
b_greenvale;Greenvale;;;;;;;;;;;;;x
b_grendan;Grendan;;;;;;;;;;;;;x
b_gresford;Gresford;;;;;;;;;;;;;x
b_greybarrow;Greybarrow;;;;;;;;;;;;;x
b_greycrystal;Greycrystal;;;;;;;;;;;;;x
b_greydove;Greydove;;;;;;;;;;;;;x
b_greyland;Greyland;;;;;;;;;;;;;x
b_greyleaf;Greyleaf;;;;;;;;;;;;;x
b_greymarch;Greymarch;;;;;;;;;;;;;x
b_greymarsh;Greymarsh;;;;;;;;;;;;;x
b_greymoor;Greymoor;;;;;;;;;;;;;x
b_greythaal;Greythaal;;;;;;;;;;;;;x
b_greytower;Greytower;;;;;;;;;;;;;x
b_greywater;Greywater;;;;;;;;;;;;;x
b_greywinter;Greywinter;;;;;;;;;;;;;x
b_gridere;Gridere;;;;;;;;;;;;;x
b_grief;Grief;;;;;;;;;;;;;x
b_griefswald;Griefswald;;;;;;;;;;;;;x
b_griffingate;Griffingate;;;;;;;;;;;;;x
b_griffinlake;Griffinlake;;;;;;;;;;;;;x
b_grimdyke;Grimdyke;;;;;;;;;;;;;x
b_grimmarket;Grimmarket;;;;;;;;;;;;;x
b_grimrock;Grimrock;;;;;;;;;;;;;x
b_grimwald;Grimwald;;;;;;;;;;;;;x
b_grinstead;Grinstead;;;;;;;;;;;;;x
b_grobak;Grobak;;;;;;;;;;;;;x
b_groesvit;Groesvit;;;;;;;;;;;;;x
b_groning;Gronning;;;;;;;;;;;;;x
b_gronn;Gronn;;;;;;;;;;;;;x
b_gronning;Gronning;;;;;;;;;;;;;x
b_grouville;Grouville;;;;;;;;;;;;;x
b_gubug;Gubug;;;;;;;;;;;;;x
b_guidesrest;Guide's Rest;;;;;;;;;;;;;x
b_guldunrock;Guldun Rock;;;;;;;;;;;;;x
b_gulfjell;Gulfjell;;;;;;;;;;;;;x
b_gulkhona;Gulkhona;;;;;;;;;;;;;x
b_swordpoint;Sword's Point;;;;;;;;;;;;;x
b_kyneaegis;Kyne's Aegis;;;;;;;;;;;;;x
b_guri;Guri;;;;;;;;;;;;;x
b_guryev;Guryev;;;;;;;;;;;;;x
b_gweden;Gweden;;;;;;;;;;;;;x
b_gyabo;Gyabo;;;;;;;;;;;;;x
b_gyai;Gyai;;;;;;;;;;;;;x
b_gylglac;Gylglac;;;;;;;;;;;;;x
b_gypsum;Gypsum;;;;;;;;;;;;;x
b_gyzum;Gyzum;;;;;;;;;;;;;x
b_haalfingar;Half's Finger;;;;;;;;;;;;;x
b_dragonbelly;Dragon's Belly;;;;;;;;;;;;;x
b_karthwatch;Kartwatch;;;;;;;;;;;;;x
b_habeyek;Habeyek;;;;;;;;;;;;;x
b_habykali;Habykali;;;;;;;;;;;;;x
b_hachi;Hachi;;;;;;;;;;;;;x
b_hackdirt;Hackdirt;;;;;;;;;;;;;x
b_hadaf;Hadaf;;;;;;;;;;;;;x
b_hadinhal;Hadinhal;;;;;;;;;;;;;x
b_hadun;Hadun;;;;;;;;;;;;;x
b_haebolon;Haebolon;;;;;;;;;;;;;x
b_haedai;Haedai;;;;;;;;;;;;;x
b_haemar;Haemar;;;;;;;;;;;;;x
b_hafar;Hafar;;;;;;;;;;;;;x
b_hafares;Hafares;;;;;;;;;;;;;x
b_hagaigny;Hagaigny;;;;;;;;;;;;;x
b_haganai;Haganai;;;;;;;;;;;;;x
b_hagermarsch;Hagarmarch;;;;;;;;;;;;;x
b_hagoiaq;Hagoiaq;;;;;;;;;;;;;x
b_hagouhad;Hagouhad;;;;;;;;;;;;;x
b_hagraven;Hagraven;;;;;;;;;;;;;x
b_hagridshelm;Hagridshelm;;;;;;;;;;;;;x
b_hagrock;Hagrock;;;;;;;;;;;;;x
b_hagsend;Hag's End;;;;;;;;;;;;;x
b_hagsfjord;Hagsfjord;;;;;;;;;;;;;x
b_haidar;Haidar;;;;;;;;;;;;;x
b_haiger;Haigar;;;;;;;;;;;;;x
b_hairan;Hairan;;;;;;;;;;;;;x
b_hairar;Hairar;;;;;;;;;;;;;x
b_hairatvassamsi;Hairat-Vessamsi;;;;;;;;;;;;;x
b_haiyir;Haiyir;;;;;;;;;;;;;x
b_halamshiral;Halamshiral;;;;;;;;;;;;;x
b_halaran;Halaran;;;;;;;;;;;;;x
b_hale;Hale;;;;;;;;;;;;;x
b_halfmoon;Half-Moon Mills;;;;;;;;;;;;;x
b_halfrun;Halfrun;;;;;;;;;;;;;x
b_halgard;Halgard;;;;;;;;;;;;;x
b_halmstad;Halmstad;;;;;;;;;;;;;x
b_halrheim;Halrheim;;;;;;;;;;;;;x
b_halrleid;Halrleid;;;;;;;;;;;;;x
b_halrvatn;Halrvatn;;;;;;;;;;;;;x
b_halrynn;Halrynn;;;;;;;;;;;;;x
b_halveske;Halveske;;;;;;;;;;;;;x
b_hamar;Hamar;;;;;;;;;;;;;x
b_hame;Hame;;;;;;;;;;;;;x
b_hammerhal;Hammerhal;;;;;;;;;;;;;x
b_hammerhall;Hammerhall;;;;;;;;;;;;;x
b_hamvirsrest;Hamvir's Rest;;;;;;;;;;;;;x
b_hanangm;Hanangm;;;;;;;;;;;;;x
b_hanar;Hanar;;;;;;;;;;;;;x
b_hanatok;Hanatok;;;;;;;;;;;;;x
b_handumur;Handumur;;;;;;;;;;;;;x
b_hanilu;Hanilu;;;;;;;;;;;;;x
b_hanima;Hanima;;;;;;;;;;;;;x
b_hanju_o;Hanju-o;;;;;;;;;;;;;x
b_hankhchima;Hankhchima;;;;;;;;;;;;;x
b_hanley;Hanley;;;;;;;;;;;;;x
b_hannyi;Hannyi;;;;;;;;;;;;;x
b_hanou;Hanou;;;;;;;;;;;;;x
b_hanousa_a;Hanousa-a;;;;;;;;;;;;;x
b_hanshi;Hanshi;;;;;;;;;;;;;x
b_han_tszhou;Han-Tszhou;;;;;;;;;;;;;x
b_hao;Hao;;;;;;;;;;;;;x
b_haobao;Haobao;;;;;;;;;;;;;x
b_haocian;Haocian;;;;;;;;;;;;;x
b_haocoulai;Haocoulai;;;;;;;;;;;;;x
b_haradruhn;Harad-Ruhn;;;;;;;;;;;;;x
b_harakk;Harakk;;;;;;;;;;;;;x
b_haran;Haran;;;;;;;;;;;;;x
b_harar;Harar;;;;;;;;;;;;;x
b_harata;Harata;;;;;;;;;;;;;x
b_harcane;Harcane;;;;;;;;;;;;;x
b_hardrock;Hardrock;;;;;;;;;;;;;x
b_hardscale;Hardscale;;;;;;;;;;;;;x
b_hardscrabble;Hardscrabble;;;;;;;;;;;;;x
b_hardwater;Harwater;;;;;;;;;;;;;x
b_harescross;Hare's Cross;;;;;;;;;;;;;x
b_hargesa;Hargesa;;;;;;;;;;;;;x
b_hargeysa;Hargeysa;;;;;;;;;;;;;x
b_harguesa;Harguesa;;;;;;;;;;;;;x
b_harien;Harien;;;;;;;;;;;;;x
b_harilin;Harilin;;;;;;;;;;;;;x
b_hariman;Hariman;;;;;;;;;;;;;x
b_harlun;Harlun;;;;;;;;;;;;;x
b_harmsfolly;Harm's Folly;;;;;;;;;;;;;x
b_harmugstalh;Harmugstalh;;;;;;;;;;;;;x
b_harmungrav;Harmungrav;;;;;;;;;;;;;x
b_haroun;Haroun;;;;;;;;;;;;;x
b_harpersruin;Harpersruin;;;;;;;;;;;;;x
b_harpersruins;Harper's Ruin;;;;;;;;;;;;;x
b_harrowdell;Harrowdell;;;;;;;;;;;;;x
b_harrowgate;Harrowgate;;;;;;;;;;;;;x
b_harrowood;Harrowood;;;;;;;;;;;;;x
b_harrowwell;Harrowwell;;;;;;;;;;;;;x
b_harsefeld;Harsefeld;;;;;;;;;;;;;x
b_harstead;Harstead;;;;;;;;;;;;;x
b_hartford;Hartford;;;;;;;;;;;;;x
b_hartlepool;Hartlepool;;;;;;;;;;;;;x
b_haruda;Haruda;;;;;;;;;;;;;x
b_hasamir;Hasamir;;;;;;;;;;;;;x
b_hasayo;Hasayo;;;;;;;;;;;;;x
b_hashika;Hashika;;;;;;;;;;;;;x
b_hasniur;Hasniur;;;;;;;;;;;;;x
b_hasteinn;Hasteinn;;;;;;;;;;;;;x
b_hastrel;Hastrel;;;;;;;;;;;;;x
b_hatarasak;Hatarasak;;;;;;;;;;;;;x
b_hatasashi;Hatasashi;;;;;;;;;;;;;x
b_hatbaen;Hatbaen;;;;;;;;;;;;;x
b_hathin;Hathin;;;;;;;;;;;;;x
b_hatluang;Hatluang;;;;;;;;;;;;;x
b_hatrachan;Hatrachan;;;;;;;;;;;;;x
b_hatrong;Hatrong;;;;;;;;;;;;;x
b_hatwan;Hatwan;;;;;;;;;;;;;x
b_haugrheim;Haugrheim;;;;;;;;;;;;;x
b_haugvik;Haugvik;;;;;;;;;;;;;x
b_havar;Havar;;;;;;;;;;;;;x
b_haven;Haven;;;;;;;;;;;;;x
b_havenbridge;Havenbridge;;;;;;;;;;;;;x
b_havenmarch;Havenmarch;;;;;;;;;;;;;x
b_havenmoor;Havenmoor;;;;;;;;;;;;;x
b_havensmite;Havensmite;;;;;;;;;;;;;x
b_haverford;Haverford;;;;;;;;;;;;;x
b_haviss;Haviss;;;;;;;;;;;;;x
b_havisti;Havisti;;;;;;;;;;;;;x
b_havngard;Havngard;;;;;;;;;;;;;x
b_hawa;Hawa;;;;;;;;;;;;;x
b_hawarden;Hawarden;;;;;;;;;;;;;x
b_hawcand;Hawcand;;;;;;;;;;;;;x
b_hawich;Hawich;;;;;;;;;;;;;x
b_hawjar;Hawjar;;;;;;;;;;;;;x
b_hawlok;Hawlok;;;;;;;;;;;;;x
b_hawlunto;Hawlunto;;;;;;;;;;;;;x
b_hawpuan;Hawpuan;;;;;;;;;;;;;x
b_hawthorn;Hawthorn;;;;;;;;;;;;;x
b_hawtu;Hawtu;;;;;;;;;;;;;x
b_haynote;Haynote;;;;;;;;;;;;;x
b_haywards;Haywards;;;;;;;;;;;;;x
b_hazari;Hazari;;;;;;;;;;;;;x
b_heartbush;Heartbush;;;;;;;;;;;;;x
b_heartgrove;Heartgrove;;;;;;;;;;;;;x
b_xith_izkul;Xith-Izkul;;;;;;;;;;;;;x
b_hearthgrove;Hearthgrove;;;;;;;;;;;;;x
b_hearthshield;Hearthshield;;;;;;;;;;;;;x
b_heartwood;Heartwood;;;;;;;;;;;;;x
b_heatgrove;Heatgrove;;;;;;;;;;;;;x
b_heath;Heath;;;;;;;;;;;;;x
b_heathgrove;Heathgrove;;;;;;;;;;;;;x
b_heccrea;Heccrea;;;;;;;;;;;;;x
b_hedbergite;Hedbergite;;;;;;;;;;;;;x
b_hedron;Hedron;;;;;;;;;;;;;x
b_hedsford;Hedsford;;;;;;;;;;;;;x
b_hegathe;Hegathe;;;;;;;;;;;;;x
b_heilbronn;Heilbronn;;;;;;;;;;;;;x
b_heimdallr;Heimdallr;;;;;;;;;;;;;x
b_heimdar;Heimdar;;;;;;;;;;;;;x
b_heimlyn;Heimlyn Keep;;;;;;;;;;;;;x
b_mar_giatha;Mar Giatha;;;;;;;;;;;;;x
b_heimthor;Heimthor;;;;;;;;;;;;;x
b_hejiro;Hejiro;;;;;;;;;;;;;x
b_hekemima;Hekemia;;;;;;;;;;;;;x
b_helarn;Helarn;;;;;;;;;;;;;x
b_helasfolly;Hela's Folly;;;;;;;;;;;;;x
b_helcat;Helcat;;;;;;;;;;;;;x
b_heldorn;Heldorn;;;;;;;;;;;;;x
b_helgar;Helgar;;;;;;;;;;;;;x
b_helgen;Helgen;;;;;;;;;;;;;x
b_helicarn;Helicarn;;;;;;;;;;;;;x
b_helier;Helier;;;;;;;;;;;;;x
b_helkarn;Helkarn;;;;;;;;;;;;;x
b_helkune;Helkune;;;;;;;;;;;;;x
b_hellfield;Hellfield;;;;;;;;;;;;;x
b_hellgard;Hellgard;;;;;;;;;;;;;x
b_helmsdeep;Helmsdeep;;;;;;;;;;;;;x
b_helnim;Helnim;;;;;;;;;;;;;x
b_helocia;Helocia;;;;;;;;;;;;;x
b_heloth;Heloth;;;;;;;;;;;;;x
b_helothre;Helothre;;;;;;;;;;;;;x
b_helpass;Helpass;;;;;;;;;;;;;x
b_helsby;Helsby;;;;;;;;;;;;;x
b_helsingborg;Helsingborg;;;;;;;;;;;;;x
b_helsker;Helsker;;;;;;;;;;;;;x
b_helstead;Helstead;;;;;;;;;;;;;x
b_helstone;Helstone;;;;;;;;;;;;;x
b_helstrom;Helstrom;;;;;;;;;;;;;x
b_helune;Helune;;;;;;;;;;;;;x
b_helwatch;Helwatch;;;;;;;;;;;;;x
b_hendaye;Hendaye;;;;;;;;;;;;;x
b_henfield;Henfield;;;;;;;;;;;;;x
b_henim;Henim;;;;;;;;;;;;;x
b_henius;Henius;;;;;;;;;;;;;x
b_heran;Heran;;;;;;;;;;;;;x
b_hermaeus;Hermaeus;;;;;;;;;;;;;x
b_herne;Herne;;;;;;;;;;;;;x
b_heroden;Heroden;;;;;;;;;;;;;x
b_herohill;Hero Hill;;;;;;;;;;;;;x
b_herpung;Herpung;;;;;;;;;;;;;x
b_hesdin;Hesdin;;;;;;;;;;;;;x
b_hesthodertake;Hosthodertake;;;;;;;;;;;;;x
b_heswall;Heswall;;;;;;;;;;;;;x
b_hetom;Hetom;;;;;;;;;;;;;x
b_hewport;Hewport;;;;;;;;;;;;;x
b_hewsbane;Hew's Bane;;;;;;;;;;;;;x
b_hewshore;Hewshore;;;;;;;;;;;;;x
b_heybury;Heybury;;;;;;;;;;;;;x
b_heyford;Heyford;;;;;;;;;;;;;x
b_heyglen;Heyglen;;;;;;;;;;;;;x
b_hiamia;Hiamia;;;;;;;;;;;;;x
b_hiamou;Hiamou;;;;;;;;;;;;;x
b_hianwo;Hianwo;;;;;;;;;;;;;x
b_hiapia;Hiapia;;;;;;;;;;;;;x
b_hiarnia;Hiarnia;;;;;;;;;;;;;x
b_hibon;Hibon;;;;;;;;;;;;;x
b_highbutton;Highbutton;;;;;;;;;;;;;x
b_highcairn;High Cairn;;;;;;;;;;;;;x
b_highfane;Highfane;;;;;;;;;;;;;x
b_highgate;Highgate;;;;;;;;;;;;;x
b_highglen;High Glen;;;;;;;;;;;;;x
b_highgold;Highgold;;;;;;;;;;;;;x
b_highmont;Highmont;;;;;;;;;;;;;x
b_highpalm;Highpalm;;;;;;;;;;;;;x
b_highpass;Ikinaluk;;;;;;;;;;;;;x
b_highpeak;High Peak;;;;;;;;;;;;;x
b_highpoint;Highpoint;;;;;;;;;;;;;x
b_hightree;Hightree;;;;;;;;;;;;;x
b_highwind;Highwind;;;;;;;;;;;;;x
b_hilah;Hilah;;;;;;;;;;;;;x
b_hildrheim;Hildrheim;;;;;;;;;;;;;x
b_hilfa;Hilfa;;;;;;;;;;;;;x
b_hillgrund;Hillgrund;;;;;;;;;;;;;x
b_himachi;Himachi;;;;;;;;;;;;;x
b_himatsu;Himatsu;;;;;;;;;;;;;x
b_himino;Himino;;;;;;;;;;;;;x
b_himmelhost;Himmelhost;;;;;;;;;;;;;x
b_hinerion;Hinerion;;;;;;;;;;;;;x
b_hinmo;Hinmo;;;;;;;;;;;;;x
b_hiralia;Hiralia;;;;;;;;;;;;;x
b_hircine;Hircine;;;;;;;;;;;;;x
b_hisor;Hisor;;;;;;;;;;;;;x
b_histen;Histen;;;;;;;;;;;;;x
b_hiut;Hi'ut;;;;;;;;;;;;;x
b_hjaalmarch;Hjaalmarch;;;;;;;;;;;;;x
b_hjaldarr;Hjaldarr;;;;;;;;;;;;;x
b_hjaldheim;Hjaldheim;;;;;;;;;;;;;x
b_hjalfdarr;Hjaldarr;;;;;;;;;;;;;x
b_hlaalu;Hlaalu District;;;;;;;;;;;;;x
b_hlaalufarm;Hlaalu Farm;;;;;;;;;;;;;x
b_hlabapa;Hlabapa;;;;;;;;;;;;;x
b_hlaben;Hla-Ben;;;;;;;;;;;;;x
b_hlabular;Hla Bulor;;;;;;;;;;;;;x
b_hlabulor;Hlabulor;;;;;;;;;;;;;x
b_hlactho;Hlactho;;;;;;;;;;;;;x
b_hladan;Hladan;;;;;;;;;;;;;x
b_hladeron;Hladeron;;;;;;;;;;;;;x
b_hlagar;Hlagar;;;;;;;;;;;;;x
b_hlahuin;Hla-Huin;;;;;;;;;;;;;x
b_hlamon;Hlamon;;;;;;;;;;;;;x
b_hlanoc;Hlanoc;;;;;;;;;;;;;x
b_hlaoad;Hlaoad;;;;;;;;;;;;;x
b_hlaodin;Hla-Odin;;;;;;;;;;;;;x
b_hlaoeth;Hla-Oeth;;;;;;;;;;;;;x
b_hlaran;Hlaran;;;;;;;;;;;;;x
b_hlarvy;Hlarvy;;;;;;;;;;;;;x
b_hlasalem;Hlasalem;;;;;;;;;;;;;x
b_hlasham;Hlasham;;;;;;;;;;;;;x
b_hlatan;Hlatan;;;;;;;;;;;;;x
b_hlayan;Hlayan;;;;;;;;;;;;;x
b_hleran;Hleran;;;;;;;;;;;;;x
b_hlerayn;Hlerayn;;;;;;;;;;;;;x
b_hlormaren;Hlormaren;;;;;;;;;;;;;x
b_hnas;Hnas;;;;;;;;;;;;;x
b_hobsfall;Hob's Fall;;;;;;;;;;;;;x
b_hockley;Hockley;;;;;;;;;;;;;x
b_hodenhal;Hodenhal;;;;;;;;;;;;;x
b_hodorsheim;Hodorsheim;;;;;;;;;;;;;x
b_holamaya;Holamayan;;;;;;;;;;;;;x
b_holdar;Holdar;;;;;;;;;;;;;x
b_holdhall;Holdhall;;;;;;;;;;;;;x
b_holgeir;Holgeir;;;;;;;;;;;;;x
b_hollowhood;Hollowhood;;;;;;;;;;;;;x
b_hollowmont;Hollowmont;;;;;;;;;;;;;x
b_hollyfalls;Holly Falls;;;;;;;;;;;;;x
b_hollyfrost;Hollyfrost;;;;;;;;;;;;;x
b_holtgast;Holtgast;;;;;;;;;;;;;x
b_holuf;Holuf;;;;;;;;;;;;;x
b_homestead;Homestead;;;;;;;;;;;;;x
b_honchai;Honchai;;;;;;;;;;;;;x
b_honchima;Honchima;;;;;;;;;;;;;x
b_hone;Hone;;;;;;;;;;;;;x
b_honeypike;Honeypike;;;;;;;;;;;;;x
b_honeystrand;Honeystrand;;;;;;;;;;;;;x
b_honhima;Honhima;;;;;;;;;;;;;x
b_honningbrew;Honningbrew;;;;;;;;;;;;;x
b_honou;Honou;;;;;;;;;;;;;x
b_honounyi;Honounyi;;;;;;;;;;;;;x
b_honro;Honro;;;;;;;;;;;;;x
b_hontsgyi;Hontsgyi;;;;;;;;;;;;;x
b_hon_chiro;Hon-Chiro;;;;;;;;;;;;;x
b_horgrsgard;Horgrsgard;;;;;;;;;;;;;x
b_horley;Horley;;;;;;;;;;;;;x
b_horley_barony;Horley;;;;;;;;;;;;;x
b_horm;Horm;;;;;;;;;;;;;x
b_hornberg;Hornberg;;;;;;;;;;;;;x
b_horncoal;Horncoal;;;;;;;;;;;;;x
b_horsestable;Horsestable;;;;;;;;;;;;;x
b_horunn;Horunn;;;;;;;;;;;;;x
b_horville;Horville;;;;;;;;;;;;;x
b_host;Host;;;;;;;;;;;;;x
b_hoth;Hoth;;;;;;;;;;;;;x
b_hou;Hou;;;;;;;;;;;;;x
b_houpiann;Houpiann;;;;;;;;;;;;;x
b_housedres;Dres;;;;;;;;;;;;;x
b_househlaalu;Hlaalu;;;;;;;;;;;;;x
b_houseindoril;Indoril;;;;;;;;;;;;;x
b_houseredoran;Redoran;;;;;;;;;;;;;x
b_housetelvanni;Telvanni;;;;;;;;;;;;;x
b_howling;Howling;;;;;;;;;;;;;x
b_hradec;Hradec;;;;;;;;;;;;;x
b_hraggard;Hraggard;;;;;;;;;;;;;x
b_hraggen;Hraggen;;;;;;;;;;;;;x
b_hraggstad;Hraggstad;;;;;;;;;;;;;x
b_hragstad;Hragstad;;;;;;;;;;;;;x
b_hrol;Hrol's Hillock;;;;;;;;;;;;;x
b_hraora;Hraora;;;;;;;;;;;;;x
b_hravno;Hravno;;;;;;;;;;;;;x
b_hrohtin;Hrohtin;;;;;;;;;;;;;x
b_hroldan;Hroldan;;;;;;;;;;;;;x
b_hrostyd;Hrostyd;;;;;;;;;;;;;x
b_hrota;Hrota;;;;;;;;;;;;;x
b_hrotanda;Hrotanda;;;;;;;;;;;;;x
b_hrotgunn;Hrotgunn;;;;;;;;;;;;;x
b_hrothgar;Hrothgar;;;;;;;;;;;;;x
b_hrothmond;Hrothmond's Bane;;;;;;;;;;;;;x
b_hrotrusk;Hrotrusk;;;;;;;;;;;;;x
b_hrotrynn;Hrotrynn;;;;;;;;;;;;;x
b_hrotsker;Hrotsker;;;;;;;;;;;;;x
b_huabueng;Hua Bueng;;;;;;;;;;;;;x
b_huachang;Hua Chang;;;;;;;;;;;;;x
b_huadahan;Hua Dahan;;;;;;;;;;;;;x
b_huadung;Hua Dung;;;;;;;;;;;;;x
b_huakhoi;Hua Khoi;;;;;;;;;;;;;x
b_huala;Hua La;;;;;;;;;;;;;x
b_huanchi;Huanchi;;;;;;;;;;;;;x
b_huanezhou;Huanezhou;;;;;;;;;;;;;x
b_huanhima;Huanhima;;;;;;;;;;;;;x
b_huani;Huani;;;;;;;;;;;;;x
b_huaniangm;Huaniangm;;;;;;;;;;;;;x
b_huanju_o;Huanju-o;;;;;;;;;;;;;x
b_huanro;Huanro;;;;;;;;;;;;;x
b_huantu;Huantu;;;;;;;;;;;;;x
b_huanzhou;Huanzhou;;;;;;;;;;;;;x
b_huan_a;Huan-a;;;;;;;;;;;;;x
b_huan_vsechi;Huan-Vsechi;;;;;;;;;;;;;x
b_huaphun;Hua Phun;;;;;;;;;;;;;x
b_huathong;Hua Thong;;;;;;;;;;;;;x
b_huathum;Hua Thum;;;;;;;;;;;;;x
b_huauna;Huauna;;;;;;;;;;;;;x
b_hudenhorst;Hudenhorst;;;;;;;;;;;;;x
b_hudiksvall;Hudiksvall;;;;;;;;;;;;;x
b_hughge;Hughge;;;;;;;;;;;;;x
b_hugmore;Hugmore;;;;;;;;;;;;;x
b_hulenar;Hulenar;;;;;;;;;;;;;x
b_hulu;Hulu;;;;;;;;;;;;;x
b_hundesheim;Hundesheim;;;;;;;;;;;;;x
b_hunding;Port Hunding;;;;;;;;;;;;;x
b_hundsgard;Hundsgard;;;;;;;;;;;;;x
b_hunterslodge;Hunter's Lodge;;;;;;;;;;;;;x
b_hunterspath;Hunter's Path;;;;;;;;;;;;;x
b_huntersrest;Hunter's Rest;;;;;;;;;;;;;x
b_huntersvantage;Hunter's Vantage;;;;;;;;;;;;;x
b_huntress;Huntress;;;;;;;;;;;;;x
b_huob_huomianji;Huob Huomianji;;;;;;;;;;;;;x
b_hupnap;Hupnap;;;;;;;;;;;;;x
b_huqhiyn;Huqhiyn;;;;;;;;;;;;;x
b_hurdha;Hurdha;;;;;;;;;;;;;x
b_hurn;Hurn;;;;;;;;;;;;;x
b_husha;Husha;;;;;;;;;;;;;x
b_hushavlur;Husvalur;;;;;;;;;;;;;x
b_husvalur;Husvalur;;;;;;;;;;;;;x
b_hutaijiq;Hutaijiq;;;;;;;;;;;;;x
b_hutli;Hutli;;;;;;;;;;;;;x
b_hutman;Hutman;;;;;;;;;;;;;x
b_hutougny;Huyougny;;;;;;;;;;;;;x
b_huyton;Huyton;;;;;;;;;;;;;x
b_hvitkald;Hvitkald;;;;;;;;;;;;;x
b_hycstead;Hycstead;;;;;;;;;;;;;x
b_hydrous;Hydrous;;;;;;;;;;;;;x
b_hythe;Hythe;;;;;;;;;;;;;x
b_hyurwiin;Hyurwiin;;;;;;;;;;;;;x
b_ianmia;Ian-Mia;;;;;;;;;;;;;x
b_ibadan;Ibadan;;;;;;;;;;;;;x
b_ibail;Ibail;;;;;;;;;;;;;x
b_ibardad;Ibar-Dad;;;;;;;;;;;;;x
b_ibarna;Ibarna;;;;;;;;;;;;;x
b_ibstock;Ibstock;;;;;;;;;;;;;x
b_icatate;Icatate;;;;;;;;;;;;;x
b_icelake;Icelake;;;;;;;;;;;;;x
b_icerun;Icerun;;;;;;;;;;;;;x
b_idantu;Idantu;;;;;;;;;;;;;x
b_idazidan;Idazidan;;;;;;;;;;;;;x
b_idfa;Idfa;;;;;;;;;;;;;x
b_idmist;Idmist;;;;;;;;;;;;;x
b_idranel;Idranel;;;;;;;;;;;;;x
b_iduna;Iduna;;;;;;;;;;;;;x
b_ifat;Ifat;;;;;;;;;;;;;x
b_ifukur;Ifukur;;;;;;;;;;;;;x
b_igakale;Igakale;;;;;;;;;;;;;x
b_deleyn;Deleyn;;;;;;;;;;;;;x
b_silumm;Silumm;;;;;;;;;;;;;x
b_baelborn;Baelborn Rock;;;;;;;;;;;;;x
b_valewatch;Valewatch Tower;;;;;;;;;;;;;x
b_aldcroft;Aldcroft;;;;;;;;;;;;;x
b_dourstone;Dourstone;;;;;;;;;;;;;x
b_dresan;Dresan Keep;;;;;;;;;;;;;x
b_beldama;Beldama Tree;;;;;;;;;;;;;x
b_igaman;Igaman;;;;;;;;;;;;;x
b_igani;Igani;;;;;;;;;;;;;x
b_farwatch;Farwatch Tower;;;;;;;;;;;;;x
b_igdcuk;Igdcuk;;;;;;;;;;;;;x
b_igdir;Igdir;;;;;;;;;;;;;x
b_igfez;Igfez;;;;;;;;;;;;;x
b_igorfez;Igorfez;;;;;;;;;;;;;x
b_igurum;Igurum;;;;;;;;;;;;;x
b_ihaniet;Ihaniet;;;;;;;;;;;;;x
b_iiyagoc;Iiyagoc;;;;;;;;;;;;;x
b_ijato;Ijato;;;;;;;;;;;;;x
b_ikerran;Ikerran;;;;;;;;;;;;;x
b_ikri;Ikri;;;;;;;;;;;;;x
b_ilania;Ilania;;;;;;;;;;;;;x
b_ilaquey;Ilaquey;;;;;;;;;;;;;x
b_ildos;Ildos;;;;;;;;;;;;;x
b_ilessan;Ilessan Tower;;;;;;;;;;;;;x
b_ilian;Ilian;;;;;;;;;;;;;x
b_ilinalta;Ilinalta's Deep;;;;;;;;;;;;;x
b_illomen;Illomen;;;;;;;;;;;;;x
b_illum;Illum;;;;;;;;;;;;;x
b_ilostrus;Ilostrus;;;;;;;;;;;;;x
b_iluam;Iluam;;;;;;;;;;;;;x
b_iluniel;Iluniel;;;;;;;;;;;;;x
b_imbordin;Imbordin;;;;;;;;;;;;;x
b_imgarest;Imgarest;;;;;;;;;;;;;x
b_imishli;Imishli;;;;;;;;;;;;;x
b_imladir;Imladir;;;;;;;;;;;;;x
b_imotom;Imotom;;;;;;;;;;;;;x
b_imperialcity;Western District;;;;;;;;;;;;;x
b_imperialcity_0;the Imperial City;;;;;;;;;;;;;x
b_imperialcity_1;the Imperial City;;;;;;;;;;;;;x
b_imperialisle_0;the Imperial Isle;;;;;;;;;;;;;x
b_imperialisle_1;the Imperial Isle;;;;;;;;;;;;;x
b_imuha;Imuha;;;;;;;;;;;;;x
b_inawaf;Inawaf;;;;;;;;;;;;;x
b_inawihe;Inawihe;;;;;;;;;;;;;x
b_inburh;Inburh;;;;;;;;;;;;;x
b_incan;Incan;;;;;;;;;;;;;x
b_indarama;Indaram;;;;;;;;;;;;;x
b_indeval;Indeval;;;;;;;;;;;;;x
b_indoranyon;Indoranyon;;;;;;;;;;;;;x
b_indoril;Indoril;;;;;;;;;;;;;x
b_indrabara;Indrabara;;;;;;;;;;;;;x
b_indradung;Indradung;;;;;;;;;;;;;x
b_indrali;Indrali;;;;;;;;;;;;;x
b_indramak;Indramak;;;;;;;;;;;;;x
b_indrapuri;Indrapuri;;;;;;;;;;;;;x
b_indrayar;Indrayar;;;;;;;;;;;;;x
b_ineghisar;Ineghisar;;;;;;;;;;;;;x
b_inegmir;Inegmir;;;;;;;;;;;;;x
b_inehli;Inehli;;;;;;;;;;;;;x
b_inekale;Inekale;;;;;;;;;;;;;x
b_infer;Infer;;;;;;;;;;;;;x
b_inkberrow;Inkberrow;;;;;;;;;;;;;x
b_inodan;Inodan;;;;;;;;;;;;;x
b_inomaen;Ino-Aen;;;;;;;;;;;;;x
b_inzan;Inzan;;;;;;;;;;;;;x
b_ioxao;Ioxao;;;;;;;;;;;;;x
b_ipsmoth;Ipsmoth;;;;;;;;;;;;;x
b_irano;Irano;;;;;;;;;;;;;x
b_irgate;Irgate;;;;;;;;;;;;;x
b_irkngthand;Irkngthand;;;;;;;;;;;;;x
b_irmgard;Irmgard;;;;;;;;;;;;;x
b_iroise;Iroise;;;;;;;;;;;;;x
b_ironback;Ironback;;;;;;;;;;;;;x
b_ironbark;Ironbark;;;;;;;;;;;;;x
b_ironbind;Ironbind;;;;;;;;;;;;;x
b_ironedge;Ironedge;;;;;;;;;;;;;x
b_ironheim;Ironheim;;;;;;;;;;;;;x
b_ironhelm;Ironhelm;;;;;;;;;;;;;x
b_ironpoint;Ironpoint;;;;;;;;;;;;;x
b_ironroot;Ironroot;;;;;;;;;;;;;x
b_ironwheat;Ironwheat;;;;;;;;;;;;;x
b_irony;Irony;;;;;;;;;;;;;x
b_irote;Irote;;;;;;;;;;;;;x
b_is;is;;;;;;;;;;;;;x
b_isalur;Isalur;;;;;;;;;;;;;x
b_isean;Isean;;;;;;;;;;;;;x
b_isechai;Isechai;;;;;;;;;;;;;x
b_isegyi;Isegyi;;;;;;;;;;;;;x
b_iseiangm;Iseiangm;;;;;;;;;;;;;x
b_isenyi;Isenyi;;;;;;;;;;;;;x
b_isestju_o;Isesthu-o;;;;;;;;;;;;;x
b_isezhou;Isezhou;;;;;;;;;;;;;x
b_ise_chinyi;Ise-Chinyi;;;;;;;;;;;;;x
b_isfara;Isfara;;;;;;;;;;;;;x
b_ishiken;Ishiken;;;;;;;;;;;;;x
b_isin;Isin;;;;;;;;;;;;;x
b_isinfier;Isinfier;;;;;;;;;;;;;x
b_isiond;Isiond;;;;;;;;;;;;;x
b_islandmoor;Islandmoor;;;;;;;;;;;;;x
b_ismali;Ismali;;;;;;;;;;;;;x
b_isparal;Isparal;;;;;;;;;;;;;x
b_isparkars;Isparkars;;;;;;;;;;;;;x
b_issand;Issand;;;;;;;;;;;;;x
b_issgard;Issgard;;;;;;;;;;;;;x
b_istalin;Istalin;;;;;;;;;;;;;x
b_istamasya;Istamasya;;;;;;;;;;;;;x
b_istanarsus;Istanarsus;;;;;;;;;;;;;x
b_istanatman;Istanatman;;;;;;;;;;;;;x
b_istara;Istara;;;;;;;;;;;;;x
b_istatep;Istatep;;;;;;;;;;;;;x
b_istavas;Istavas;;;;;;;;;;;;;x
b_isthme;Isthme;;;;;;;;;;;;;x
b_istingol;Istingol;;;;;;;;;;;;;x
b_istirdu;Istirdu;;;;;;;;;;;;;x
b_istirus;Istirus;;;;;;;;;;;;;x
b_istmal;Istmal;;;;;;;;;;;;;x
b_isursti;Isursti;;;;;;;;;;;;;x
b_itil;Itil;;;;;;;;;;;;;x
b_ivarstead;Ivarstead;;;;;;;;;;;;;x
b_iverness;Iverness;;;;;;;;;;;;;x
b_ivesia;Iversia;;;;;;;;;;;;;x
b_ivodaruhn;Ivodaruhn;;;;;;;;;;;;;x
b_ivybridge;Ivybridge;;;;;;;;;;;;;x
b_ixyesa;Ixyesa;;;;;;;;;;;;;x
b_iyuriti;Iyuriti;;;;;;;;;;;;;x
b_izmalya;Izmalya;;;;;;;;;;;;;x
b_izmbakir;Izmbakir;;;;;;;;;;;;;x
b_izmilatya;Izmilatya;;;;;;;;;;;;;x
b_izmiltep;Izmiltep;;;;;;;;;;;;;x
b_izmizmir;Izmizmir;;;;;;;;;;;;;x
b_izmoma;Izmoma;;;;;;;;;;;;;x
b_izmursa;Izmursa;;;;;;;;;;;;;x
b_izmvas;Izmvas;;;;;;;;;;;;;x
b_izuha;Izuha;;;;;;;;;;;;;x
b_jadahar;Jadahar;;;;;;;;;;;;;x
b_jadestone;Jadestone;;;;;;;;;;;;;x
b_jafr;Jafr;;;;;;;;;;;;;x
b_jagmi;Jagmi;;;;;;;;;;;;;x
b_jaiki;Jaiki;;;;;;;;;;;;;x
b_jajung;Jajung;;;;;;;;;;;;;x
b_jakwari;Jakwari;;;;;;;;;;;;;x
b_jali;Jali;;;;;;;;;;;;;x
b_jallenheim;Jallenheim;;;;;;;;;;;;;x
b_jamaadur;Jamaadur;;;;;;;;;;;;;x
b_jamadur;Jamadur;;;;;;;;;;;;;x
b_jamen;Jamen;;;;;;;;;;;;;x
b_jamnagar;Jamnagar;;;;;;;;;;;;;x
b_jamul;Jamul;;;;;;;;;;;;;x
b_janar;Janar;;;;;;;;;;;;;x
b_jandal;Jandal;;;;;;;;;;;;;x
b_jangaron;Jangaron;;;;;;;;;;;;;x
b_jannesse;Jannesse;;;;;;;;;;;;;x
b_japhetsfolly;Japhet's Folly;;;;;;;;;;;;;x
b_jaspet;Jaspet;;;;;;;;;;;;;x
b_jatan;Jatan;;;;;;;;;;;;;x
b_jatari;Jatari;;;;;;;;;;;;;x
b_jatoota;Jatoota;;;;;;;;;;;;;x
b_jatsivod;Jatsivod;;;;;;;;;;;;;x
b_javiikom;Javiikom;;;;;;;;;;;;;x
b_javik;Javik;;;;;;;;;;;;;x
b_javoan;Javoan;;;;;;;;;;;;;x
b_jawesek;Jawesek;;;;;;;;;;;;;x
b_jehanna;Jehenna;;;;;;;;;;;;;x
b_jehenna;Jehenna;;;;;;;;;;;;;x
b_jenni;Jenni;;;;;;;;;;;;;x
b_jenseric;Jenseric;;;;;;;;;;;;;x
b_jerem;Jerem;;;;;;;;;;;;;x
b_jevit;Jevit;;;;;;;;;;;;;x
b_jewells;Jewells;;;;;;;;;;;;;x
b_jianan;Jianan;;;;;;;;;;;;;x
b_jianchi;Jianchi;;;;;;;;;;;;;x
b_jianchima;Jianchima;;;;;;;;;;;;;x
b_jianiangm;Jianiangm;;;;;;;;;;;;;x
b_jianju_o;Jianju-o;;;;;;;;;;;;;x
b_jianro;Jianro;;;;;;;;;;;;;x
b_jiantu;Jiantu;;;;;;;;;;;;;x
b_jianyi;Jianyi;;;;;;;;;;;;;x
b_jian_a;Jian-a;;;;;;;;;;;;;x
b_jian_naghi;Jian-Naghi;;;;;;;;;;;;;x
b_jian_naou;Jian-Naou;;;;;;;;;;;;;x
b_jian_o;Jian-o;;;;;;;;;;;;;x
b_jian_tseshi;Jian-Tseshi;;;;;;;;;;;;;x
b_jijiga;Jijiga;;;;;;;;;;;;;x
b_jimma;Jimma;;;;;;;;;;;;;x
b_jip;Jip;;;;;;;;;;;;;x
b_jipok;Jipok;;;;;;;;;;;;;x
b_jiris;Jiris;;;;;;;;;;;;;x
b_jiuan;Jiuan;;;;;;;;;;;;;x
b_jiuangm;Jiuangm;;;;;;;;;;;;;x
b_jiuchima;Jiuchima;;;;;;;;;;;;;x
b_jiuju_o;Jiuju-o;;;;;;;;;;;;;x
b_jiular;Jiular;;;;;;;;;;;;;x
b_jiunauan;Jiunauan;;;;;;;;;;;;;x
b_jiuschima;Jiuschima;;;;;;;;;;;;;x
b_jiuseammu;Jiuseammu;;;;;;;;;;;;;x
b_jiusei;Jiusei;;;;;;;;;;;;;x
b_jiushi;Jiushi;;;;;;;;;;;;;x
b_jiusiangm;Jiusiangm;;;;;;;;;;;;;x
b_jiusnano_o;Jiusnano-o;;;;;;;;;;;;;x
b_jiusno;Jiusno;;;;;;;;;;;;;x
b_jiusounyi;Jiusounyi;;;;;;;;;;;;;x
b_jiuspat;Jiuspat;;;;;;;;;;;;;x
b_jiuszhou;Jiuszhou;;;;;;;;;;;;;x
b_jius_a;Jius-a;;;;;;;;;;;;;x
b_jius_choou;Jius-Choou;;;;;;;;;;;;;x
b_jius_nanyi;Jius-Nanyi;;;;;;;;;;;;;x
b_jius_vsehima;Jius-Vsehima;;;;;;;;;;;;;x
b_jiutsshi;Jiutsshi;;;;;;;;;;;;;x
b_jiutu;Jiutu;;;;;;;;;;;;;x
b_jiu_o;Jiu-o;;;;;;;;;;;;;x
b_jiu_vsehima;Jiu-Vsehima;;;;;;;;;;;;;x
b_jiyat;Jiyat;;;;;;;;;;;;;x
b_jizan;Jizan;;;;;;;;;;;;;x
b_jmer;Jmer;;;;;;;;;;;;;x
b_jobat;Jobat;;;;;;;;;;;;;x
b_jodestone;Jodestone;;;;;;;;;;;;;x
b_joetnar;Joetnar;;;;;;;;;;;;;x
b_jokora;Jokora;;;;;;;;;;;;;x
b_jokull;Jokull;;;;;;;;;;;;;x
b_jolende;Jolende;;;;;;;;;;;;;x
b_jolgeirr;Jolgeirr;;;;;;;;;;;;;x
b_jominam;Jomi-Nam;;;;;;;;;;;;;x
b_jonestone;Jonestone;;;;;;;;;;;;;x
b_jordain;Jordain;;;;;;;;;;;;;x
b_jotunn;Jotunn;;;;;;;;;;;;;x
b_jovale;Jovale;;;;;;;;;;;;;x
b_juba;Juba;;;;;;;;;;;;;x
b_julianos;Julianos;;;;;;;;;;;;;x
b_juniper;Juniper;;;;;;;;;;;;;x
b_judgement;Judgement;;;;;;;;;;;;;x
b_jylkurfyk;Jylkurfyk;;;;;;;;;;;;;x
b_jylkurvollr;Jykurvollr;;;;;;;;;;;;;x
b_kaashmir;Kaashmir;;;;;;;;;;;;;x
b_kaaz;Kaaz;;;;;;;;;;;;;x
b_kabam;Kabam;;;;;;;;;;;;;x
b_kabaqa;Kabaqa;;;;;;;;;;;;;x
b_kabara;Kabara;;;;;;;;;;;;;x
b_kacham;Kacham;;;;;;;;;;;;;x
b_kadagri;Kadagri;;;;;;;;;;;;;x
b_kadaruhn;Kadaruhn;;;;;;;;;;;;;x
b_kadhan;Kadhan;;;;;;;;;;;;;x
b_kadiaman;Kadiaman;;;;;;;;;;;;;x
b_kadifa;Kadifa;;;;;;;;;;;;;x
b_kadiregli;Kadiregli;;;;;;;;;;;;;x
b_kadirlu;Kadirlu;;;;;;;;;;;;;x
b_kadisus;Kadisus;;;;;;;;;;;;;x
b_kadmal;Kadmal;;;;;;;;;;;;;x
b_kadregli;Kadregli;;;;;;;;;;;;;x
b_kadur;Kadur;;;;;;;;;;;;;x
b_kaelor;Kaelor;;;;;;;;;;;;;x
b_kagaw;Kagaw;;;;;;;;;;;;;x
b_kagrenzel;Kagrenzel;;;;;;;;;;;;;x
b_kahadirli;Kahadirli;;;;;;;;;;;;;x
b_kahane;Kahane;;;;;;;;;;;;;x
b_kahehir;Kahehir;;;;;;;;;;;;;x
b_kahmaras;Kahmaras;;;;;;;;;;;;;x
b_kahrahir;Kahrahir;;;;;;;;;;;;;x
b_kahramangol;Kahramangol;;;;;;;;;;;;;x
b_kahramanhir;Kahramanhir;;;;;;;;;;;;;x
b_kahramanmasya;Kahramanmasya;;;;;;;;;;;;;x
b_kahramehir;Kahramehir;;;;;;;;;;;;;x
b_kahramnakkale;Kahramnakkale;;;;;;;;;;;;;x
b_kahregli;Kahregli;;;;;;;;;;;;;x
b_kahrehir;Kahrehir;;;;;;;;;;;;;x
b_kahrfez;Kahrfez;;;;;;;;;;;;;x
b_kahrkars;Kahrkars;;;;;;;;;;;;;x
b_kahroma;Kahroma;;;;;;;;;;;;;x
b_kaimelar;Kaimelar;;;;;;;;;;;;;x
b_kairendra;Kairendra;;;;;;;;;;;;;x
b_kairou;Kairou;;;;;;;;;;;;;x
b_kajir;Kajir;;;;;;;;;;;;;x
b_kakab;Kakab;;;;;;;;;;;;;x
b_kakashi;Kakashi;;;;;;;;;;;;;x
b_kakuniet;Kakuniet;;;;;;;;;;;;;x
b_kalapo;Kala Po;;;;;;;;;;;;;x
b_kalaqa;Kalaqa;;;;;;;;;;;;;x
b_kalasak;Kalasak;;;;;;;;;;;;;x
b_kalathani;Kalathani;;;;;;;;;;;;;x
b_kalatrang;Kalatrang;;;;;;;;;;;;;x
b_kaler;Kaler;;;;;;;;;;;;;x
b_kalhir;Kalhir;;;;;;;;;;;;;x
b_kaliatra;Kaliatra;;;;;;;;;;;;;x
b_kalien;Kalien;;;;;;;;;;;;;x
b_kaliku;Kaliku;;;;;;;;;;;;;x
b_kalioc;Kalioc;;;;;;;;;;;;;x
b_kaliua;Kaliua;;;;;;;;;;;;;x
b_kalmar;Kalmar;;;;;;;;;;;;;x
b_kalya;Kalya;;;;;;;;;;;;;x
b_kamal;Kamal;;;;;;;;;;;;;x
b_kamana;Kamana;;;;;;;;;;;;;x
b_kambria;Kambria;;;;;;;;;;;;;x
b_kamery;Kamery;;;;;;;;;;;;;x
b_kamiaya;Kamiaya;;;;;;;;;;;;;x
b_kamipang;Kamipang;;;;;;;;;;;;;x
b_kamipung;Kamipung;;;;;;;;;;;;;x
b_kamoree;Kamoree;;;;;;;;;;;;;x
b_kamori;Kamori;;;;;;;;;;;;;x
b_kampala;Kampala;;;;;;;;;;;;;x
b_kamum;Kamum;;;;;;;;;;;;;x
b_kana;Kana;;;;;;;;;;;;;x
b_kanan;Kanan;;;;;;;;;;;;;x
b_kanaveh;Kanaveh;;;;;;;;;;;;;x
b_kanbum;Kan Bum;;;;;;;;;;;;;x
b_kanchasi;Kan Chasi;;;;;;;;;;;;;x
b_kanchathong;Kancha Thong;;;;;;;;;;;;;x
b_kanchatrang;Kanchat Rang;;;;;;;;;;;;;x
b_kand;Kand;;;;;;;;;;;;;x
b_kanesh;Lumut;;;;;;;;;;;;;x
b_kangala;Kangala;;;;;;;;;;;;;x
b_kangaralam;Kangaralam;;;;;;;;;;;;;x
b_kangmo;Kang Mo;;;;;;;;;;;;;x
b_kangom;Kang Om;;;;;;;;;;;;;x
b_kangthani;Kang Thani;;;;;;;;;;;;;x
b_kanhon;Kan Hon;;;;;;;;;;;;;x
b_kankham;Kankham;;;;;;;;;;;;;x
b_kanklang;Kanklang;;;;;;;;;;;;;x
b_kannakhon;Kannakhon;;;;;;;;;;;;;x
b_kansi;Kansi;;;;;;;;;;;;;x
b_kanthum;Kanthum;;;;;;;;;;;;;x
b_kantrang;Kantrang;;;;;;;;;;;;;x
b_kanu;Kanu;;;;;;;;;;;;;x
b_kanvil;Kanvil;;;;;;;;;;;;;x
b_kaohya;Kaohya;;;;;;;;;;;;;x
b_kaon;Kaon;;;;;;;;;;;;;x
b_kapal;Kapal;;;;;;;;;;;;;x
b_karabak;Karabak;;;;;;;;;;;;;x
b_karachiya;Karachiya;;;;;;;;;;;;;x
b_karagandy;Karagandy;;;;;;;;;;;;;x
b_karagri;Karagri;;;;;;;;;;;;;x
b_karakon;Karakon;;;;;;;;;;;;;x
b_karamammar;Kar'amammar;;;;;;;;;;;;;x
b_karamazor;Karamazor;;;;;;;;;;;;;x
b_karantep;Karantep;;;;;;;;;;;;;x
b_karapchi;Karapchi;;;;;;;;;;;;;x
b_karaybin;Karaybin;;;;;;;;;;;;;x
b_karbad;Karbad;;;;;;;;;;;;;x
b_karbod;Karbod;;;;;;;;;;;;;x
b_nen_ria;Nen Ria;;;;;;;;;;;;;x
b_mud_tree;Mud-Tree;;;;;;;;;;;;;x
b_hei_halai;Hei-Halai;;;;;;;;;;;;;x
b_mazzatun;Mazzatun;;;;;;;;;;;;;x
b_stillrise;Stillrise;;;;;;;;;;;;;x
b_arx_corinium;Arx Corinium;;;;;;;;;;;;;x
b_whiterose_prison;White Rose Prison;;;;;;;;;;;;;x
b_karfa;Karfa;;;;;;;;;;;;;x
b_kariat;Kariat;;;;;;;;;;;;;x
b_karidung;Karidung;;;;;;;;;;;;;x
b_karitu;Karitu;;;;;;;;;;;;;x
b_kariwesi;Kariwesi;;;;;;;;;;;;;x
b_karjan;Karjan;;;;;;;;;;;;;x
b_karlaperez;Karlaperez;;;;;;;;;;;;;x
b_karliah;Karliah;;;;;;;;;;;;;x
b_karnandril;Karnandril;;;;;;;;;;;;;x
b_karndar;Karndar Watch;;;;;;;;;;;;;x
b_black_maw;Black Maw;;;;;;;;;;;;;x
b_karnheim;Karnheim;;;;;;;;;;;;;x
b_karnver;Karnver;;;;;;;;;;;;;x
b_karnview;Karnview;;;;;;;;;;;;;x
b_karnwasten;Karnwasten;;;;;;;;;;;;;x
b_karnwood;Karnwood;;;;;;;;;;;;;x
b_kars;Kars;;;;;;;;;;;;;x
b_karsehir;Karsehir;;;;;;;;;;;;;x
b_karstaag;Karstaag;;;;;;;;;;;;;x
b_karsvan;Karsvan;;;;;;;;;;;;;x
b_kartalri;Kartalri;;;;;;;;;;;;;x
b_kartepe;Kartepe;;;;;;;;;;;;;x
b_karth;Karth;;;;;;;;;;;;;x
b_karthgan;Karthgan;;;;;;;;;;;;;x
b_karthspire;Karthspire;;;;;;;;;;;;;x
b_karthwasten;Karthwasten;;;;;;;;;;;;;x
b_kartoum;Kartoum;;;;;;;;;;;;;x
b_karum;Karum;;;;;;;;;;;;;x
b_kasa;Kasa;;;;;;;;;;;;;x
b_kasaba;Kasaba;;;;;;;;;;;;;x
b_kash;Kash;;;;;;;;;;;;;x
b_kashmir;Kashmir;;;;;;;;;;;;;x
b_kastanbul;Kastanbul;;;;;;;;;;;;;x
b_kastav;Kastav;;;;;;;;;;;;;x
b_kaststead;Kaststead;;;;;;;;;;;;;x
b_kasu;Kasu;;;;;;;;;;;;;x
b_katabinu;Katabinu;;;;;;;;;;;;;x
b_katahya;Katahya;;;;;;;;;;;;;x
b_katamiri;Katamiri;;;;;;;;;;;;;x
b_katapur;Katapur;;;;;;;;;;;;;x
b_katastari;Katastari;;;;;;;;;;;;;x
b_kathdar;Kathdar;;;;;;;;;;;;;x
b_kathgran;Kathgran;;;;;;;;;;;;;x
b_kathiand;Kathiand;;;;;;;;;;;;;x
b_katla;Katla's Farm;;;;;;;;;;;;;x
b_katsu;Katsu;;;;;;;;;;;;;x
b_kattalbue;Kattalbue;;;;;;;;;;;;;x
b_kaur;Kaur;;;;;;;;;;;;;x
b_kawa;Kawa;;;;;;;;;;;;;x
b_kawana;Kawana;;;;;;;;;;;;;x
b_kawawa;Kawawa;;;;;;;;;;;;;x
b_kayakale;Kayakale;;;;;;;;;;;;;x
b_kayakaram;Kayakaram;;;;;;;;;;;;;x
b_kayakent;Kayakent;;;;;;;;;;;;;x
b_kayanmaras;Kayanmaras;;;;;;;;;;;;;x
b_kayara;Kayara;;;;;;;;;;;;;x
b_kayozan;Kayozan;;;;;;;;;;;;;x
b_kayseri;Kayseri;;;;;;;;;;;;;x
b_kazgana;Kazgana;;;;;;;;;;;;;x
b_kedi;Kedi;;;;;;;;;;;;;x
b_kedikaram;Kedikaram;;;;;;;;;;;;;x
b_kedinhal;Kedinhal;;;;;;;;;;;;;x
b_kediskele;Kediskele;;;;;;;;;;;;;x
b_keeltei;Keeltei;;;;;;;;;;;;;x
b_kegate;Kegate;;;;;;;;;;;;;x
b_keihara;Keihara;;;;;;;;;;;;;x
b_keiki;Keiki;;;;;;;;;;;;;x
b_keirgo;Keirgo;;;;;;;;;;;;;x
b_kelibak;Kelibak;;;;;;;;;;;;;x
b_kelsee;Kelsee;;;;;;;;;;;;;x
b_keluva;Keluva;;;;;;;;;;;;;x
b_kelvyn;Kelvyn;;;;;;;;;;;;;x
b_kemarq;Kemarq;;;;;;;;;;;;;x
b_kemayu;Kemayu;;;;;;;;;;;;;x
b_kemen;Kemen;;;;;;;;;;;;;x
b_kenema;Kenema;;;;;;;;;;;;;x
b_kenga;Kenga;;;;;;;;;;;;;x
b_kenilwort;Kenilwort;;;;;;;;;;;;;x
b_kenka;Kenka;;;;;;;;;;;;;x
b_kentau;Kentau;;;;;;;;;;;;;x
b_keokeo;Keokeo;;;;;;;;;;;;;x
b_kerbira;Kerbira;;;;;;;;;;;;;x
b_kerlain;Kerlain;;;;;;;;;;;;;x
b_kernite;Kernite;;;;;;;;;;;;;x
b_kerrhills;Kerr Hills;;;;;;;;;;;;;x
b_kerur;Kerur;;;;;;;;;;;;;x
b_kesamud;Kesamund;;;;;;;;;;;;;x
b_keshan;Keshan;;;;;;;;;;;;;x
b_keybind;Keybind;;;;;;;;;;;;;x
b_keyworth;Keyworth;;;;;;;;;;;;;x
b_kezaka;Kezaka;;;;;;;;;;;;;x
b_khael;Khael;;;;;;;;;;;;;x
b_khagaria;Khagaria;;;;;;;;;;;;;x
b_khaipling;Khaipling;;;;;;;;;;;;;x
b_khajay;Khajay;;;;;;;;;;;;;x
b_khalaruhn;Khalaruhn;;;;;;;;;;;;;x
b_khara;Khara;;;;;;;;;;;;;x
b_khayldon;Khayldon;;;;;;;;;;;;;x
b_khaymge;Khaymge;;;;;;;;;;;;;x
b_khaysana;Khaysana;;;;;;;;;;;;;x
b_khayssna;Khyssna;;;;;;;;;;;;;x
b_kheris;Kheris;;;;;;;;;;;;;x
b_khesar;Khesar;;;;;;;;;;;;;x
b_khichevan;Khichevan;;;;;;;;;;;;;x
b_khirdalan;Khirdalan;;;;;;;;;;;;;x
b_khirikhan;Khirikhan;;;;;;;;;;;;;x
b_khlungala;Khlungala;;;;;;;;;;;;;x
b_khlungbesar;Khlung Besar;;;;;;;;;;;;;x
b_khlungburi;Khlungburi;;;;;;;;;;;;;x
b_khlunghon;Khlunghon;;;;;;;;;;;;;x
b_khlungkhon;Khlungkhon;;;;;;;;;;;;;x
b_khobar;Khobar;;;;;;;;;;;;;x
b_khonabad;Khonabad;;;;;;;;;;;;;x
b_khonbueng;Khonbueng;;;;;;;;;;;;;x
b_khonkhamtai;Khonkhamtai;;;;;;;;;;;;;x
b_khonkhoi;Khonkhoi;;;;;;;;;;;;;x
b_khonong;Khonong;;;;;;;;;;;;;x
b_khonun;Khon Un;;;;;;;;;;;;;x
b_khosh;Khosh;;;;;;;;;;;;;x
b_khovaling;Khovaling;;;;;;;;;;;;;x
b_khuchang;Khuchang;;;;;;;;;;;;;x
b_khudung;Khudung;;;;;;;;;;;;;x
b_khujand;Khujand;;;;;;;;;;;;;x
b_khula;Khula;;;;;;;;;;;;;x
b_khulasin;Khulasin;;;;;;;;;;;;;x
b_khulom;Khulom;;;;;;;;;;;;;x
b_khunat;Khunat;;;;;;;;;;;;;x
b_khurachan;Khurachan;;;;;;;;;;;;;x
b_khurmi;Khurmi;;;;;;;;;;;;;x
b_khuthong;Khuthong;;;;;;;;;;;;;x
b_khutong;Khutong;;;;;;;;;;;;;x
b_khuul;Khuul;;;;;;;;;;;;;x
b_khuwat;Khuwat;;;;;;;;;;;;;x
b_kidal;Kidal;;;;;;;;;;;;;x
b_kifuk;Kifuk;;;;;;;;;;;;;x
b_kildrum;Kildrum;;;;;;;;;;;;;x
b_kilis;Kilis;;;;;;;;;;;;;x
b_kilkreath;Kilkreath;;;;;;;;;;;;;x
b_killbride;Killbride;;;;;;;;;;;;;x
b_kimdna;Kimdna;;;;;;;;;;;;;x
b_kimieahku;Kimieahku;;;;;;;;;;;;;x
b_kinail;Kinail;;;;;;;;;;;;;x
b_kindjal;Kindjal;;;;;;;;;;;;;x
b_kindred;Kindred;;;;;;;;;;;;;x
b_kinghaven;King's Haven;;;;;;;;;;;;;x
b_kingscrest;King's Crest;;;;;;;;;;;;;x
b_kingsguard;King's Guard;;;;;;;;;;;;;x
b_kingslanding;King's Landing;;;;;;;;;;;;;x
b_kingsroad;King's Road;;;;;;;;;;;;;x
b_kingswalk;King's Walk;;;;;;;;;;;;;x
b_kingswatch;King's Watch;;;;;;;;;;;;;x
b_kioru;Kioru;;;;;;;;;;;;;x
b_kira;Kira;;;;;;;;;;;;;x
b_kiraman;Kiraman;;;;;;;;;;;;;x
b_kiref;Kiref;;;;;;;;;;;;;x
b_kirica;Kirica;;;;;;;;;;;;;x
b_kirigeli;Kirigeli;;;;;;;;;;;;;x
b_kirigri;Kirigri;;;;;;;;;;;;;x
b_kirikakir;Kirikakir;;;;;;;;;;;;;x
b_kirikip;Kirikip;;;;;;;;;;;;;x
b_kirikordu;Kirikordu;;;;;;;;;;;;;x
b_kirinakkale;Kirinakkale;;;;;;;;;;;;;x
b_kirirum;Kirirum;;;;;;;;;;;;;x
b_kirkuduk;Kirkuduk;;;;;;;;;;;;;x
b_kirsya;Kirsya;;;;;;;;;;;;;x
b_kisehir;Kisehir;;;;;;;;;;;;;x
b_kithendis;Kithendis;;;;;;;;;;;;;x
b_kitsiam;Kitsiam;;;;;;;;;;;;;x
b_kitunavos;Kituna Vos;;;;;;;;;;;;;x
b_kizadirli;Kizadirli;;;;;;;;;;;;;x
b_kizilakkale;Kizilakkale;;;;;;;;;;;;;x
b_kizilitep;Kizilitep;;;;;;;;;;;;;x
b_kizilkars;Kizilkars;;;;;;;;;;;;;x
b_kizilri;Kizilri;;;;;;;;;;;;;x
b_kizilursa;Kizilursa;;;;;;;;;;;;;x
b_kizncan;Kizncan;;;;;;;;;;;;;x
b_kjanenheim;Kjanenheim;;;;;;;;;;;;;x
b_kjaror;Kjaror;;;;;;;;;;;;;x
b_kjenstag;Kjenstag;;;;;;;;;;;;;x
b_kjoric;Kjoric;;;;;;;;;;;;;x
b_klaht;Klaht;;;;;;;;;;;;;x
b_klosowick;Klosowick;;;;;;;;;;;;;x
b_knifepoint;Knifepoint;;;;;;;;;;;;;x
b_knifepointhollow;Knifepoint Hollow;;;;;;;;;;;;;x
b_knifepointridge;Knifepoint Ridge;;;;;;;;;;;;;x
b_knighthall;Knighthall;;;;;;;;;;;;;x
b_knightsbridge;Knights Bridge;;;;;;;;;;;;;x
b_knightslech;Knightslech;;;;;;;;;;;;;x
b_knightswatch;Knightswatch;;;;;;;;;;;;;x
b_kniran;Kniran;;;;;;;;;;;;;x
b_knocklong;Knocklong;;;;;;;;;;;;;x
b_knotbone;Knotbone;;;;;;;;;;;;;x
b_knottybramble;Knottybramble;;;;;;;;;;;;;x
b_knotwood;Knotwood;;;;;;;;;;;;;x
b_koahan;Koahan;;;;;;;;;;;;;x
b_koal;Koal;;;;;;;;;;;;;x
b_kodokuna;Kodokuna;;;;;;;;;;;;;x
b_koegria;Koegria;;;;;;;;;;;;;x
b_kogoruhn;Kogoruhn;;;;;;;;;;;;;x
b_kohnsakhon;Kohnsakhon;;;;;;;;;;;;;x
b_kokhu;Kokhu;;;;;;;;;;;;;x
b_kolbjorn;Kolbjorn;;;;;;;;;;;;;x
b_kolskeggr;Kolskeggr;;;;;;;;;;;;;x
b_koma;Koma;;;;;;;;;;;;;x
b_komglen;Komglen;;;;;;;;;;;;;x
b_konda;Konda;;;;;;;;;;;;;x
b_kongking;Kongking;;;;;;;;;;;;;x
b_kongsvinger;Kongsvinger;;;;;;;;;;;;;x
b_konulok;Konu Lok;;;;;;;;;;;;;x
b_koong;Ko Ong;;;;;;;;;;;;;x
b_kopicul;Kopicul;;;;;;;;;;;;;x
b_kopidera;Kopidera;;;;;;;;;;;;;x
b_kopiggara;Kopiggara;;;;;;;;;;;;;x
b_kopilang;Kopilang;;;;;;;;;;;;;x
b_kopisat;Kopisat;;;;;;;;;;;;;x
b_kopiua;Kopiua;;;;;;;;;;;;;x
b_kora;Kora;;;;;;;;;;;;;x
b_koradur;Kora-Dur;;;;;;;;;;;;;x
b_koral;Koral;;;;;;;;;;;;;x
b_koregon;Koregon;;;;;;;;;;;;;x
b_korfzin;Korfzin;;;;;;;;;;;;;x
b_korga;Korga;;;;;;;;;;;;;x
b_korica;Korica;;;;;;;;;;;;;x
b_kornglen;Kornglen;;;;;;;;;;;;;x
b_korsus;Korsus;;;;;;;;;;;;;x
b_korvanjund;Korvanjund;;;;;;;;;;;;;x
b_kosala;Kosala;;;;;;;;;;;;;x
b_kosot;Ko Sot;;;;;;;;;;;;;x
b_kotirvar;Kotirvar;;;;;;;;;;;;;x
b_kouiko;Kouiko;;;;;;;;;;;;;x
b_kovelir;Kovelir;;;;;;;;;;;;;x
b_kozain;Kozain;;;;;;;;;;;;;x
b_kozip;Kozip;;;;;;;;;;;;;x
b_krabawan;Krabawan;;;;;;;;;;;;;x
b_krabhin;Krabhin;;;;;;;;;;;;;x
b_krabinchanaburi;Krabinchanaburi;;;;;;;;;;;;;x
b_krabsak;Krabsak;;;;;;;;;;;;;x
b_krabsot;Krabsot;;;;;;;;;;;;;x
b_kragenmoor;Kragenmoor;;;;;;;;;;;;;x
b_kraldar;Kraldar;;;;;;;;;;;;;x
b_kranur;Kranur;;;;;;;;;;;;;x
b_kratos;Kratos;;;;;;;;;;;;;x
b_krefeld;Kravald;;;;;;;;;;;;;x
b_kribi;Kribi;;;;;;;;;;;;;x
b_krumhorn;Krumhorn;;;;;;;;;;;;;x
b_krungbueng;Krungbueng;;;;;;;;;;;;;x
b_kruzka;Kevalla;;;;;;;;;;;;;x
b_ksamkakra;Ksamkakra;;;;;;;;;;;;;x
b_ksashash;Ksashash;;;;;;;;;;;;;x
b_kucan;Kucan;;;;;;;;;;;;;x
b_kucangm;Kucangm;;;;;;;;;;;;;x
b_kucchima;Kucchima;;;;;;;;;;;;;x
b_kucev_o;Kucev-o;;;;;;;;;;;;;x
b_kuciangm;Kuciangm;;;;;;;;;;;;;x
b_kucno;Kucno;;;;;;;;;;;;;x
b_kucno_o;Kucno-o;;;;;;;;;;;;;x
b_kucyi;Kucyi;;;;;;;;;;;;;x
b_kuczhou;Kuczhou;;;;;;;;;;;;;x
b_kufan;Kufan;;;;;;;;;;;;;x
b_kugato;Kugato;;;;;;;;;;;;;x
b_kulkand;Kulkand;;;;;;;;;;;;;x
b_kulkas;Kulkas;;;;;;;;;;;;;x
b_kulpak;Kulpak;;;;;;;;;;;;;x
b_kulpawn;Kulpawn;;;;;;;;;;;;;x
b_kumasi;Kumasi;;;;;;;;;;;;;x
b_kummu;Kummu;;;;;;;;;;;;;x
b_kumu;Kumu;;;;;;;;;;;;;x
b_kumuuk;Kumuuk;;;;;;;;;;;;;x
b_kunol;Kunol;;;;;;;;;;;;;x
b_kurfyk;Kurfyk;;;;;;;;;;;;;x
b_kurgon;Kurgon;;;;;;;;;;;;;x
b_kurkat;Kurkat;;;;;;;;;;;;;x
b_kurnous;Kurnous;;;;;;;;;;;;;x
b_kursker;Kursker;;;;;;;;;;;;;x
b_kusahya;Kusahya;;;;;;;;;;;;;x
b_kush;Kush;;;;;;;;;;;;;x
b_kushtaf;Kushtaf;;;;;;;;;;;;;x
b_kutaholcuk;Kutaholcuk;;;;;;;;;;;;;x
b_kutahzmir;Kutahzmir;;;;;;;;;;;;;x
b_kutar;Kutar;;;;;;;;;;;;;x
b_kutaybin;Kutaybin;;;;;;;;;;;;;x
b_kutshehir;Kutshehir;;;;;;;;;;;;;x
b_kutu;Kutu;;;;;;;;;;;;;x
b_kvatch;Kvatch;;;;;;;;;;;;;x
b_kyana;Kyana;;;;;;;;;;;;;x
b_kynareth;Kynareth;;;;;;;;;;;;;x
b_kynesgrove;Kynesgrove;;;;;;;;;;;;;x
b_kyofu;Kyofu;;;;;;;;;;;;;x
b_kyogen;Kyogen;;;;;;;;;;;;;x
b_kyushe;Kyushe;;;;;;;;;;;;;x
b_kyutata;Kyutata;;;;;;;;;;;;;x
b_labyrinthian;Labyrinthian;;;;;;;;;;;;;x
b_lacaleah;Lacaleah;;;;;;;;;;;;;x
b_lachance;Lachance;;;;;;;;;;;;;x
b_lackland;Lackland;;;;;;;;;;;;;x
b_ladymantle;Ladymantle;;;;;;;;;;;;;x
b_ladystone;Ladystone;;;;;;;;;;;;;x
b_laembang;Laembang;;;;;;;;;;;;;x
b_lagon;Lagon;;;;;;;;;;;;;x
b_lagos;Lagos;;;;;;;;;;;;;x
b_lagu;Lagu;;;;;;;;;;;;;x
b_lahan;Lahan;;;;;;;;;;;;;x
b_lainebon;Lainebon;;;;;;;;;;;;;x
b_laini;Laini;;;;;;;;;;;;;x
b_lainlyn;Tava's Blessing;;;;;;;;;;;;;x
b_laio;Laio;;;;;;;;;;;;;x
b_lairan;Lairan;;;;;;;;;;;;;x
b_lairdstone;Lairdstone;;;;;;;;;;;;;x
b_lajya;Lajya;;;;;;;;;;;;;x
b_lakenesse;Lakenesse;;;;;;;;;;;;;x
b_lakenheath;Lakenheath;;;;;;;;;;;;;x
b_lakkon;Lakkon;;;;;;;;;;;;;x
b_lalam;Lalam;;;;;;;;;;;;;x
b_lalar;Lalar;;;;;;;;;;;;;x
b_laloria;Laloria;;;;;;;;;;;;;x
b_lamala;Lamala;;;;;;;;;;;;;x
b_lamanir;Lamanir;;;;;;;;;;;;;x
b_lambaen;Lam Baen;;;;;;;;;;;;;x
b_lamengsao;Lamengsao;;;;;;;;;;;;;x
b_lamkaen;Lam Kaen;;;;;;;;;;;;;x
b_lamley;Lamley;;;;;;;;;;;;;x
b_lampang;Lampang;;;;;;;;;;;;;x
b_lampet;Lampet;;;;;;;;;;;;;x
b_lamplight;Lamplight;;;;;;;;;;;;;x
b_lamsam;Lamsam;;;;;;;;;;;;;x
b_lamta;Lam Ta;;;;;;;;;;;;;x
b_lamu;Lamu;;;;;;;;;;;;;x
b_lamwych;Lamwych;;;;;;;;;;;;;x
b_lamyai;Lamyai;;;;;;;;;;;;;x
b_lanak;Lanak;;;;;;;;;;;;;x
b_landamir;Landamir;;;;;;;;;;;;;x
b_landness;Landness;;;;;;;;;;;;;x
b_landovery;Landovery;;;;;;;;;;;;;x
b_lands;lands;;;;;;;;;;;;;x
b_lanfair;Lanfair;;;;;;;;;;;;;x
b_langburi;Langburi;;;;;;;;;;;;;x
b_langkhon;Langkhon;;;;;;;;;;;;;x
b_langmo;Lang Mo;;;;;;;;;;;;;x
b_langpong;Langpong;;;;;;;;;;;;;x
b_langsak;Lang Sak;;;;;;;;;;;;;x
b_langthong;Lang Thong;;;;;;;;;;;;;x
b_langung;Lang Ung;;;;;;;;;;;;;x
b_lanilis;Lanilis;;;;;;;;;;;;;x
b_lankara;Lankara;;;;;;;;;;;;;x
b_lankaran;Lankaran;;;;;;;;;;;;;x
b_lankhmar;Lankhmar;;;;;;;;;;;;;x
b_lannion;Lannion;;;;;;;;;;;;;x
b_lantaray;Lantaray;;;;;;;;;;;;;x
b_larawen;Larawen;;;;;;;;;;;;;x
b_larissos;Larissos;;;;;;;;;;;;;x
b_larne;Larne;;;;;;;;;;;;;x
b_larnor;Larnor;;;;;;;;;;;;;x
b_larsus;Larsus;;;;;;;;;;;;;x
b_larthan;Larthan;;;;;;;;;;;;;x
b_larupur;Larupur;;;;;;;;;;;;;x
b_lasania;Lasania;;;;;;;;;;;;;x
b_lasanod;Lasanod;;;;;;;;;;;;;x
b_lasenthir;Lasenthir;;;;;;;;;;;;;x
b_lasso;Lasso;;;;;;;;;;;;;x
b_lasta;Lasta;;;;;;;;;;;;;x
b_latchabun;Latchabun;;;;;;;;;;;;;x
b_latchanaburi;Latchanaburi;;;;;;;;;;;;;x
b_latjo;Lat Jo;;;;;;;;;;;;;x
b_latket;Latket;;;;;;;;;;;;;x
b_latpo;Lat Po;;;;;;;;;;;;;x
b_latsan;Lat San;;;;;;;;;;;;;x
b_latthaburi;Latthaburi;;;;;;;;;;;;;x
b_latyala;Latyala;;;;;;;;;;;;;x
b_lauma;Lauma;;;;;;;;;;;;;x
b_laur;Laur;;;;;;;;;;;;;x
b_lautah;Lautah;;;;;;;;;;;;;x
b_lauteni;Lauteni;;;;;;;;;;;;;x
b_lautkota;Lautkota;;;;;;;;;;;;;x
b_lautpung;Lautpung;;;;;;;;;;;;;x
b_lautraya;Lautraya;;;;;;;;;;;;;x
b_lautruma;Lautruma;;;;;;;;;;;;;x
b_lautsat;Lautsat;;;;;;;;;;;;;x
b_lawan;Lawan;;;;;;;;;;;;;x
b_lawang;Lawang;;;;;;;;;;;;;x
b_layvil;Layvil;;;;;;;;;;;;;x
b_lazuli;Lazuli;;;;;;;;;;;;;x
b_leafrot;Leafrot;;;;;;;;;;;;;x
b_leafwood;Leafwood;;;;;;;;;;;;;x
b_leatherhead;Leatherhead;;;;;;;;;;;;;x
b_ledinhal;Ledinhal;;;;;;;;;;;;;x
b_ledrimos;Ledrimos;;;;;;;;;;;;;x
b_ledycand;Ledycand;;;;;;;;;;;;;x
b_legge;Legge;;;;;;;;;;;;;x
b_legion;Fort Legion;;;;;;;;;;;;;x
b_leifgard;Leifgard;;;;;;;;;;;;;x
b_lelitand;Lelitand;;;;;;;;;;;;;x
b_lemoor;Lemoor;;;;;;;;;;;;;x
b_leneva;Leneva;;;;;;;;;;;;;x
b_lenstead;Lenstead;;;;;;;;;;;;;x
b_leomin;Leomin;;;;;;;;;;;;;x
b_lepid;Lepid;;;;;;;;;;;;;x
b_lepidus;Lepidus;;;;;;;;;;;;;x
b_lerik;Lerik;;;;;;;;;;;;;x
b_lesinor;Lesinor;;;;;;;;;;;;;x
b_lesithia;Lesithia;;;;;;;;;;;;;x
b_lesperon;Lesperon;;;;;;;;;;;;;x
b_letterbrick;Letterbrick;;;;;;;;;;;;;x
b_levet;Levet;;;;;;;;;;;;;x
b_lex;Lex;;;;;;;;;;;;;x
b_lexus;Lexus;;;;;;;;;;;;;x
b_leyawiin;Leyawiin;;;;;;;;;;;;;x
b_leysamhal;Leysamhal;;;;;;;;;;;;;x
b_liandao;Liandao;;;;;;;;;;;;;x
b_liberec;Liberec;;;;;;;;;;;;;x
b_libodus;Libodus;;;;;;;;;;;;;x
b_lichfield;Lichfield;;;;;;;;;;;;;x
b_lidwood;Lidwood;;;;;;;;;;;;;x
b_liet;Liet;;;;;;;;;;;;;x
b_lightburn;Lightburn;;;;;;;;;;;;;x
b_lightden;Lightden;;;;;;;;;;;;;x
b_lightfog;Lightfog;;;;;;;;;;;;;x
b_lighthedge;Lighthedge;;;;;;;;;;;;;x
b_lighthurst;Lighthurst;;;;;;;;;;;;;x
b_lightlake;Lightlake;;;;;;;;;;;;;x
b_lightmist;Lightmist;;;;;;;;;;;;;x
b_lillandril;Lillandril;;;;;;;;;;;;;x
b_lillaon;Lillaon;;;;;;;;;;;;;x
b_lillarnor;Lillarnor;;;;;;;;;;;;;x
b_lillene;Lillene;;;;;;;;;;;;;x
b_lilleshall;Lilleshall;;;;;;;;;;;;;x
b_lillheim;Lillheim;;;;;;;;;;;;;x
b_lillon;Lillon;;;;;;;;;;;;;x
b_lillsailen;Lillsailen;;;;;;;;;;;;;x
b_lillwood;Lillwood;;;;;;;;;;;;;x
b_lilmoth;Lilmoth;;;;;;;;;;;;;x
b_limecliff;Limecliff;;;;;;;;;;;;;x
b_linchal;Linchal;;;;;;;;;;;;;x
b_lindai;Lindai;;;;;;;;;;;;;x
b_lindelea;Lindelea;;;;;;;;;;;;;x
b_lindenleaf;Lindenleaf;;;;;;;;;;;;;x
b_lindleya;Lindleya;;;;;;;;;;;;;x
b_lindorn;Lindorn;;;;;;;;;;;;;x
b_lindos;Lindos;;;;;;;;;;;;;x
b_lindsford;Lindsfjord;;;;;;;;;;;;;x
b_linhollow;Linhollow;;;;;;;;;;;;;x
b_lins;Lins;;;;;;;;;;;;;x
b_linsfort;Linsfort;;;;;;;;;;;;;x
b_linwae;Linwae;;;;;;;;;;;;;x
b_lionmane;Lionmane;;;;;;;;;;;;;x
b_lipsandtarn;Lipsand Tarn;;;;;;;;;;;;;x
b_lira;Lira;;;;;;;;;;;;;x
b_liranalt;Liranalt;;;;;;;;;;;;;x
b_liroge;Liroge;;;;;;;;;;;;;x
b_lisala;Lisala;;;;;;;;;;;;;x
b_liscand;Liscand;;;;;;;;;;;;;x
b_lissi;Lissi;;;;;;;;;;;;;x
b_devon;Devon's Watch;;;;;;;;;;;;;x
b_strife;Brothers of Strife;;;;;;;;;;;;;x
b_dhalmora;Dhalmora;;;;;;;;;;;;;x
b_zeren;Zeren;;;;;;;;;;;;;x
b_magmaflow;Magmaflow;;;;;;;;;;;;;x
b_olyve;Olyve;;;;;;;;;;;;;x
b_steamlake;Steamlake;;;;;;;;;;;;;x
b_shadowsilk;Shadowsilk;;;;;;;;;;;;;x
b_softloam;Softloam;;;;;;;;;;;;;x
b_armature;Armature;;;;;;;;;;;;;x
b_tormented;Tormented Spire;;;;;;;;;;;;;x
b_voljar;Voljar;;;;;;;;;;;;;x
b_bitterblade;Bitterblade;;;;;;;;;;;;;x
b_rageclaw;Rageclaw;;;;;;;;;;;;;x
b_hightide;Hightide;;;;;;;;;;;;;x
b_litba;Litba;;;;;;;;;;;;;x
b_senie;Senie;;;;;;;;;;;;;x
b_zabamat;Zabamat;;;;;;;;;;;;;x
b_trolhetta;Trolhetta;;;;;;;;;;;;;x
b_smokefrost;Smokefrost;;;;;;;;;;;;;x
b_sathram;Sathram;;;;;;;;;;;;;x
b_iliath;Iliath;;;;;;;;;;;;;x
b_hrogar;Hrogar's Hold;;;;;;;;;;;;;x
b_sulfur;Sulfur Pools;;;;;;;;;;;;;x
b_greymist;Greymist;;;;;;;;;;;;;x
b_matron_clutch;Matron's Clutch;;;;;;;;;;;;;x
b_davenas;Davenas;;;;;;;;;;;;;x
b_arbor;Arbor;;;;;;;;;;;;;x
b_stonefang;Stonefang;;;;;;;;;;;;;x
b_emberflint;Emberflint;;;;;;;;;;;;;x
b_vivec_antlers;Vivec's Antlers;;;;;;;;;;;;;x
b_ash_mountain;Ash Mountain;;;;;;;;;;;;;x
b_steamfont;Steamfont;;;;;;;;;;;;;x
b_arand;Arand;;;;;;;;;;;;;x
b_litling;Litling;;;;;;;;;;;;;x
b_litor;Litor;;;;;;;;;;;;;x
b_lividur;Lividur;;;;;;;;;;;;;x
b_llaala;Llaala;;;;;;;;;;;;;x
b_llanborough;Ilanborough;;;;;;;;;;;;;x
b_llanowar;Llanowar;;;;;;;;;;;;;x
b_llawrioc;Llawrioc;;;;;;;;;;;;;x
b_lleris;Lleris;;;;;;;;;;;;;x
b_llervi;Llervi;;;;;;;;;;;;;x
b_llervu;Llervu;;;;;;;;;;;;;x
b_lleryn;Lleryn;;;;;;;;;;;;;x
b_llirius;Llirius;;;;;;;;;;;;;x
b_llolruhn;Llolruhn;;;;;;;;;;;;;x
b_lludawiin;Lludawiin;;;;;;;;;;;;;x
b_loaga;Loaga;;;;;;;;;;;;;x
b_loch;Loch;;;;;;;;;;;;;x
b_lochborough;Lochborough;;;;;;;;;;;;;x
b_lochfort;Loch Fort;;;;;;;;;;;;;x
b_lochiron;Lochiron;;;;;;;;;;;;;x
b_lodhire;Lodhire;;;;;;;;;;;;;x
b_loerdag;Loerdag;;;;;;;;;;;;;x
b_logansrun;Logan's Run;;;;;;;;;;;;;x
b_loghain;Loghain;;;;;;;;;;;;;x
b_logvale;Logvale;;;;;;;;;;;;;x
b_lohur;Lohur;;;;;;;;;;;;;x
b_lolthanis;Lolthanis;;;;;;;;;;;;;x
b_lombar;Lombar;;;;;;;;;;;;;x
b_lomelin;Lomelin;;;;;;;;;;;;;x
b_lomilesti;Lomilesti;;;;;;;;;;;;;x
b_lominesti;Lominesti;;;;;;;;;;;;;x
b_lompo;Lompo;;;;;;;;;;;;;x
b_lomta;Lomta;;;;;;;;;;;;;x
b_longa;Longa;;;;;;;;;;;;;x
b_longhaven;Longhaven;;;;;;;;;;;;;x
b_longmont;Longmont;;;;;;;;;;;;;x
b_longus;Longus;;;;;;;;;;;;;x
b_longvale;Longvale;;;;;;;;;;;;;x
b_lor;Lor;;;;;;;;;;;;;x
b_lorbank;Lorbank;;;;;;;;;;;;;x
b_lordland;Lordland;;;;;;;;;;;;;x
b_lordstone;Lordstone;;;;;;;;;;;;;x
b_lordsway;Lord's Way;;;;;;;;;;;;;x
b_lorelia;Lorelia;;;;;;;;;;;;;x
b_lorena;Lorena;;;;;;;;;;;;;x
b_lorentu;Lorentu;;;;;;;;;;;;;x
b_lorfidia;Lorfidia;;;;;;;;;;;;;x
b_lorian;Lorian;;;;;;;;;;;;;x
b_lorient;Lorient;;;;;;;;;;;;;x
b_lorimar;Lorimar;;;;;;;;;;;;;x
b_lorkhan;Lorkhan's Rest;;;;;;;;;;;;;x
b_lormis;Lormis;;;;;;;;;;;;;x
b_lorone;Lorone;;;;;;;;;;;;;x
b_lorthan;Lorthan;;;;;;;;;;;;;x
b_lorview;Lorview;;;;;;;;;;;;;x
b_lorwynne;Lorwynne;;;;;;;;;;;;;x
b_lorywiin;Lorywiin;;;;;;;;;;;;;x
b_losh;Losh;;;;;;;;;;;;;x
b_lostknife;Lostknife;;;;;;;;;;;;;x
b_losttongue;Lost Tongue;;;;;;;;;;;;;x
b_lostvalley;Lost Valley;;;;;;;;;;;;;x
b_lostwithiel;Lostwithiel;;;;;;;;;;;;;x
b_lothian;Lothian;;;;;;;;;;;;;x
b_lothiel;Lothiel;;;;;;;;;;;;;x
b_louga;Louga;;;;;;;;;;;;;x
b_louhans;Louhans;;;;;;;;;;;;;x
b_loverstone;Loverstone;;;;;;;;;;;;;x
b_lowcrest;Lowcrest;;;;;;;;;;;;;x
b_lowertown;Lowertown;;;;;;;;;;;;;x
b_lowmest;Lowmest;;;;;;;;;;;;;x
b_lowpass;Ikimirvuk;;;;;;;;;;;;;x
b_luang;Luang;;;;;;;;;;;;;x
b_lubara;Lubara;;;;;;;;;;;;;x
b_ludenia;Ludenia;;;;;;;;;;;;;x
b_lundshut;Lundshut;;;;;;;;;;;;;x
b_lune;Lune;;;;;;;;;;;;;x
b_lurawiin;Lurawiin;;;;;;;;;;;;;x
b_lurco;Lurco;;;;;;;;;;;;;x
b_lusall;Lusall;;;;;;;;;;;;;x
b_lusat;Lusat;;;;;;;;;;;;;x
b_lusothon;Lusothon;;;;;;;;;;;;;x
b_lustria;Lustria;;;;;;;;;;;;;x
b_luyar;Luyar;;;;;;;;;;;;;x
b_lyander;Lyander;;;;;;;;;;;;;x
b_lycianthes;Lycianthes;;;;;;;;;;;;;x
b_lydglen;Lydglen;;;;;;;;;;;;;x
b_lympar;Lympar;;;;;;;;;;;;;x
b_lyndhurst;Lyndhurst;;;;;;;;;;;;;x
b_lyril;Lyril;;;;;;;;;;;;;x
b_maargan;Maargan;;;;;;;;;;;;;x
b_maberumi;Maberumi;;;;;;;;;;;;;x
b_mabir;Mabir;;;;;;;;;;;;;x
b_macandi;Macandi;;;;;;;;;;;;;x
b_macehead;Macehead;;;;;;;;;;;;;x
b_macer;Macer;;;;;;;;;;;;;x
b_machi;Machi;;;;;;;;;;;;;x
b_machike;Machike;;;;;;;;;;;;;x
b_mackamentain;Mackamentain;;;;;;;;;;;;;x
b_macon;Macon;;;;;;;;;;;;;x
b_macra;Macra;;;;;;;;;;;;;x
b_maddox;Maddox;;;;;;;;;;;;;x
b_madog;Madog;;;;;;;;;;;;;x
b_maejo;Mae Jo;;;;;;;;;;;;;x
b_maekret;Maekret;;;;;;;;;;;;;x
b_maelasi;Ald-Maelasi;;;;;;;;;;;;;x
b_maelasin;Maelasin;;;;;;;;;;;;;x
b_maelkashishi;Maelkashishi;;;;;;;;;;;;;x
b_maenglen;Maenglen;;;;;;;;;;;;;x
b_maeonit;Maeonit;;;;;;;;;;;;;x
b_maerelan;Maerelan;;;;;;;;;;;;;x
b_maerest;Maerest;;;;;;;;;;;;;x
b_maesan;Maesan;;;;;;;;;;;;;x
b_maesot;Maesot;;;;;;;;;;;;;x
b_maessa;Maessa;;;;;;;;;;;;;x
b_maestag;Maestag;;;;;;;;;;;;;x
b_maesuan;Maesuan;;;;;;;;;;;;;x
b_maeta;Maeta;;;;;;;;;;;;;x
b_maetaphut;Maetaphut;;;;;;;;;;;;;x
b_maethong;Maethong;;;;;;;;;;;;;x
b_maetong;Mae Tong;;;;;;;;;;;;;x
b_maeun;Maeun;;;;;;;;;;;;;x
b_maewan;Maewan;;;;;;;;;;;;;x
b_mageholt;Mageholt;;;;;;;;;;;;;x
b_magestone;Magestone;;;;;;;;;;;;;x
b_magia;Magia;;;;;;;;;;;;;x
b_magland;Magland;;;;;;;;;;;;;x
b_magnusil;Magnusil;;;;;;;;;;;;;x
b_magnusstone;Magnusstone;;;;;;;;;;;;;x
b_mahagoon;Mahagoon;;;;;;;;;;;;;x
b_mahakaen;Mahakaen;;;;;;;;;;;;;x
b_mahakhon;Mahakhon;;;;;;;;;;;;;x
b_mahakret;Mahakret;;;;;;;;;;;;;x
b_mahala;Mahala;;;;;;;;;;;;;x
b_mahaong;Mahaong;;;;;;;;;;;;;x
b_mahawat;Mahawat;;;;;;;;;;;;;x
b_mahku;Mahku;;;;;;;;;;;;;x
b_mahoi;Mahoi;;;;;;;;;;;;;x
b_mahtaku;Matahku;;;;;;;;;;;;;x
b_maidenhead;Maidenhead;;;;;;;;;;;;;x
b_maidu;Maidu;;;;;;;;;;;;;x
b_maigny;Maigny;;;;;;;;;;;;;x
b_mainoc;Mainoc;;;;;;;;;;;;;x
b_maji;Maji;;;;;;;;;;;;;x
b_makako;Makako;;;;;;;;;;;;;x
b_makha;Makha;;;;;;;;;;;;;x
b_makwari;Makwari;;;;;;;;;;;;;x
b_mala;Mala;;;;;;;;;;;;;x
b_malada;Malada;;;;;;;;;;;;;x
b_malam;Malam;;;;;;;;;;;;;x
b_malatar;Malatar;;;;;;;;;;;;;x
b_malinae;Malinae;;;;;;;;;;;;;x
b_mallowedge;Mallowedge;;;;;;;;;;;;;x
b_mallowholt;Mallowholt;;;;;;;;;;;;;x
b_malman;Malman;;;;;;;;;;;;;x
b_malok;Malok;;;;;;;;;;;;;x
b_malpas;Malpas;;;;;;;;;;;;;x
b_malvern;Malvern;;;;;;;;;;;;;x
b_mammyl;Mammyl;;;;;;;;;;;;;x
b_mamon;Maman;;;;;;;;;;;;;x
b_manabakir;Manabakir;;;;;;;;;;;;;x
b_manabin;Manabin;;;;;;;;;;;;;x
b_manaek;Manaek;;;;;;;;;;;;;x
b_managri;Managri;;;;;;;;;;;;;x
b_manahir;Manahir;;;;;;;;;;;;;x
b_manaiki;Manaiki;;;;;;;;;;;;;x
b_manamaras;Manamaras;;;;;;;;;;;;;x
b_mananbul;Mananbul;;;;;;;;;;;;;x
b_manarvi;Manarvi;;;;;;;;;;;;;x
b_manasya;Manasya;;;;;;;;;;;;;x
b_manavordu;Manavordu;;;;;;;;;;;;;x
b_manavsa;Manavsa;;;;;;;;;;;;;x
b_mandal;Mandal;;;;;;;;;;;;;x
b_mandlesford;Mandlesford;;;;;;;;;;;;;x
b_mandoril;Manodril;;;;;;;;;;;;;x
b_mandra;Mandra;;;;;;;;;;;;;x
b_mandragora;Mandragora;;;;;;;;;;;;;x
b_mandrake;Mandrake;;;;;;;;;;;;;x
b_maneshab;Maneshab;;;;;;;;;;;;;x
b_manggara;Manggara;;;;;;;;;;;;;x
b_manilu;Manilu;;;;;;;;;;;;;x
b_manip;Manip;;;;;;;;;;;;;x
b_manirdu;Manirdu;;;;;;;;;;;;;x
b_manister;Manister;;;;;;;;;;;;;x
b_manivas;Manivas;;;;;;;;;;;;;x
b_manjung;Manjung;;;;;;;;;;;;;x
b_manna;Manna;;;;;;;;;;;;;x
b_mannammu;Mannammu;;;;;;;;;;;;;x
b_mannheim;Mannheim;;;;;;;;;;;;;x
b_manorheath;Manorheath;;;;;;;;;;;;;x
b_manpar;Manpar;;;;;;;;;;;;;x
b_manraya;Manraya;;;;;;;;;;;;;x
b_manteca;Manteca;;;;;;;;;;;;;x
b_mantu;Mantu;;;;;;;;;;;;;x
b_manua;Manua;;;;;;;;;;;;;x
b_manular;Manular;;;;;;;;;;;;;x
b_maonlaup;Maonlaup;;;;;;;;;;;;;x
b_mapchari;Mapchari;;;;;;;;;;;;;x
b_mapkhamtai;Mapkhamtai;;;;;;;;;;;;;x
b_maplefoe;Maplefoe;;;;;;;;;;;;;x
b_maprong;Maprong;;;;;;;;;;;;;x
b_maragate;Maragate;;;;;;;;;;;;;x
b_marandus;Marandus;;;;;;;;;;;;;x
b_maraon;Maraon;;;;;;;;;;;;;x
b_marathia;Marathia;;;;;;;;;;;;;x
b_marbleden;Marbleden;;;;;;;;;;;;;x
b_marblerose;Marblerose;;;;;;;;;;;;;x
b_marblestone;Marblestone;;;;;;;;;;;;;x
b_marblewater;Marblewater;;;;;;;;;;;;;x
b_marbrook;Marbruk;;;;;;;;;;;;;x
b_marbruk;Marburk;;;;;;;;;;;;;x
b_marcan;Marcan;;;;;;;;;;;;;x
b_marchlyn;Marchlyn;;;;;;;;;;;;;x
b_marchwiel;Marchwiel;;;;;;;;;;;;;x
b_mardagri;Mardagri;;;;;;;;;;;;;x
b_marderon;Marderon;;;;;;;;;;;;;x
b_mardil;Mardil;;;;;;;;;;;;;x
b_mardorfez;Mardorfez;;;;;;;;;;;;;x
b_mardril;Mardril;;;;;;;;;;;;;x
b_marendal;Marendal;;;;;;;;;;;;;x
b_marene;Marene;;;;;;;;;;;;;x
b_marfez;Marfez;;;;;;;;;;;;;x
b_marflats;Marflats;;;;;;;;;;;;;x
b_margen;Margen;;;;;;;;;;;;;x
b_marghor;Marghor;;;;;;;;;;;;;x
b_margrancori;Margrancori;;;;;;;;;;;;;x
b_margvulk;Margvulk;;;;;;;;;;;;;x
b_marigny;Marigny;;;;;;;;;;;;;x
b_markarth;Markarth;;;;;;;;;;;;;x
b_marken;Marken;;;;;;;;;;;;;x
b_markethall;Markethall;;;;;;;;;;;;;x
b_markgard;Markgard;;;;;;;;;;;;;x
b_markgran;Markgran;;;;;;;;;;;;;x
b_markmont;Markmont;;;;;;;;;;;;;x
b_markrund;Markrund;;;;;;;;;;;;;x
b_markstone;Markstone;;;;;;;;;;;;;x
b_markthal;Markthal;;;;;;;;;;;;;x
b_markwasten;Markwasten;;;;;;;;;;;;;x
b_marlacas;Marlacas;;;;;;;;;;;;;x
b_marmont;Marmont;;;;;;;;;;;;;x
b_marnandril;Marnandril;;;;;;;;;;;;;x
b_marncan;Marncan;;;;;;;;;;;;;x
b_marnchen;Marnchen;;;;;;;;;;;;;x
b_marndil;Marndil;;;;;;;;;;;;;x
b_marnguard;Marnguard;;;;;;;;;;;;;x
b_marnorkeep;Marnor Keep;;;;;;;;;;;;;x
b_marnsailen;Marnsailen;;;;;;;;;;;;;x
b_marnwast;Marnwast;;;;;;;;;;;;;x
b_marnwatch;Marnwatch;;;;;;;;;;;;;x
b_marnwood;Marnwood;;;;;;;;;;;;;x
b_marog;Marog;;;;;;;;;;;;;x
b_marr;Marr;;;;;;;;;;;;;x
b_marrest;Marrest;;;;;;;;;;;;;x
b_marshals;Marshal's ;;;;;;;;;;;;;x
b_marshalsfort;Marshals Fort;;;;;;;;;;;;;x
b_marshbush;Marshbush;;;;;;;;;;;;;x
b_marshlocks;Marshlocks;;;;;;;;;;;;;x
b_marshwell;Marshwell;;;;;;;;;;;;;x
b_marspanga;Marspanga;;;;;;;;;;;;;x
b_marthor;Marthor;;;;;;;;;;;;;x
b_marzaman;Marzaman;;;;;;;;;;;;;x
b_masad;Masad;;;;;;;;;;;;;x
b_masaly;Masaly;;;;;;;;;;;;;x
b_masara;Masara;;;;;;;;;;;;;x
b_masat;Masat;;;;;;;;;;;;;x
b_mascori;Mascori;;;;;;;;;;;;;x
b_masdorn;Masdorn;;;;;;;;;;;;;x
b_mashamir;Mashamir;;;;;;;;;;;;;x
b_mashi;Mashi;;;;;;;;;;;;;x
b_mashid;Mashid;;;;;;;;;;;;;x
b_mashimir;Mash'Imir;;;;;;;;;;;;;x
b_mashor;Mashor;;;;;;;;;;;;;x
b_masorval;Masorval;;;;;;;;;;;;;x
b_massuna;Massuna;;;;;;;;;;;;;x
b_masteirvale;Masteirvale;;;;;;;;;;;;;x
b_mastrove;Mastrove;;;;;;;;;;;;;x
b_mata;Mata;;;;;;;;;;;;;x
b_mataetas;Mataestas;;;;;;;;;;;;;x
b_matahku;Matahku;;;;;;;;;;;;;x
b_matama;Matama;;;;;;;;;;;;;x
b_matane;Matane;;;;;;;;;;;;;x
b_math;Math;;;;;;;;;;;;;x
b_mathiel;Mathiel;;;;;;;;;;;;;x
b_matiari;Matiari;;;;;;;;;;;;;x
b_matlab;Matlab;;;;;;;;;;;;;x
b_matldu;Matldu;;;;;;;;;;;;;x
b_matlli;Matlli;;;;;;;;;;;;;x
b_matyliya;Matyliya;;;;;;;;;;;;;x
b_mauaq;Mauaq;;;;;;;;;;;;;x
b_mausur;Mausur;;;;;;;;;;;;;x
b_mautas;Mautas;;;;;;;;;;;;;x
b_mavikara;Mavikara;;;;;;;;;;;;;x
b_mavikaram;Mavikaram;;;;;;;;;;;;;x
b_maw;Maw;;;;;;;;;;;;;x
b_mawachika;Mawachika;;;;;;;;;;;;;x
b_mayaq;Mayaq;;;;;;;;;;;;;x
b_maydh;Maydh;;;;;;;;;;;;;x
b_mayhirst;Mayhirst;;;;;;;;;;;;;x
b_meadleaf;Meadleaf;;;;;;;;;;;;;x
b_meadowsweet;Meadowsweet;;;;;;;;;;;;;x
b_meander;Meander;;;;;;;;;;;;;x
b_meang;Meang;;;;;;;;;;;;;x
b_measham;Measham;;;;;;;;;;;;;x
b_medaram;Medaram;;;;;;;;;;;;;x
b_medenb;Medenb;;;;;;;;;;;;;x
b_media;Media;;;;;;;;;;;;;x
b_medilo;Medilo;;;;;;;;;;;;;x
b_medora;Medora;;;;;;;;;;;;;x
b_medulin;Medulin;;;;;;;;;;;;;x
b_medung;Medung;;;;;;;;;;;;;x
b_mehmet;Mehmet;;;;;;;;;;;;;x
b_meiraster;Meiraster;;;;;;;;;;;;;x
b_meirhall;Meirhall;;;;;;;;;;;;;x
b_meirhor;Meirhor;;;;;;;;;;;;;x
b_meirlynmount;Meir Lynmount;;;;;;;;;;;;;x
b_meirplace;Meirplace;;;;;;;;;;;;;x
b_meirrest;Meirrest;;;;;;;;;;;;;x
b_mekaya;Mekaya;;;;;;;;;;;;;x
b_meku;Meku;;;;;;;;;;;;;x
b_melfast;Melfast;;;;;;;;;;;;;x
b_melynyln;Melynyln;;;;;;;;;;;;;x
b_memorial;Memorial;;;;;;;;;;;;;x
b_memrove;Memrove;;;;;;;;;;;;;x
b_mena;Mena;;;;;;;;;;;;;x
b_mendar;Mendar;;;;;;;;;;;;;x
b_menerat;Menerat;;;;;;;;;;;;;x
b_menevia;Menevia;;;;;;;;;;;;;x
b_meney;Meney;;;;;;;;;;;;;x
b_menithinor;Menithinor;;;;;;;;;;;;;x
b_menoruhn;Menoruhn;;;;;;;;;;;;;x
b_menteiga;Menteiga;;;;;;;;;;;;;x
b_transitus;Transitus;;;;;;;;;;;;;x
b_meraha;Meraha;;;;;;;;;;;;;x
b_meralang;Meralang;;;;;;;;;;;;;x
b_meranter;Meranter;;;;;;;;;;;;;x
b_merasat;Merasat;;;;;;;;;;;;;x
b_merawesi;Merawesi;;;;;;;;;;;;;x
b_merga;Merga;;;;;;;;;;;;;x
b_mergrove;Mergrove;;;;;;;;;;;;;x
b_mergus;Mergus;;;;;;;;;;;;;x
b_merick;Merick;;;;;;;;;;;;;x
b_meriel;Meriel;;;;;;;;;;;;;x
b_merkel;Merkel;;;;;;;;;;;;;x
b_merkewaar;Me'rkewaar;;;;;;;;;;;;;x
b_mermoth;Mermoth;;;;;;;;;;;;;x
b_meroe;Meroe;;;;;;;;;;;;;x
b_merowald;Merowald;;;;;;;;;;;;;x
b_merriford;Merriford;;;;;;;;;;;;;x
b_merryfair;Merryfair;;;;;;;;;;;;;x
b_mersa;Mersa;;;;;;;;;;;;;x
b_merten;Merten;;;;;;;;;;;;;x
b_mervans;Mervans;;;;;;;;;;;;;x
b_merwood;Merwood;;;;;;;;;;;;;x
b_mesnil;Mesnil;;;;;;;;;;;;;x
b_mestras;Mestras;;;;;;;;;;;;;x
b_meta;Meta;;;;;;;;;;;;;x
b_meyglen;Meyglen;;;;;;;;;;;;;x
b_meyrin;Meyrin;;;;;;;;;;;;;x
b_mhaswad;Mhaswad;;;;;;;;;;;;;x
b_miali;Miali;;;;;;;;;;;;;x
b_miannodoxou;Miannodoxou;;;;;;;;;;;;;x
b_miarenus;Miarenus;;;;;;;;;;;;;x
b_mida;Mida;;;;;;;;;;;;;x
b_midaves;Midaves;;;;;;;;;;;;;x
b_midborne;Midborne;;;;;;;;;;;;;x
b_middlemarch;Middlemarch;;;;;;;;;;;;;x
b_midgard;Midgard;;;;;;;;;;;;;x
b_midinhal;Midinhal;;;;;;;;;;;;;x
b_midvale;Midvale;;;;;;;;;;;;;x
b_miko;Miko;;;;;;;;;;;;;x
b_milchar;Milchar;;;;;;;;;;;;;x
b_mildor;Mildor;;;;;;;;;;;;;x
b_milford;Milford;;;;;;;;;;;;;x
b_milsha;Milsha;;;;;;;;;;;;;x
b_mimizan;Mimizan;;;;;;;;;;;;;x
b_mimmen;Mimmen;;;;;;;;;;;;;x
b_mimui;Mimui;;;;;;;;;;;;;x
b_minabi;Minabi;;;;;;;;;;;;;x
b_minanter;Minanter;;;;;;;;;;;;;x
b_minera;Minera;;;;;;;;;;;;;x
b_minerva;Minerva;;;;;;;;;;;;;x
b_minfyk;Minfyk;;;;;;;;;;;;;x
b_mingo;Mingo;;;;;;;;;;;;;x
b_mingyang;Mingyang;;;;;;;;;;;;;x
b_minlur;Minlur;;;;;;;;;;;;;x
b_minodon;Minodon;;;;;;;;;;;;;x
b_minoshaft;Minoshaft;;;;;;;;;;;;;x
b_minsiar;Minsiar;;;;;;;;;;;;;x
b_mira;Mira;;;;;;;;;;;;;x
b_mirnaraa;Mirnaraa;;;;;;;;;;;;;x
b_mirpal;Mirpal;;;;;;;;;;;;;x
b_mirpur;Mirpur;;;;;;;;;;;;;x
b_mirrormere;Mirrormere;;;;;;;;;;;;;x
b_miscarand;Miscarand;;;;;;;;;;;;;x
b_miscarcand;Miscarcand;;;;;;;;;;;;;x
b_miscaron;Miscaron;;;;;;;;;;;;;x
b_mistmoor;Mistmoor;;;;;;;;;;;;;x
b_mistveil;Mistveil Keep;;;;;;;;;;;;;x
b_mistwatch;Mistwatch;;;;;;;;;;;;;x
b_mistysands;Mistysands;;;;;;;;;;;;;x
b_mitelfen;Mitelfen;;;;;;;;;;;;;x
b_mitelrun;Mitelrun;;;;;;;;;;;;;x
b_mithcorel;Mithcorel;;;;;;;;;;;;;x
b_mithinrill;Mithinrill;;;;;;;;;;;;;x
b_mithlake;Mithlake;;;;;;;;;;;;;x
b_mitleran;Mitleran;;;;;;;;;;;;;x
b_mittelwalk;Mittelwalk;;;;;;;;;;;;;x
b_mivsha;Mivsha;;;;;;;;;;;;;x
b_miwend;Miwend;;;;;;;;;;;;;x
b_mixwater;Mixwater;;;;;;;;;;;;;x
b_mizuki;Mizuki;;;;;;;;;;;;;x
b_mjhar;M'jhar;;;;;;;;;;;;;x
b_mjoldrod;Mjoldrod;;;;;;;;;;;;;x
b_mochnant;Mochnant;;;;;;;;;;;;;x
b_moctezuma;Moctezuma;;;;;;;;;;;;;x
b_moesvil;Moesvil;;;;;;;;;;;;;x
b_mofary;Mofary;;;;;;;;;;;;;x
b_mogeja;Mogeja;;;;;;;;;;;;;x
b_mohorum;Mohorum;;;;;;;;;;;;;x
b_mokolo;Mokolo;;;;;;;;;;;;;x
b_molagmar;Molag Mar;;;;;;;;;;;;;x
b_monain;Monain;;;;;;;;;;;;;x
b_mongka;Mongka;;;;;;;;;;;;;x
b_mongsao;Mongsao;;;;;;;;;;;;;x
b_monkshood;Monkshood;;;;;;;;;;;;;x
b_monrovia;Monrovia;;;;;;;;;;;;;x
b_monsea;Monsea;;;;;;;;;;;;;x
b_montauban;Montauban;;;;;;;;;;;;;x
b_montriond;Montriond;;;;;;;;;;;;;x
b_moonglade;Moonglade;;;;;;;;;;;;;x
b_moonglow;Moonglow;;;;;;;;;;;;;x
b_moonguard;Moonguard;;;;;;;;;;;;;x
b_moonmarch;Moonmarch;;;;;;;;;;;;;x
b_jathsogur;Jathsogur;;;;;;;;;;;;;x
b_moonmoth;Jathsoguric;;;;;;;;;;;;;x
b_moonsight;Moonsight;;;;;;;;;;;;;x
b_thalo;Thalo;;;;;;;;;;;;;x
b_qorwyn;Qorwyn;;;;;;;;;;;;;x
b_olquar;Olquar;;;;;;;;;;;;;x
b_arondar;Arondar;;;;;;;;;;;;;x
b_argoth;Argoth;;;;;;;;;;;;;x
b_brimber;Brimber;;;;;;;;;;;;;x
b_tanis;Tanis;;;;;;;;;;;;;x
b_celembrimbor;Celembrimbor;;;;;;;;;;;;;x
b_vandor;Vandor;;;;;;;;;;;;;x
b_fenril;Fenril;;;;;;;;;;;;;x
b_beredrimdor;Beredrimdor;;;;;;;;;;;;;x
b_aicantir;Aicantir;;;;;;;;;;;;;x
b_alantis;Alantis;;;;;;;;;;;;;x
b_peridor;Peridor;;;;;;;;;;;;;x
b_andrasta;Andrasta;;;;;;;;;;;;;x
b_varalladan;Varalladan;;;;;;;;;;;;;x
b_clothos;Clothos;;;;;;;;;;;;;x
b_minerva;Minerva;;;;;;;;;;;;;x
b_ops;Ops;;;;;;;;;;;;;x
b_orton;Orton;;;;;;;;;;;;;x
b_sarunar;Sarunar;;;;;;;;;;;;;x
b_norion;Norion;;;;;;;;;;;;;x
b_sinyarador;Sinyarador;;;;;;;;;;;;;x
b_halion;Halion;;;;;;;;;;;;;x
b_gorne;Gorne;;;;;;;;;;;;;x
b_bleakrock;Bleakrock;;;;;;;;;;;;;x
b_hozzin;Hozzin's Folly;;;;;;;;;;;;;x
b_paddlefloe;Paddlefloe;;;;;;;;;;;;;x
b_skyshroud_bleakrock;Skyshroud;;;;;;;;;;;;;x
b_frostedge;Frostedge;;;;;;;;;;;;;x
b_haldrin;Haldriin's Point;;;;;;;;;;;;;x
b_orkey_hollow;Orkey's Hollow;;;;;;;;;;;;;x
b_last_rest;Last Rest;;;;;;;;;;;;;x
b_sandil;Sandil;;;;;;;;;;;;;x
b_vissamu;Vissamu;;;;;;;;;;;;;x
b_gormoro;Gormoro;;;;;;;;;;;;;x
b_rendays;Rendays;;;;;;;;;;;;;x
b_tharis;Tharis;;;;;;;;;;;;;x
b_bariel;Bariel;;;;;;;;;;;;;x
b_methalas;Methalas;;;;;;;;;;;;;x
b_laughing_moon;Laughing Moons;;;;;;;;;;;;;x
b_windcatcher;Windcatcher;;;;;;;;;;;;;x
b_eaglestrand;Eagle's Strand;;;;;;;;;;;;;x
b_speckledshell;Speckled Shell;;;;;;;;;;;;;x
b_hazakhollow;Hazak's Hollow;;;;;;;;;;;;;x
b_ridtharsolace;Rid-thar's Solace;;;;;;;;;;;;;x
b_mistral;Mistral;;;;;;;;;;;;;x
b_hayden;Hayden;;;;;;;;;;;;;x
b_darkmoon_temple;Dark-Moon;;;;;;;;;;;;;x
b_crescent_moon_temple;Crescent-Moons;;;;;;;;;;;;;x
b_mourning_spring_temple;Mourning-Spring;;;;;;;;;;;;;x
b_two_moons_dance;Two-Moons-Dance;;;;;;;;;;;;;x
c_olenveld;Olenveld;;;;;;;;;;;;;x
c_olenveld_adj;Olenvelder;;;;;;;;;;;;;x
b_olenveld;Olenveld;;;;;;;;;;;;;x
b_roerich;Roerich;;;;;;;;;;;;;x
b_nyker;Nyker;;;;;;;;;;;;;x
b_povel;Povel;;;;;;;;;;;;;x
b_herred;Herred;;;;;;;;;;;;;x
b_svanholm;Svanholm;;;;;;;;;;;;;x
b_kore;Kore;;;;;;;;;;;;;x
b_herlev;Herlev;;;;;;;;;;;;;x
b_bonveld;Bonveld;;;;;;;;;;;;;x
b_moonsweet;Moonsweet;;;;;;;;;;;;;x
b_moorfog;Moorfog;;;;;;;;;;;;;x
b_moorwatch;Moorwatch;;;;;;;;;;;;;x
b_mopti;Mopti;;;;;;;;;;;;;x
b_mora;Mora;;;;;;;;;;;;;x
b_moraak;Moraak;;;;;;;;;;;;;x
b_morahame;Morahame;;;;;;;;;;;;;x
b_moraheim;Moraheim;;;;;;;;;;;;;x
b_morahunn;Morahunn;;;;;;;;;;;;;x
b_moranda;Moranda;;;;;;;;;;;;;x
b_morbi;Morbi;;;;;;;;;;;;;x
b_morcliff;Morcliff;;;;;;;;;;;;;x
b_morcroft;Morcroft;;;;;;;;;;;;;x
b_morda;Morda;;;;;;;;;;;;;x
b_morddu;Morddu;;;;;;;;;;;;;x
b_mordin;Mordin;;;;;;;;;;;;;x
b_morgan;Morgan;;;;;;;;;;;;;x
b_morgard;Morgard;;;;;;;;;;;;;x
b_morgate;Morgate;;;;;;;;;;;;;x
b_morglyn;Morglyn;;;;;;;;;;;;;x
b_morillon;Morillon;;;;;;;;;;;;;x
b_morlais;Morlais;;;;;;;;;;;;;x
b_morness;Morness;;;;;;;;;;;;;x
b_morstead;Morstead;;;;;;;;;;;;;x
b_mortar;Mortar;;;;;;;;;;;;;x
b_morthal;Morthal;;;;;;;;;;;;;x
b_morvath;Morvath;;;;;;;;;;;;;x
b_morvayn;Morvayn;;;;;;;;;;;;;x
b_morvungrav;Morvungrav;;;;;;;;;;;;;x
b_morvunhall;Morvunhall;;;;;;;;;;;;;x
b_morvunrun;Morvunrun;;;;;;;;;;;;;x
b_morvunskar;Morvunskar;;;;;;;;;;;;;x
b_morwha;Morwha;;;;;;;;;;;;;x
b_moscrea;Moscrea;;;;;;;;;;;;;x
b_mosfells;Mosfells;;;;;;;;;;;;;x
b_moslin;Moslin;;;;;;;;;;;;;x
b_mosser;Mosser;;;;;;;;;;;;;x
b_mossmother;Mossmother;;;;;;;;;;;;;x
b_mossrock;Mossrock;;;;;;;;;;;;;x
b_mostin;Mostin;;;;;;;;;;;;;x
b_mosylon;Mosylon;;;;;;;;;;;;;x
b_motherwort;Motherwort;;;;;;;;;;;;;x
b_mothmarsh;Moth Marsh;;;;;;;;;;;;;x
b_mothra;Mothra;;;;;;;;;;;;;x
b_mothreach;Mothreach;;;;;;;;;;;;;x
b_mothriva;Tel Mothriva;;;;;;;;;;;;;x
b_moundu;Moundu;;;;;;;;;;;;;x
b_mountainmeet;Mountains' Meet;;;;;;;;;;;;;x
b_mountainsfoot;Mountainsfoot;;;;;;;;;;;;;x
b_mournhold;Mournhold;;;;;;;;;;;;;x
b_mournoth;Mournoth;;;;;;;;;;;;;x
b_moyon;Moyon;;;;;;;;;;;;;x
b_muchal;Muchal;;;;;;;;;;;;;x
b_muckmuir;Muckmuir;;;;;;;;;;;;;x
b_muckvalley;Muck Valley;;;;;;;;;;;;;x
b_mudin;Mudin;;;;;;;;;;;;;x
b_mudldnai;Mudldnai;;;;;;;;;;;;;x
b_mudmarsh;Mud Marsh;;;;;;;;;;;;;x
b_mudnliya;Mudnliya;;;;;;;;;;;;;x
b_mudrock;Mudrock;;;;;;;;;;;;;x
b_mudspring;Mudspring;;;;;;;;;;;;;x
b_mugla;Mugla;;;;;;;;;;;;;x
b_muha;Muha;;;;;;;;;;;;;x
b_muietra;Muietra;;;;;;;;;;;;;x
b_mujum;Mujum;;;;;;;;;;;;;x
b_muk;Muk;;;;;;;;;;;;;x
b_mukduhan;Mukduhan;;;;;;;;;;;;;x
b_mulheim;Mulheim;;;;;;;;;;;;;x
b_mullan;Mullan;;;;;;;;;;;;;x
b_mullois;Mullois;;;;;;;;;;;;;x
b_mundra;Mundra;;;;;;;;;;;;;x
b_munod;Munod;;;;;;;;;;;;;x
b_muramori;Muramori;;;;;;;;;;;;;x
b_murena;Murena;;;;;;;;;;;;;x
b_murkwater;Murkwater;;;;;;;;;;;;;x
b_murkwood;Murkwood;;;;;;;;;;;;;x
b_murmel;Murmel;;;;;;;;;;;;;x
b_murrecand;Murrecand;;;;;;;;;;;;;x
b_murzuq;Murzuq;;;;;;;;;;;;;x
b_mus;Mus;;;;;;;;;;;;;x
b_musehir;Musehir;;;;;;;;;;;;;x
b_mushtif;Mushtif;;;;;;;;;;;;;x
b_musorfez;Musorfez;;;;;;;;;;;;;x
b_muszon;Muszon;;;;;;;;;;;;;x
b_muszurum;Muszurum;;;;;;;;;;;;;x
b_mutan;Mutan;;;;;;;;;;;;;x
b_muthada;Tel Muthada;;;;;;;;;;;;;x
b_mutia;Mutia;;;;;;;;;;;;;x
b_myaryomyo;Myaryomyo;;;;;;;;;;;;;x
b_mynisera;Minysera;;;;;;;;;;;;;x
b_myrkdyr;Myrkdyr;;;;;;;;;;;;;x
b_myrkfjalldyr;Myrkfjalldyr;;;;;;;;;;;;;x
b_myrkvatn;Myrkvatn;;;;;;;;;;;;;x
b_myrkwasa;Myrkwasa;;;;;;;;;;;;;x
b_myrtel;Myrtel;;;;;;;;;;;;;x
b_mzahnch;Mzahnch;;;;;;;;;;;;;x
b_mzuleft;Mzuleft;;;;;;;;;;;;;x
b_mzulft;Mzulft;;;;;;;;;;;;;x
b_naariir;Naariir;;;;;;;;;;;;;x
b_nabammu;Nabammu;;;;;;;;;;;;;x
b_nabhima;Nabhima;;;;;;;;;;;;;x
b_nabia;Nabia;;;;;;;;;;;;;x
b_nabima;Nabima;;;;;;;;;;;;;x
b_nabos;Nabos;;;;;;;;;;;;;x
b_nabtsyi;Nabtsyi;;;;;;;;;;;;;x
b_naburi;Naburi;;;;;;;;;;;;;x
b_nab_vsezhou;Nab-Vsezhou;;;;;;;;;;;;;x
b_nacand;Nacand;;;;;;;;;;;;;x
b_nachanaburi;Nachanaburi;;;;;;;;;;;;;x
b_nachit;Nachit;;;;;;;;;;;;;x
b_nadahan;Nadahan;;;;;;;;;;;;;x
b_naftalan;Naftalan;;;;;;;;;;;;;x
b_nagad;Nagad;;;;;;;;;;;;;x
b_nagastani;Nagastani;;;;;;;;;;;;;x
b_nagawa;Nagawa;;;;;;;;;;;;;x
b_nahagi;Nahagi;;;;;;;;;;;;;x
b_nairquey;Nairquey;;;;;;;;;;;;;x
b_nakasu;Nakasu;;;;;;;;;;;;;x
b_nakchiang;Nakchiang;;;;;;;;;;;;;x
b_nakhonchanaburi;Nakhonchanaburi;;;;;;;;;;;;;x
b_nakhonkaen;Nakhonkaen;;;;;;;;;;;;;x
b_nakhonsuan;Nakhonsuan;;;;;;;;;;;;;x
b_naki;Naki;;;;;;;;;;;;;x
b_nakin;Nakin;;;;;;;;;;;;;x
b_nakok;Nakok;;;;;;;;;;;;;x
b_naksuan;Naksuan;;;;;;;;;;;;;x
b_naktarana;Naktaran;;;;;;;;;;;;;x
b_nakurdi;Nakurdi;;;;;;;;;;;;;x
b_nalirsov;Nalirsov;;;;;;;;;;;;;x
b_nalsar;Zanzar;;;;;;;;;;;;;x
b_namai;Namai;;;;;;;;;;;;;x
b_namaj;Namaj;;;;;;;;;;;;;x
b_namien;Namien;;;;;;;;;;;;;x
b_namiil;Namiil;;;;;;;;;;;;;x
b_namilam;Namilam;;;;;;;;;;;;;x
b_namiras;Mafrepar;;;;;;;;;;;;;x
b_nammu;Nammu;;;;;;;;;;;;;x
b_naneuli;Naneuli;;;;;;;;;;;;;x
b_nanieha;Nanieha;;;;;;;;;;;;;x
b_nanohon;Nanohon;;;;;;;;;;;;;x
b_nanom;Na Nom;;;;;;;;;;;;;x
b_nanon;Nanon;;;;;;;;;;;;;x
b_nanpong;Nanpong;;;;;;;;;;;;;x
b_nantong;Nantong;;;;;;;;;;;;;x
b_napata;Napata;;;;;;;;;;;;;x
b_narahi;Narahi;;;;;;;;;;;;;x
b_naral;Naral;;;;;;;;;;;;;x
b_narasak;Narasak;;;;;;;;;;;;;x
b_narathiwat;Narathiwat;;;;;;;;;;;;;x
b_naravine;Naravine;;;;;;;;;;;;;x
b_nardurin;Nardurin;;;;;;;;;;;;;x
b_nare;Nare;;;;;;;;;;;;;x
b_narfinsel;Narfinsel;;;;;;;;;;;;;x
b_narhan;Narhan;;;;;;;;;;;;;x
b_narhold;Narhold;;;;;;;;;;;;;x
b_narke;Narke;;;;;;;;;;;;;x
b_narkhed;Narkhed;;;;;;;;;;;;;x
b_narmaxia;Narmaxia;;;;;;;;;;;;;x
b_narmora;Narmora;;;;;;;;;;;;;x
b_narrin;Narrin;;;;;;;;;;;;;x
b_narrowbay;Narrowbay;;;;;;;;;;;;;x
b_narrusa;Tel Narrusa;;;;;;;;;;;;;x
b_narshad;Nar-Shad;;;;;;;;;;;;;x
b_narsil;Narsil;;;;;;;;;;;;;x
b_narsis;Narsis;;;;;;;;;;;;;x
b_narthan;Narthan;;;;;;;;;;;;;x
b_narthar;Narthar;;;;;;;;;;;;;x
b_narxia;Narxia;;;;;;;;;;;;;x
b_nasan;Na San;;;;;;;;;;;;;x
b_naso;Naso;;;;;;;;;;;;;x
b_nata;Na Ta;;;;;;;;;;;;;x
b_nata;Nata;;;;;;;;;;;;;x
b_nath;Nath;;;;;;;;;;;;;x
b_natharja;Natharja;;;;;;;;;;;;;x
b_nathect;Nathect;;;;;;;;;;;;;x
b_nathong;Na Thong;;;;;;;;;;;;;x
b_natrang;Na Trang;;;;;;;;;;;;;x
b_naunios;Naunios;;;;;;;;;;;;;x
b_navare;Navare;;;;;;;;;;;;;x
b_navean;Navean;;;;;;;;;;;;;x
b_navinit;Navinit;;;;;;;;;;;;;x
b_nayon;Nayon;;;;;;;;;;;;;x
b_nazome;Nazome;;;;;;;;;;;;;x
b_nchuleftingth;Nchuleftingth;;;;;;;;;;;;;x
b_ndeme;Ndeme;;;;;;;;;;;;;x
b_ndeut;Nde'ut;;;;;;;;;;;;;x
b_necan;Necan;;;;;;;;;;;;;x
b_necasa;Necasa;;;;;;;;;;;;;x
b_necaxia;Necaxia;;;;;;;;;;;;;x
b_necora;Necora;;;;;;;;;;;;;x
b_necrin;Necrin;;;;;;;;;;;;;x
b_necrom;Necrom Necropolis;;;;;;;;;;;;;x
b_necronom;Necronom;;;;;;;;;;;;;x
b_necusa;Necusa;;;;;;;;;;;;;x
b_nedekyo;Nedekyo;;;;;;;;;;;;;x
b_nedene;Nedene;;;;;;;;;;;;;x
b_nefari;Nefari;;;;;;;;;;;;;x
b_nehanden;Nehanden;;;;;;;;;;;;;x
b_nehurdamz;Nehurdamz;;;;;;;;;;;;;x
b_nekeo;Nekeo;;;;;;;;;;;;;x
b_nemoi;Nemoi;;;;;;;;;;;;;x
b_nenalata;Nenalata;;;;;;;;;;;;;x
b_nendir;Nendir;;;;;;;;;;;;;x
b_neneosi;Neneosi;;;;;;;;;;;;;x
b_nenyond;Nenyond;;;;;;;;;;;;;x
b_nephele;Nephele;;;;;;;;;;;;;x
b_neqorval;Neqorval;;;;;;;;;;;;;x
b_nequinal;Ne Quin-Al;;;;;;;;;;;;;x
b_nequinor;Nequinor;;;;;;;;;;;;;x
b_nequinorn;Nequinorn;;;;;;;;;;;;;x
b_nera;Nera;;;;;;;;;;;;;x
b_nerethi;Nerethi;;;;;;;;;;;;;x
b_nerva;Nerva;;;;;;;;;;;;;x
b_nethre;Nethre;;;;;;;;;;;;;x
b_netley;Netley;;;;;;;;;;;;;x
b_nettleshin;Nettleshin;;;;;;;;;;;;;x
b_nettlespark;Nettlespark;;;;;;;;;;;;;x
b_neugrad;Neugrad;;;;;;;;;;;;;x
b_neumark;Neumark;;;;;;;;;;;;;x
b_neverais;Neverais;;;;;;;;;;;;;x
b_nevsehir;Nevsehir;;;;;;;;;;;;;x
b_newbank;Newbank;;;;;;;;;;;;;x
b_newcastle;Newcastle;;;;;;;;;;;;;x
b_newcork;Newcork;;;;;;;;;;;;;x
b_newdeer;Newdeer;;;;;;;;;;;;;x
b_newick;Newick;;;;;;;;;;;;;x
b_newley;Newley;;;;;;;;;;;;;x
b_newmarket;Newmarket;;;;;;;;;;;;;x
b_newmere;Newmere;;;;;;;;;;;;;x
b_newood;Newood;;;;;;;;;;;;;x
b_newspring;Newspring;;;;;;;;;;;;;x
b_newton;Newton;;;;;;;;;;;;;x
b_neyderhal;Neyderhal;;;;;;;;;;;;;x
b_ngami;Ngami;;;;;;;;;;;;;x
b_ngasta;N'gasta;;;;;;;;;;;;;x
b_ngiro;Ngiro;;;;;;;;;;;;;x
b_ngot;Ngot;;;;;;;;;;;;;x
b_nicandra;Nicandra;;;;;;;;;;;;;x
b_nidali;Nidali;;;;;;;;;;;;;x
b_nidhogg;Nidhoggr;;;;;;;;;;;;;x
b_nidur;Nidur;;;;;;;;;;;;;x
b_niflheim;Niflheim;;;;;;;;;;;;;x
b_niger;Niger;;;;;;;;;;;;;x
b_nightcaller;Nightcaller;;;;;;;;;;;;;x
b_nighteye;Nighteye;;;;;;;;;;;;;x
b_nightgate;Nightgate;;;;;;;;;;;;;x
b_nightingale;Nightingale;;;;;;;;;;;;;x
b_nightshade;Nightshade;;;;;;;;;;;;;x
b_nightside;Nightside;;;;;;;;;;;;;x
b_nihyupi;Nihyupi;;;;;;;;;;;;;x
b_nikel;Nikel;;;;;;;;;;;;;x
b_nilandel;Nilandel;;;;;;;;;;;;;x
b_nilgen;Nilgen;;;;;;;;;;;;;x
b_nilheim;Nilheim;;;;;;;;;;;;;x
b_nilimir;Nilimir;;;;;;;;;;;;;x
b_nilrund;Nilrund;;;;;;;;;;;;;x
b_nilwind;Nilwind;;;;;;;;;;;;;x
b_nimbel;Nimbel;;;;;;;;;;;;;x
b_nimgon;Nimgon;;;;;;;;;;;;;x
b_ninendava;Ninendava;;;;;;;;;;;;;x
b_nippur;Nippur;;;;;;;;;;;;;x
b_nir;Nir;;;;;;;;;;;;;x
b_nira;Nira;;;;;;;;;;;;;x
b_nirich;Nirich;;;;;;;;;;;;;x
b_nirnroot;Nirnroot;;;;;;;;;;;;;x
b_niryastare;Niryastare;;;;;;;;;;;;;x
b_nisak;Nisak;;;;;;;;;;;;;x
b_niscemi;Niscemi;;;;;;;;;;;;;x
b_nishi;Nishi;;;;;;;;;;;;;x
b_nisi;Nisi;;;;;;;;;;;;;x
b_nisibis;Nisibis;;;;;;;;;;;;;x
b_nisin;Nisin;;;;;;;;;;;;;x
b_nisu;Nisu;;;;;;;;;;;;;x
b_nithiam;Nithiam;;;;;;;;;;;;;x
b_nizmani;Nizmani;;;;;;;;;;;;;x
b_nkay;N'kay;;;;;;;;;;;;;x
b_nobleshead;Nobleshead;;;;;;;;;;;;;x
b_nocri;Nocri;;;;;;;;;;;;;x
b_nod;Nod;;;;;;;;;;;;;x
b_nodagard;Nodagard;;;;;;;;;;;;;x
b_nofey;Nofey;;;;;;;;;;;;;x
b_nohoki;Nohoki;;;;;;;;;;;;;x
b_nolana;Nolana;;;;;;;;;;;;;x
b_noldinhal;Noldinhal;;;;;;;;;;;;;x
b_nomagi;Nomagi;;;;;;;;;;;;;x
b_nomem;Nomem;;;;;;;;;;;;;x
b_nomore;Nomore;;;;;;;;;;;;;x
b_nongun;Nongun;;;;;;;;;;;;;x
b_noni;Moni;;;;;;;;;;;;;x
b_nonungalo;Nonungalo;;;;;;;;;;;;;x
b_nonwyll;Nonwyll;;;;;;;;;;;;;x
b_noquinal;Noquinal;;;;;;;;;;;;;x
b_noranda;Noranda;;;;;;;;;;;;;x
b_nordar;Nordar;;;;;;;;;;;;;x
b_norden;Norden;;;;;;;;;;;;;x
b_norderney;Norderney;;;;;;;;;;;;;x
b_nordinhal;Nordinhal;;;;;;;;;;;;;x
b_norelaw;Norelaw;;;;;;;;;;;;;x
b_norelin;Norelin;;;;;;;;;;;;;x
b_norfas;Norfas;;;;;;;;;;;;;x
b_norlyn;Norlyn;;;;;;;;;;;;;x
b_normaine;Normaine;;;;;;;;;;;;;x
b_normarheights;Normar Heights;;;;;;;;;;;;;x
b_norment;Norment;;;;;;;;;;;;;x
b_normont;Normont;;;;;;;;;;;;;x
b_nornal;Nornal;;;;;;;;;;;;;x
b_nornalhorst;Nornalhorst;;;;;;;;;;;;;x
b_northall;Northall;;;;;;;;;;;;;x
b_northcountry;Northumber;;;;;;;;;;;;;x
b_northfen;Northfen;;;;;;;;;;;;;x
b_northgate;Northgate;;;;;;;;;;;;;x
b_northmoor;Northmoor;;;;;;;;;;;;;x
b_northpoint;Northpoint;;;;;;;;;;;;;x
b_northrest;Northrest;;;;;;;;;;;;;x
b_northriding;Northriding;;;;;;;;;;;;;x
b_northroad;Northroad;;;;;;;;;;;;;x
b_northshore;Northshore;;;;;;;;;;;;;x
b_northspring;Northspring;;;;;;;;;;;;;x
b_northwatch;Northwatch;;;;;;;;;;;;;x
b_northwind;Northwind Summit;;;;;;;;;;;;;x
b_northwode;Northwode;;;;;;;;;;;;;x
b_nossal;Nossal;;;;;;;;;;;;;x
b_noulnok;Noulnok;;;;;;;;;;;;;x
b_nuak;Nuak;;;;;;;;;;;;;x
b_nuba;Nuba;;;;;;;;;;;;;x
b_nubuka;Nubuka;;;;;;;;;;;;;x
b_nudir;Nudir;;;;;;;;;;;;;x
b_nudiran;Nudiran;;;;;;;;;;;;;x
b_nugaal;Nugaal;;;;;;;;;;;;;x
b_nuhifu;Nuhifu;;;;;;;;;;;;;x
b_nulenu;Tel Nulenu;;;;;;;;;;;;;x
b_nului;Nului;;;;;;;;;;;;;x
b_numawiin;Numawiin;;;;;;;;;;;;;x
b_numeris;Numeris;;;;;;;;;;;;;x
b_numerius;Numeris;;;;;;;;;;;;;x
b_nurak;Nurak;;;;;;;;;;;;;x
b_nuraya;Nuraya;;;;;;;;;;;;;x
b_nurhak;Nurhak;;;;;;;;;;;;;x
b_nurid;Nurid;;;;;;;;;;;;;x
b_nuridan;Nuridan;;;;;;;;;;;;;x
b_nutan;Nutan;;;;;;;;;;;;;x
b_nutar;Nutar;;;;;;;;;;;;;x
b_nutria;Nutria;;;;;;;;;;;;;x
b_nuwesi;Nuwesi;;;;;;;;;;;;;x
b_nvomu;Nvomu;;;;;;;;;;;;;x
b_nwarhu;Nwarhu;;;;;;;;;;;;;x
b_nyercand;Nyercand;;;;;;;;;;;;;x
b_nylach;Nylach;;;;;;;;;;;;;x
b_nythiel;Nythiel;;;;;;;;;;;;;x
b_oakbank;Oakbank;;;;;;;;;;;;;x
b_oakenfell;Oakenfell;;;;;;;;;;;;;x
b_oakenwood;Oakenwood;;;;;;;;;;;;;x
b_oakhall;Oakhall;;;;;;;;;;;;;x
b_oaklea;Oaklea;;;;;;;;;;;;;x
b_oakwald;Oakwald;;;;;;;;;;;;;x
b_oburdon;Oburdon;;;;;;;;;;;;;x
b_ochid;Ochid;;;;;;;;;;;;;x
b_ochre;Ochre;;;;;;;;;;;;;x
b_ochtersum;Ochtersum;;;;;;;;;;;;;x
b_ockbrook;Ockbrook;;;;;;;;;;;;;x
b_odai;Odai;;;;;;;;;;;;;x
b_odarsus;Odarsus;;;;;;;;;;;;;x
b_odcuk;Odcuk;;;;;;;;;;;;;x
b_odding;Odding;;;;;;;;;;;;;x
b_odelu;Odelu;;;;;;;;;;;;;x
b_odemazig;Odemazig;;;;;;;;;;;;;x
b_odemdana;Odemdana;;;;;;;;;;;;;x
b_odemistan;Odemistan;;;;;;;;;;;;;x
b_odemizmir;Odemizmir;;;;;;;;;;;;;x
b_odemum;Odemum;;;;;;;;;;;;;x
b_odhisar;Odhisar;;;;;;;;;;;;;x
b_odica;Odica;;;;;;;;;;;;;x
b_odiil;Odiil;;;;;;;;;;;;;x
b_odimsa;Odimsa;;;;;;;;;;;;;x
b_odnurak;Odnurak;;;;;;;;;;;;;x
b_odrusal;Odrusal;;;;;;;;;;;;;x
b_odsar;Odsar;;;;;;;;;;;;;x
b_odurfa;Odurfa;;;;;;;;;;;;;x
b_odzala;Odzala;;;;;;;;;;;;;x
b_oee;Oee;;;;;;;;;;;;;x
b_ofaleswell;Aleswell;;;;;;;;;;;;;x
b_ofanvil;Anvil;;;;;;;;;;;;;x
b_ofash;Ash;;;;;;;;;;;;;x
b_ofbinenay_1;Nibenay;;;;;;;;;;;;;x
b_ofbravil;Bravil;;;;;;;;;;;;;x
b_ofcadlew;Cadlew;;;;;;;;;;;;;x
b_ofcheydin;Cheydin;;;;;;;;;;;;;x
b_ofcolovia_0;Colovia;;;;;;;;;;;;;x
b_ofcolovia_1;Colovia;;;;;;;;;;;;;x
b_ofcropsford;Cropsford;;;;;;;;;;;;;x
b_ofcyrodiil_0;Cyrodiil;;;;;;;;;;;;;x
b_ofcyrodiil_1;Cyrodiil;;;;;;;;;;;;;x
b_ofdrakelowe;Drakelowe;;;;;;;;;;;;;x
b_ofgottlesfont;Gottlesfont;;;;;;;;;;;;;x
b_ofgreyland;Greyland;;;;;;;;;;;;;x
b_ofkvatch;Kvatch;;;;;;;;;;;;;x
b_ofmagia;Magia;;;;;;;;;;;;;x
b_ofnibenay_0;Nibenay;;;;;;;;;;;;;x
b_ofpellsgate;Pell's Gate;;;;;;;;;;;;;x
b_ofrumare_0;Rumare;;;;;;;;;;;;;x
b_ofrumare_1;Rumare;;;;;;;;;;;;;x
b_ofsejanus;Sejanus;;;;;;;;;;;;;x
b_ofshardrock;Shardrock;;;;;;;;;;;;;x
b_ofshetcomb;Shetcombe;;;;;;;;;;;;;x
b_ofskingrad;Skingrad;;;;;;;;;;;;;x
b_oftheheartlands;the Heartlands;;;;;;;;;;;;;x
b_ofurasek;Urasek;;;;;;;;;;;;;x
b_ofusu;Ofusu;;;;;;;;;;;;;x
b_ofwatersedge;Water's Edge;;;;;;;;;;;;;x
b_ofweatherleah;Weatherleah;;;;;;;;;;;;;x
b_ofweye;Weye;;;;;;;;;;;;;x
b_ofweynon;Weynon;;;;;;;;;;;;;x
b_ogrun;Ogrun;;;;;;;;;;;;;x
b_ogubad;Ogubad;;;;;;;;;;;;;x
b_ohara;Ohara;;;;;;;;;;;;;x
b_ohmes;Ohmes;;;;;;;;;;;;;x
b_ohukoa;Ohukoa;;;;;;;;;;;;;x
b_okalinkeep;Okalin Keep;;;;;;;;;;;;;x
b_okkuchuk;Okkuchuk;;;;;;;;;;;;;x
b_olada;Olada;;;;;;;;;;;;;x
b_olaran;Tel Olaran;;;;;;;;;;;;;x
b_olbaruhn;Olbaruhn;;;;;;;;;;;;;x
b_oldbridge;Old Bridge;;;;;;;;;;;;;x
b_oldgate;Oldgate;;;;;;;;;;;;;x
b_oldhead;Oldhead;;;;;;;;;;;;;x
b_oldkeep;Old Keep;;;;;;;;;;;;;x
b_oldmaple;Oldmaple;;;;;;;;;;;;;x
b_oldport;Oldport;;;;;;;;;;;;;x
b_oldrun;Old Run;;;;;;;;;;;;;x
b_olot;Olot;;;;;;;;;;;;;x
b_olrenthis;Olrenthis;;;;;;;;;;;;;x
b_olrunstead;Olrunstead;;;;;;;;;;;;;x
b_olthrenis;Olthrenis;;;;;;;;;;;;;x
b_omagyi;Omagyi;;;;;;;;;;;;;x
b_omai;Omai;;;;;;;;;;;;;x
b_omaiangm;Omaiangm;;;;;;;;;;;;;x
b_omalasin;Omalasin;;;;;;;;;;;;;x
b_oman;Oman;;;;;;;;;;;;;x
b_omano;Omano;;;;;;;;;;;;;x
b_omavachi;Omavachi;;;;;;;;;;;;;x
b_omavel;Omavel;;;;;;;;;;;;;x
b_omayni;Omayni;;;;;;;;;;;;;x
b_oma_vsehin;Oma-Vsehin;;;;;;;;;;;;;x
b_ombare;Ombare;;;;;;;;;;;;;x
b_omequey;Omequey;;;;;;;;;;;;;x
b_omkok;Om Kok;;;;;;;;;;;;;x
b_omnat;Om Nat;;;;;;;;;;;;;x
b_omnia;Omnia;;;;;;;;;;;;;x
b_omnulok;Om Nulok;;;;;;;;;;;;;x
b_omoril;Omoril;;;;;;;;;;;;;x
b_omsak;Om Sak;;;;;;;;;;;;;x
b_omthani;Om Thani;;;;;;;;;;;;;x
b_omthong;Om Thong;;;;;;;;;;;;;x
b_omtong;Om Tong;;;;;;;;;;;;;x
b_omukora;Omukora;;;;;;;;;;;;;x
b_onakan;Onakan;;;;;;;;;;;;;x
b_onaniet;Onaniet;;;;;;;;;;;;;x
b_onda;Onda;;;;;;;;;;;;;x
b_ondan;Ondan;;;;;;;;;;;;;x
b_ondaves;Ondaves;;;;;;;;;;;;;x
b_ondo;Ondo;;;;;;;;;;;;;x
b_ongar;Ongar;;;;;;;;;;;;;x
b_onitsha;Onitsha;;;;;;;;;;;;;x
b_ono;Ono;;;;;;;;;;;;;x
b_ontil;Ontil;;;;;;;;;;;;;x
b_ontus;Ontus;;;;;;;;;;;;;x
b_onyxcaverns;Onyx;;;;;;;;;;;;;x
b_opapa;Opapa;;;;;;;;;;;;;x
b_ophir;Ophir;;;;;;;;;;;;;x
b_oralas;Oralas;;;;;;;;;;;;;x
b_oran;Oran;;;;;;;;;;;;;x
b_oraxia;Oraxia;;;;;;;;;;;;;x
b_orbush;Orbush;;;;;;;;;;;;;x
b_orcariel;Orcariel;;;;;;;;;;;;;x
b_orcglade;Orcglade;;;;;;;;;;;;;x
b_orcori;Orcori;;;;;;;;;;;;;x
b_orcrest;Orcrest;;;;;;;;;;;;;x
b_orcrom;Orcrom;;;;;;;;;;;;;x
b_ordma;Ordma;;;;;;;;;;;;;x
b_ordubad;Ordubad;;;;;;;;;;;;;x
b_ordurin;Ordurin;;;;;;;;;;;;;x
b_oren;Tel Oren;;;;;;;;;;;;;x
b_orenthias;Orenthias;;;;;;;;;;;;;x
b_oreru;Oreru;;;;;;;;;;;;;x
b_orerus;Orerus;;;;;;;;;;;;;x
b_orgenet;Orgenet;;;;;;;;;;;;;x
b_orglade;Orglade;;;;;;;;;;;;;x
b_orian;Orian;;;;;;;;;;;;;x
b_oriana;Oriana;;;;;;;;;;;;;x
b_orilian;Orilian;;;;;;;;;;;;;x
b_orlais;Orlais;;;;;;;;;;;;;x
b_orlexia;Orlexia;;;;;;;;;;;;;x
b_ormanbod;Ormanbod;;;;;;;;;;;;;x
b_ormen;Ormen;;;;;;;;;;;;;x
b_orna;Orna;;;;;;;;;;;;;x
b_ornai;Ornai;;;;;;;;;;;;;x
b_ornbul;Ornbul;;;;;;;;;;;;;x
b_ilthag;Ilthag's Undertower;;;;;;;;;;;;;x
b_dushnikh;Dushnikh Yal;;;;;;;;;;;;;x
b_fearfangs;Fearfangs;;;;;;;;;;;;;x
b_apex;Apex Tower;;;;;;;;;;;;;x
b_molavar;Molavar;;;;;;;;;;;;;x
b_ornhold;Ornhold;;;;;;;;;;;;;x
b_ornsire;Ornsire;;;;;;;;;;;;;x
b_ornthe;Ornthe;;;;;;;;;;;;;x
b_orotheim;Orotheim;;;;;;;;;;;;;x
b_orphanrock;Orphan Rock;;;;;;;;;;;;;x
b_haddock;Haddock's Market;;;;;;;;;;;;;x
b_bloodroot;Bloodroot;;;;;;;;;;;;;x
b_exarch;Exarch's Hold;;;;;;;;;;;;;x
b_nirncrux;Nirncrux;;;;;;;;;;;;;x
b_orren;Orren;;;;;;;;;;;;;x
b_orsinium;Orsinium;;;;;;;;;;;;;x
b_diagna;Diagna;;;;;;;;;;;;;x
b_earthtear;Earthtear;;;;;;;;;;;;;x
b_helra;Hel Ra;;;;;;;;;;;;;x
b_shadastear;Shada's Tear;;;;;;;;;;;;;x
b_reinholdsretreat;Reinhold's Retreat;;;;;;;;;;;;;x
b_skyreach;Skyreach Hold;;;;;;;;;;;;x
b_seekersarchive;Seeker's Archive;;;;;;;;;;;;x
b_serpentsnest;Serpent's Nest;;;;;;;;;;;;;x
b_ophidia;Ophidia;;;;;;;;;;;;;x
b_blackheart;Blackheart;;;;;;;;;;;;;x
b_bangkorai;Bangkorai Gate;;;;;;;;;;;;;x
b_arlihamera;Arlihamera's Sanctum;;;;;;;;;;;;;x
b_murcien;Murcien;;;;;;;;;;;;;x
b_orum;Orum;;;;;;;;;;;;;x
b_orusa;Orusa;;;;;;;;;;;;;x
b_oruuk;Oruuk;;;;;;;;;;;;;x
b_orvault;Orvault;;;;;;;;;;;;;x
b_orxia;Orxia;;;;;;;;;;;;;x
b_orzurum;Orzurum;;;;;;;;;;;;;x
b_osedata;Osedata;;;;;;;;;;;;;x
b_oshita;Oshita;;;;;;;;;;;;;x
b_osiam;Aldosiam;;;;;;;;;;;;;x
b_osshaw;Osshaw;;;;;;;;;;;;;x
b_osterstede;Osterstede;;;;;;;;;;;;;x
b_ostuni;Ostuni;;;;;;;;;;;;;x
b_osuk;Osuk;;;;;;;;;;;;;x
b_osumawa;Osumawa;;;;;;;;;;;;;x
b_osusah;Osusah;;;;;;;;;;;;;x
b_otchik;Otchik;;;;;;;;;;;;;x
b_othren;Tel Othren;;;;;;;;;;;;;x
b_otsuchin;Otsuchin;;;;;;;;;;;;;x
b_ottus;Ottus;;;;;;;;;;;;;x
b_ouada;Ouadabridge;;;;;;;;;;;;;x
b_ouaka;Ouaka;;;;;;;;;;;;;x
b_ounic;Ounic;;;;;;;;;;;;;x
b_outamba;Outamba;;;;;;;;;;;;;x
b_ovanakar;Ovanakar;;;;;;;;;;;;;x
b_owat;Owat;;;;;;;;;;;;;x
b_owerri;Owerri;;;;;;;;;;;;;x
b_at_addin;at-Addin Syndicate;;;;;;;;;;;;;x
b_thazahrr;Thazahrr Cartel;;;;;;;;;;;;;x
b_vien;House Vien;;;;;;;;;;;;;x
b_gurges;Gurges and Associates;;;;;;;;;;;;;x
b_zil_taktal;Zil-Taktal Conglomerate;;;;;;;;;;;;;x
b_oxdale;Oxdale;;;;;;;;;;;;;x
b_oxwark;Oxwark;;;;;;;;;;;;;x
b_ozawa;Ozawa;;;;;;;;;;;;;x
b_ozeri;Ozeri;;;;;;;;;;;;;x
b_oztep;Oztep;;;;;;;;;;;;;x
b_pacilus;Pacilus;;;;;;;;;;;;;x
b_padada;Padada;;;;;;;;;;;;;x
b_padakhu;Padakhu;;;;;;;;;;;;;x
b_padani;Padani;;;;;;;;;;;;;x
b_padarn;Padarn;;;;;;;;;;;;;x
b_padasi;Padasi;;;;;;;;;;;;;x
b_padaya;Padaya;;;;;;;;;;;;;x
b_padmaxia;Padmaxia;;;;;;;;;;;;;x
b_pado;Pado;;;;;;;;;;;;;x
b_padomai;Padomai;;;;;;;;;;;;;x
b_padomeic;Padomeic;;;;;;;;;;;;;x
b_padornhold;Padornhold;;;;;;;;;;;;;x
b_padornholdid;Padorn Holdid;;;;;;;;;;;;;x
b_padurin;Padurin;;;;;;;;;;;;;x
b_pakchit;Pakchit;;;;;;;;;;;;;x
b_pakhtakor;Pakhtakor;;;;;;;;;;;;;x
b_pakkret;Pakkret;;;;;;;;;;;;;x
b_pakong;Pa Kong;;;;;;;;;;;;;x
b_pakphru;Pakphru;;;;;;;;;;;;;x
b_pakphun;Pakphun;;;;;;;;;;;;;x
b_paksamui;Paksamui;;;;;;;;;;;;;x
b_pakulok;Pakulok;;;;;;;;;;;;;x
b_palaceofthekings;Palace of The Kings;;;;;;;;;;;;;x
b_palantir;Palantir;;;;;;;;;;;;;x
b_palasi;Palasi;;;;;;;;;;;;;x
b_palepass;Pale Pass;;;;;;;;;;;;;x
b_palespout;Palespout;;;;;;;;;;;;;x
b_palestel;Palestel;;;;;;;;;;;;;x
b_palia;Palia;;;;;;;;;;;;;x
b_palunrion;Palunrion;;;;;;;;;;;;;x
b_panaya;Panaya;;;;;;;;;;;;;x
b_pand;Pand;;;;;;;;;;;;;x
b_pandit;Pandit;;;;;;;;;;;;;x
b_pane;Pane;;;;;;;;;;;;;x
b_pangthani;Pangthani;;;;;;;;;;;;;x
b_paniel;Paniel;;;;;;;;;;;;;x
b_panj;Panj;;;;;;;;;;;;;x
b_panjakent;Panjakent;;;;;;;;;;;;;x
b_panor;Panor;;;;;;;;;;;;;x
b_panpung;Panpung;;;;;;;;;;;;;x
b_pansanor;Pansanor;;;;;;;;;;;;;x
b_pantano;Pantano;;;;;;;;;;;;;x
b_pantermouth;Pantermouth;;;;;;;;;;;;;x
b_pantna;Pantna;;;;;;;;;;;;;x
b_panular;Panular;;;;;;;;;;;;;x
b_panurami;Panurami;;;;;;;;;;;;;x
b_panyat;Panyat;;;;;;;;;;;;;x
b_paolani;Paolani;;;;;;;;;;;;;x
b_papabu;Papabu;;;;;;;;;;;;;x
b_papah;Papah;;;;;;;;;;;;;x
b_papahe;Papahe;;;;;;;;;;;;;x
b_papaken;Papaken;;;;;;;;;;;;;x
b_papang;Papang;;;;;;;;;;;;;x
b_papascrossing;Papa's Crossing;;;;;;;;;;;;;x
b_pappok;Pappok;;;;;;;;;;;;;x
b_papraya;Papraya;;;;;;;;;;;;;x
b_papruma;Papruma;;;;;;;;;;;;;x
b_paptari;Paptari;;;;;;;;;;;;;x
b_paragon;Paragon;;;;;;;;;;;;;x
b_paragonsrememberance;Paragon's Rememberance;;;;;;;;;;;;;x
b_watchershold;Watcher's Hold;;;;;;;;;;;;;x
b_parga;Parga;;;;;;;;;;;;;x
b_partmur;Partmur;;;;;;;;;;;;;x
b_parurr;Parurr;;;;;;;;;;;;;x
b_pasia;Pasia;;;;;;;;;;;;;x
b_passwell;Passwell;;;;;;;;;;;;;x
b_pathenia;Pathenia;;;;;;;;;;;;;x
b_pattarai;Pat Tarai;;;;;;;;;;;;;x
b_pattathum;Pat Tathum;;;;;;;;;;;;;x
b_pattaya;Pattaya;;;;;;;;;;;;;x
b_pattong;Pat Tong;;;;;;;;;;;;;x
b_pavo;Pavo;;;;;;;;;;;;;x
b_payar;Payar;;;;;;;;;;;;;x
b_payas;Payas;;;;;;;;;;;;;x
b_peacockhollow;Peacock's Hollow;;;;;;;;;;;;;x
b_pearlshore;Pearlshore;;;;;;;;;;;;;x
b_pedraha;Pedraha;;;;;;;;;;;;;x
b_pedregu;Pedregu;;;;;;;;;;;;;x
b_peestone;Peestone;;;;;;;;;;;;;x
b_peklang;Peklang;;;;;;;;;;;;;x
b_peklauea;Peklauea;;;;;;;;;;;;;x
b_pekman;Pekman;;;;;;;;;;;;;x
b_pekpuri;Pekpuri;;;;;;;;;;;;;x
b_pekrat;Pekrat;;;;;;;;;;;;;x
b_pekular;Pekular;;;;;;;;;;;;;x
b_pelagiad;Pelagiad;;;;;;;;;;;;;x
b_pellame;Pellame;;;;;;;;;;;;;x
b_pellsgate;Pell's Gate;;;;;;;;;;;;;x
b_pendar;Pendar;;;;;;;;;;;;;x
b_penesh;Penesh;;;;;;;;;;;;;x
b_penfear;Penfear;;;;;;;;;;;;;x
b_penmarch;Penmarch;;;;;;;;;;;;;x
b_penopuc;Penopuc;;;;;;;;;;;;;x
b_penridge;Penridge;;;;;;;;;;;;;x
b_cath_bedraud;Cath Bedraud;;;;;;;;;;;;;x
b_merovec;Merovec's Folly;;;;;;;;;;;;;x
b_penton;Penton;;;;;;;;;;;;;x
b_peo;Peo;;;;;;;;;;;;;x
b_crosswych;Crosswych;;;;;;;;;;;;;x
b_crypwatch;Cryptwatch;;;;;;;;;;;;;x
b_khuras;Khuras;;;;;;;;;;;;;x
b_mesonthano;Mesonthano;;;;;;;;;;;;;x
b_peony;Peony;;;;;;;;;;;;;x
b_pera;Pera;;;;;;;;;;;;;x
b_peralta;Peralta;;;;;;;;;;;;;x
b_peras;Peras;;;;;;;;;;;;;x
b_periandor;Periandor;;;;;;;;;;;;;x
b_periers;Periers;;;;;;;;;;;;;x
b_perisa;Perisa;;;;;;;;;;;;;x
b_peron;Peron;;;;;;;;;;;;;x
b_persimmon;Persimmon;;;;;;;;;;;;;x
b_peryite;Peryite;;;;;;;;;;;;;x
b_pesia;Pesia;;;;;;;;;;;;;x
b_pewter;Pewter;;;;;;;;;;;;;x
b_pforzheim;Pforzheim;;;;;;;;;;;;;x
b_phayao;Phayao;;;;;;;;;;;;;x
b_phichit;Phichit;;;;;;;;;;;;;x
b_philistia;Philistia;;;;;;;;;;;;;x
b_phraehon;Phraehon;;;;;;;;;;;;;x
b_phrahet;Phrahet;;;;;;;;;;;;;x
b_phraket;Phraket;;;;;;;;;;;;;x
b_phrala;Phrala;;;;;;;;;;;;;x
b_miltrin;Miltrin;;;;;;;;;;;;;x
b_phrygia;Phrygia;;;;;;;;;;;;;x
b_balefire;Balefire;;;;;;;;;;;;;x
b_cambray;Cambray Pass;;;;;;;;;;;;;x
b_gaudet;Gaudet;;;;;;;;;;;;;x
b_phrygias;Phrygias;;;;;;;;;;;;;x
b_phuchang;Phu Chang;;;;;;;;;;;;;x
b_phuket;Phuket;;;;;;;;;;;;;x
b_phuphai;Phuphai;;;;;;;;;;;;;x
b_phuung;Phuung;;;;;;;;;;;;;x
b_physalis;Physalis;;;;;;;;;;;;;x
b_pigeonroost;Pigeonroost;;;;;;;;;;;;;x
b_pilgrimstrench;Pilgrim's Trench;;;;;;;;;;;;;x
b_piliv;Piliv;;;;;;;;;;;;;x
b_pillagersmine;Crumblemine;;;;;;;;;;;;;x
b_pilmanir;Pilmanir;;;;;;;;;;;;;x
b_pima;Pima;;;;;;;;;;;;;x
b_pinchai;Pinchai;;;;;;;;;;;;;x
b_pinchima;Pinchima;;;;;;;;;;;;;x
b_pineforst;Pinefrost;;;;;;;;;;;;;x
b_pinefrost;Pinefrost;;;;;;;;;;;;;x
b_pinemarsh;Pinemarsh;;;;;;;;;;;;;x
b_pinemoon;Pinemoon;;;;;;;;;;;;;x
b_pinepeak;Pinepeak;;;;;;;;;;;;;x
b_pinewatch;Pinewatch;;;;;;;;;;;;;x
b_pingan;Pingan;;;;;;;;;;;;;x
b_pingir;Pingir;;;;;;;;;;;;;x
b_pingoro;Pingoro;;;;;;;;;;;;;x
b_pingpat;Pingpat;;;;;;;;;;;;;x
b_pinguan;Pinguan;;;;;;;;;;;;;x
b_pingyi;Pingyi;;;;;;;;;;;;;x
b_pingzhou;Pingzhou;;;;;;;;;;;;;x
b_ping_chiuan;Ping-chiuan;;;;;;;;;;;;;x
b_pinno;Pinno;;;;;;;;;;;;;x
b_pinno_o;Pinno-o;;;;;;;;;;;;;x
b_pinro;Pinro;;;;;;;;;;;;;x
b_pinvahin;Pinvahin;;;;;;;;;;;;;x
b_pinvan;Pinvan;;;;;;;;;;;;;x
b_pin_tsechima;Pin-tsechima;;;;;;;;;;;;;x
b_piso;Piso;;;;;;;;;;;;;x
b_piukanda;Piukanda;;;;;;;;;;;;;x
b_planasene;Planasene;;;;;;;;;;;;;x
b_pledgestone;Pledgestone;;;;;;;;;;;;;x
b_plundermine;Plundermine;;;;;;;;;;;;;x
b_poignard;Poignard;;;;;;;;;;;;;x
b_poltan;Poltan;;;;;;;;;;;;;x
b_pommern;Pommern;;;;;;;;;;;;;x
b_pongkhoi;Pongkhoi;;;;;;;;;;;;;x
b_pongtai;Pong Tai;;;;;;;;;;;;;x
b_pontu;Pontu;;;;;;;;;;;;;x
b_pontypool;Pontypool;;;;;;;;;;;;;x
b_poppad;Poppad;;;;;;;;;;;;;x
b_porfan;Bahia;;;;;;;;;;;;;x
b_porsgrunn;Porsgrunn;;;;;;;;;;;;;x
b_portdun;Portdun;;;;;;;;;;;;;x
b_portneu;Portneu View;;;;;;;;;;;;;x
b_portsmouth;Portsmouth;;;;;;;;;;;;;x
b_poterium;Poterium;;;;;;;;;;;;;x
b_pothago;Pothago;;;;;;;;;;;;;x
b_pothole;Pothole;;;;;;;;;;;;;x
b_potidae;Potidae;;;;;;;;;;;;;x
b_potra;Potra;;;;;;;;;;;;;x
b_prachabesar;Pracha Besar;;;;;;;;;;;;;x
b_prachachang;Pracha Chang;;;;;;;;;;;;;x
b_prachadahan;Pracha Dahan;;;;;;;;;;;;;x
b_prachagoon;Pracha Goon;;;;;;;;;;;;;x
b_prachalom;Pracha Lom;;;;;;;;;;;;;x
b_prachanoi;Pracha Noi;;;;;;;;;;;;;x
b_prachapo;Pracha Po;;;;;;;;;;;;;x
b_prachasao;Pracha Sao;;;;;;;;;;;;;x
b_prachata;Pracha Ta;;;;;;;;;;;;;x
b_prachatong;Pracha Tong;;;;;;;;;;;;;x
b_prachawan;Pracha Wan;;;;;;;;;;;;;x
b_prachinnulok;Prachinnulok;;;;;;;;;;;;;x
b_prachuap;Prachuap;;;;;;;;;;;;;x
b_prachubueng;Prachubueng;;;;;;;;;;;;;x
b_prachuburi;Prachuburi;;;;;;;;;;;;;x
b_prachusot;Prachusot;;;;;;;;;;;;;x
b_praevu;Praevu;;;;;;;;;;;;;x
b_pralexia;Pralexia;;;;;;;;;;;;;x
b_praloris;Praloris;;;;;;;;;;;;;x
b_prarin;Prarin;;;;;;;;;;;;;x
b_prathan;Prathan;;;;;;;;;;;;;x
b_prawea;Prawea;;;;;;;;;;;;;x
b_praxia;Praxia;;;;;;;;;;;;;x
b_pridehall;Pridehall;;;;;;;;;;;;;x
b_prideland;Prideland;;;;;;;;;;;;;x
b_primula;Primula;;;;;;;;;;;;;x
b_priory;Priory;;;;;;;;;;;;;x
b_privas;Privas;;;;;;;;;;;;;x
b_prospect;Prospect;;;;;;;;;;;;;x
b_proudspire;Proudspire;;;;;;;;;;;;;x
b_pucatar;Pucatar;;;;;;;;;;;;;x
b_puchang;Puchang;;;;;;;;;;;;;x
b_puddlejump;Puddlejump;;;;;;;;;;;;;x
b_puhet;Pu Het;;;;;;;;;;;;;x
b_pukhon;Pukhon;;;;;;;;;;;;;x
b_pumai;Pumai;;;;;;;;;;;;;x
b_punoi;Punoi;;;;;;;;;;;;;x
b_puntar;Puntar;;;;;;;;;;;;;x
b_punuk;Punuk;;;;;;;;;;;;;x
b_punulok;Punulok;;;;;;;;;;;;;x
b_purewater;Purewater;;;;;;;;;;;;;x
b_purishan;Purishan;;;;;;;;;;;;;x
b_puryosu;Puryosu;;;;;;;;;;;;;x
b_putgarten;Putgarten;;;;;;;;;;;;;x
b_putrang;Putrang;;;;;;;;;;;;;x
b_puulok;Puulok;;;;;;;;;;;;;x
b_pyre;Pyre;;;;;;;;;;;;;x
b_pyrrahn;Pyrrahn;;;;;;;;;;;;;x
b_qabakha;Qabakha;;;;;;;;;;;;;x
b_qabala;Qabala;;;;;;;;;;;;;x
b_qabysi;Qabysi;;;;;;;;;;;;;x
b_qacoteo;Qacoteo;;;;;;;;;;;;;x
b_qakhazan;Qakhazan;;;;;;;;;;;;;x
b_qao;Qao;;;;;;;;;;;;;x
b_qaocou;Qaocou;;;;;;;;;;;;;x
b_qaonaomi;Qaonaomi;;;;;;;;;;;;;x
b_qaowialao;Qaowialao;;;;;;;;;;;;;x
b_qaqani;Qaqani;;;;;;;;;;;;;x
b_qaqanos;Qaqanos;;;;;;;;;;;;;x
b_qaqawal;Qaqawal;;;;;;;;;;;;;x
b_qaqehak;Qaqehak;;;;;;;;;;;;;x
b_qaratoq;Qaratoq;;;;;;;;;;;;;x
b_qardho;Qardho;;;;;;;;;;;;;x
b_qarshi;Qarshi;;;;;;;;;;;;;x
b_qatana;Qatana;;;;;;;;;;;;;x
b_qautlair;Qautlair;;;;;;;;;;;;;x
b_qiawuon;Qiawuon;;;;;;;;;;;;;x
b_qonos;Qonos;;;;;;;;;;;;;x
b_qoumau;Qou-mau;;;;;;;;;;;;;x
b_qoyoara;Qoyoara;;;;;;;;;;;;;x
b_qoyogji;Qoyogji;;;;;;;;;;;;;x
b_qoyomra;Qoyomra;;;;;;;;;;;;;x
b_qoyona;Qoyona;;;;;;;;;;;;;x
b_qoyora;Qoyora;;;;;;;;;;;;;x
b_qoyowhiyn;Qoyowhiyn;;;;;;;;;;;;;x
b_quagmire;Quagmire;;;;;;;;;;;;;x
b_quandar;Quandar;;;;;;;;;;;;;x
b_quanil;Quanil;;;;;;;;;;;;;x
b_quarn;Quarn;;;;;;;;;;;;;x
b_quba;Quba;;;;;;;;;;;;;x
b_qucal;Qucal;;;;;;;;;;;;;x
b_quenai;Quenai;;;;;;;;;;;;;x
b_quentin;Quentin;;;;;;;;;;;;;x
b_quetia;Quetia;;;;;;;;;;;;;x
b_queutia;Queutia;;;;;;;;;;;;;x
b_quickwater;Quickwater;;;;;;;;;;;;;x
b_quincula;Quincula;;;;;;;;;;;;;x
b_quinrawl;Quin'Rawl;;;;;;;;;;;;;x
b_quirion;Quirion;;;;;;;;;;;;;x
b_quivod;Quivod;;;;;;;;;;;;;x
b_qul;Qul;;;;;;;;;;;;;x
b_quoluon;Quoluon;;;;;;;;;;;;;x
b_qura;Qura;;;;;;;;;;;;;x
b_qusar;Qusar;;;;;;;;;;;;;x
b_rabak;Rabak;;;;;;;;;;;;;x
b_rabum;Rabum;;;;;;;;;;;;;x
b_radac;Radac;;;;;;;;;;;;;x
b_radene;Radene;;;;;;;;;;;;;x
b_radet;Radet;;;;;;;;;;;;;x
b_radura;Radura;;;;;;;;;;;;;x
b_raeaon;Raeaon;;;;;;;;;;;;;x
b_raetatanen;Raetatanen;;;;;;;;;;;;;x
b_ragad;Ragad;;;;;;;;;;;;;x
b_ragar;Ragar;;;;;;;;;;;;;x
b_ragatanga;Ragatanga;;;;;;;;;;;;;x
b_ragmhur;Ragmhur;;;;;;;;;;;;;x
b_ragnarswatch;Ragnar's Watch;;;;;;;;;;;;;x
b_ragnvald;Ragnvald;;;;;;;;;;;;;x
b_raguri;Raguri;;;;;;;;;;;;;x
b_rahad;Rahad;;;;;;;;;;;;;x
b_raheen;Raheen;;;;;;;;;;;;;x
b_rahim;Rahim;;;;;;;;;;;;;x
b_raibueng;Raibueng;;;;;;;;;;;;;x
b_raikia;Raikia;;;;;;;;;;;;;x
b_railorm;Railorm;;;;;;;;;;;;;x
b_rainford;Rainford;;;;;;;;;;;;;x
b_raipong;Raipong;;;;;;;;;;;;;x
b_rajan;Ra'jan;;;;;;;;;;;;;x
b_rajapet;Rajapet;;;;;;;;;;;;;x
b_rajman;Rajman;;;;;;;;;;;;;x
b_rajo;Rajo;;;;;;;;;;;;;x
b_rakeford;Rakeford;;;;;;;;;;;;;x
b_rakemis;Rakemis;;;;;;;;;;;;;x
b_rakrori;Rakrori;;;;;;;;;;;;;x
b_rakros;Rakros;;;;;;;;;;;;;x
b_ral;Ral;;;;;;;;;;;;;x
b_ralasian;Ralasian;;;;;;;;;;;;;x
b_raldbthar;Raldbthar;;;;;;;;;;;;;x
b_ralenhorst;Ralenhorst;;;;;;;;;;;;;x
b_ralkynyd;Ralkynyd;;;;;;;;;;;;;x
b_rallu;Rallu;;;;;;;;;;;;;x
b_rama;Rama;;;;;;;;;;;;;x
b_raman;Raman;;;;;;;;;;;;;x
b_ramang;Ramang;;;;;;;;;;;;;x
b_ramgali;Ramgali;;;;;;;;;;;;;x
b_rami;Rami;;;;;;;;;;;;;x
b_ramkal;Ramkal;;;;;;;;;;;;;x
b_ramkota;Ramkota;;;;;;;;;;;;;x
b_ramli;Ramli;;;;;;;;;;;;;x
b_ramling;Ramling;;;;;;;;;;;;;x
b_ramon;Ramon;;;;;;;;;;;;;x
b_ramruma;Ramruma;;;;;;;;;;;;;x
b_ramsat;Ramsat;;;;;;;;;;;;;x
b_ramthtas;Ramthtas;;;;;;;;;;;;;x
b_ramwa;Ramwa;;;;;;;;;;;;;x
b_randas;Randas;;;;;;;;;;;;;x
b_rangpat;Rangpat;;;;;;;;;;;;;x
b_rannveig;Rannveig;;;;;;;;;;;;;x
b_ranodo;Ranodo;;;;;;;;;;;;;x
b_ranongta;Ranong Ta;;;;;;;;;;;;;x
b_ranyonruhn;Ranyon-Ruhn;;;;;;;;;;;;;x
b_raoon;Raoon;;;;;;;;;;;;;x
b_rapidwater;Rapidwater;;;;;;;;;;;;;x
b_raptorbay;Raptorbay;;;;;;;;;;;;;x
b_rarayn;Rarayn;;;;;;;;;;;;;x
b_rarchek;Rarchek;;;;;;;;;;;;;x
b_rarothaid;Rarothaid;;;;;;;;;;;;;x
b_akatosh;Cathedral of Akatosh;;;;;;;;;;;;;x
b_rasht;Rasht;;;;;;;;;;;;;x
b_rastead;Rastead;;;;;;;;;;;;;x
b_ratchabesar;Ratchabesar;;;;;;;;;;;;;x
b_ratchagoon;Ratchagoon;;;;;;;;;;;;;x
b_ratchakham;Ratchakham;;;;;;;;;;;;;x
b_ratchakret;Ratchakret;;;;;;;;;;;;;x
b_ratchaong;Ratchaong;;;;;;;;;;;;;x
b_ratchaphun;Ratchaphun;;;;;;;;;;;;;x
b_ratchaprathet;Ratchaprathet;;;;;;;;;;;;;x
b_ratcharang;Ratcharang;;;;;;;;;;;;;x
b_ratchasima;Ratchasima;;;;;;;;;;;;;x
b_ratchata;Ratchata;;;;;;;;;;;;;x
b_ratchathani;Ratchathani;;;;;;;;;;;;;x
b_ratchatrang;Ratchatrang;;;;;;;;;;;;;x
b_rattfram;Rattfram;;;;;;;;;;;;;x
b_ravan;Ravan;;;;;;;;;;;;;x
b_ravenbro;Ravenbro;;;;;;;;;;;;;x
b_ravencrag;Ravencrag;;;;;;;;;;;;;x
b_ravengrav;Ravengrav;;;;;;;;;;;;;x
b_ravenhal;Ravenhal;;;;;;;;;;;;;x
b_ravenhall;Ravenhall;;;;;;;;;;;;;x
b_ravenheim;Ravenheim;;;;;;;;;;;;;x
b_ravenrock:Raven Rock;;;;;;;;;;;;;;x
b_ravenscar;Ravenscar;;;;;;;;;;;;;x
b_ravensdrop;Ravensdrop;;;;;;;;;;;;;x
b_ravenspring;Ravenspring;;;;;;;;;;;;;x
b_ravenstead;Ravenstead;;;;;;;;;;;;;x
b_ravenwatch;Ravenwatch;;;;;;;;;;;;;x
b_raventop;Raventop;;;;;;;;;;;;;x
b_raviel;Raviel;;;;;;;;;;;;;x
b_ravine;Ravine;;;;;;;;;;;;;x
b_ravnbro;Ravnbro;;;;;;;;;;;;;x
b_ravngard;Ravngard;;;;;;;;;;;;;x
b_rawton;Rawton;;;;;;;;;;;;;x
b_raygoon;Raygoon;;;;;;;;;;;;;x
b_rayha;Rayha;;;;;;;;;;;;;x
b_rayhon;Rayhon;;;;;;;;;;;;;x
b_rayiet;Rayiet;;;;;;;;;;;;;x
b_rayles;Rayles;;;;;;;;;;;;;x
b_razak;Ra'zak;;;;;;;;;;;;;x
b_reachcamp;Reachcamp;;;;;;;;;;;;;x
b_reachcliff;Reachcliff;;;;;;;;;;;;;x
b_reachmore;Reachmore;;;;;;;;;;;;;x
b_reachwater;Reachwater;;;;;;;;;;;;;x
b_reachwind;Reachwind;;;;;;;;;;;;;x
b_rearguard;Rearguard;;;;;;;;;;;;;x
b_rebelscairn;Rebel's Cairn;;;;;;;;;;;;;x
b_redarn;Redarn;;;;;;;;;;;;;x
b_redbridge;Redbridge;;;;;;;;;;;;;x
b_redeagle;Red Eagle Redoubt;;;;;;;;;;;;;x
b_redguardvalley;Redguard Valley;;;;;;;;;;;;;x
b_redice;Redice;;;;;;;;;;;;;x
b_redlea;Redlea;;;;;;;;;;;;;x
b_redman;Redman;;;;;;;;;;;;;x
b_redmar;Redmar;;;;;;;;;;;;;x
b_redoran;Redoran District;;;;;;;;;;;;;x
b_redoransretreat;Redoran's Retreat;;;;;;;;;;;;;x
b_redring;Redring;;;;;;;;;;;;;x
b_redroadpass;Redroad Pass;;;;;;;;;;;;;x
b_redrock;Redrock;;;;;;;;;;;;;x
b_redrose;Redrose;;;;;;;;;;;;;x
b_redruby;Redruby;;;;;;;;;;;;;x
b_redscale;Redscale;;;;;;;;;;;;;x
b_redvale;Redvale;;;;;;;;;;;;;x
b_redverhold;Redverhold;;;;;;;;;;;;;x
b_redwater;Redwater;;;;;;;;;;;;;x
b_redwood;Redwood;;;;;;;;;;;;;x
b_reedstand;Reedstand;;;;;;;;;;;;;x
b_reeze;Reeze;;;;;;;;;;;;;x
b_reizfain;Reizfain;;;;;;;;;;;;;x
b_remanstone;Remanstone;;;;;;;;;;;;;x
b_remas;Remas;;;;;;;;;;;;;x
b_remo;Remo;;;;;;;;;;;;;x
b_renda;Renda;;;;;;;;;;;;;x
b_renhal;Renhal;;;;;;;;;;;;;x
b_renis;Renis;;;;;;;;;;;;;x
b_renley;Renley;;;;;;;;;;;;;x
b_restling;Restling;;;;;;;;;;;;;x
b_reval;Reval;;;;;;;;;;;;;x
b_kozanset;Kozanset;;;;;;;;;;;;;x
b_hollowwaste;Hollow Waste;;;;;;;;;;;;;x
b_tuwhaccasthrone;Tu'whacca's Throne;;;;;;;;;;;;;x
b_ancestorslanding;Ancestor's Landing;;;;;;;;;;;;;x
b_duneripper;Duneripper Downs;;;;;;;;;;;;;x
b_salasen;Salas En;;;;;;;;;;;;;x
b_rex;Rex;;;;;;;;;;;;;x
b_reyborne;Reyborne;;;;;;;;;;;;;x
b_reyk;Reyk;;;;;;;;;;;;;x
b_reylad;Reylad;;;;;;;;;;;;;x
b_rhanano;Rhanano;;;;;;;;;;;;;x
b_rhasafan;Rhasafan;;;;;;;;;;;;;x
b_rhiacand;Rhiacand;;;;;;;;;;;;;x
b_rhorlak;Rhorlak;;;;;;;;;;;;;x
b_rhura;Rhura;;;;;;;;;;;;;x
b_riani;Riani;;;;;;;;;;;;;x
b_riasmoor;Riasmoor;;;;;;;;;;;;;x
b_ribera;Ribera;;;;;;;;;;;;;x
b_rickety;Rickety;;;;;;;;;;;;;x
b_rickonstead;Rickonstead;;;;;;;;;;;;;x
b_ridene;Ridene;;;;;;;;;;;;;x
b_ridithia;Ridithia;;;;;;;;;;;;;x
b_ridwood;Ridwood;;;;;;;;;;;;;x
b_rielle;Rielle;;;;;;;;;;;;;x
b_riften;Riften;;;;;;;;;;;;;x
b_rihad;Rihad;;;;;;;;;;;;;x
b_rihala;Rihala;;;;;;;;;;;;;x
b_ril;Ril;;;;;;;;;;;;;x
b_rimardorn;Rimardorn;;;;;;;;;;;;;x
b_rimcori;Rimcori;;;;;;;;;;;;;x
b_rimerock;Rimerock;;;;;;;;;;;;;x
b_rimhor;Rimhor;;;;;;;;;;;;;x
b_rimhull;Rimhull;;;;;;;;;;;;;x
b_rimmen;Rimmen;;;;;;;;;;;;;x
b_rimor;Rimor;;;;;;;;;;;;;x
b_rimuny;Rimuny;;;;;;;;;;;;;x
b_rimwatch;Rimwatch;;;;;;;;;;;;;x
b_ringmer;Ringmer;;;;;;;;;;;;;x
b_rinich;Rinich;;;;;;;;;;;;;x
b_rionicle;Rionicle;;;;;;;;;;;;;x
b_ripcart;Ripcart;;;;;;;;;;;;;x
b_riryu;Riryu;;;;;;;;;;;;;x
b_ritualstone;Ritualstone;;;;;;;;;;;;;x
b_riven;Riven;;;;;;;;;;;;;x
b_rivenmar;Rivenmar;;;;;;;;;;;;;x
b_riverbridge;Riverbridge;;;;;;;;;;;;;x
b_riverdike;Riverdike;;;;;;;;;;;;;x
b_riverfield;Riverfield;;;;;;;;;;;;;x
b_riverhold;Riverhold;;;;;;;;;;;;;x
b_jodesembrace;Jode's Embrace;;;;;;;;;;;;;x
b_tombserpent;Tomb of the Serpents;;;;;;;;;;;;;x
b_riverkeep;River Keep;;;;;;;;;;;;;x
b_shatteredswords;Shattered Swords;;;;;;;;;;;;;x
b_rivermouth;Rivermouth;;;;;;;;;;;;;x
b_sandswirl;Sandswirl;;;;;;;;;;;;;x
b_riverpoint;Riverpoint;;;;;;;;;;;;;x
b_riverrun;Riverrun;;;;;;;;;;;;;x
b_riversend;Riversend;;;;;;;;;;;;;x
b_riverside;Riverside;;;;;;;;;;;;;x
b_riverstone;Riverstone;;;;;;;;;;;;;x
b_riverstop;Riverstop;;;;;;;;;;;;;x
b_riverswell;Riverswell;;;;;;;;;;;;;x
b_riverton;Riverton;;;;;;;;;;;;;x
b_rivervulk;Rivervulk;;;;;;;;;;;;;x
b_riverwalk;Riverwalk;;;;;;;;;;;;;x
b_riverwall;Riverwall;;;;;;;;;;;;;x
b_riverwatch;Riverwatch;;;;;;;;;;;;;x
b_riverwood;Riverwood;;;;;;;;;;;;;x
b_rivran;Rivran;;;;;;;;;;;;;x
b_rivyawiin;Rivyawiin;;;;;;;;;;;;;x
b_rizon;Rizon;;;;;;;;;;;;;x
b_rkund;Rkund;;;;;;;;;;;;;x
b_rmanh;Rmanh;;;;;;;;;;;;;x
b_roa;Roa;;;;;;;;;;;;;x
b_roahford;Roahford;;;;;;;;;;;;;x
b_roan;Roan;;;;;;;;;;;;;x
b_robb;Robb;;;;;;;;;;;;;x
b_robberglen;Robber's Glen;;;;;;;;;;;;;x
b_robbersgorge;Robber's Gorge;;;;;;;;;;;;;x
b_rockbottom;Rockbottom;;;;;;;;;;;;;x
b_rockgard;Rockgard;;;;;;;;;;;;;x
b_rockgrove;Rockgrove;;;;;;;;;;;;;x
b_rockguard;Rockguard;;;;;;;;;;;;;x
b_rockmilk;Rockmilk;;;;;;;;;;;;;x
b_rockpark;Rockpark;;;;;;;;;;;;;x
b_rockpoint;Rockpoint;;;;;;;;;;;;;x
b_rocksalt;Rocksalt;;;;;;;;;;;;;x
b_rockspring;Rockspring;;;;;;;;;;;;;x
b_rockstown;Rockstown;;;;;;;;;;;;;x
b_rockwatch;Rockwatch;;;;;;;;;;;;;x
b_rodenia;Rodenia;;;;;;;;;;;;;x
b_rodisia;Rodisia;;;;;;;;;;;;;x
b_roebeck;Roebeck;;;;;;;;;;;;;x
b_rojana;Ro'jana;;;;;;;;;;;;;x
b_rokabena;Rokabena;;;;;;;;;;;;;x
b_roland;Roland;;;;;;;;;;;;;x
b_romo;Romo;;;;;;;;;;;;;x
b_romphaire;Romphaire;;;;;;;;;;;;;x
b_ronen;Ronen;;;;;;;;;;;;;x
b_ronin;Ronin;;;;;;;;;;;;;x
b_rookery;Rookery;;;;;;;;;;;;;x
b_rootfire;Rootfire;;;;;;;;;;;;;x
b_rorana;Rorana;;;;;;;;;;;;;x
b_rori;Rori;;;;;;;;;;;;;x
b_rorikstead;Rorikstead;;;;;;;;;;;;;x
b_rosal;Rosal;;;;;;;;;;;;;x
b_roscrea;Roscrea;;;;;;;;;;;;;x
b_rosealie;Rosealie;;;;;;;;;;;;;x
b_rosecoast;Rosecoast;;;;;;;;;;;;;x
b_rosefield;Rosefield;;;;;;;;;;;;;x
b_roseguard;Roseguard;;;;;;;;;;;;;x
b_roseville;Roseville;;;;;;;;;;;;;x
b_rosewall;Rosewall;;;;;;;;;;;;;x
b_rosewheat;Rosewheat;;;;;;;;;;;;;x
b_roshor;Roshor;;;;;;;;;;;;;x
b_rosser;Rosser;;;;;;;;;;;;;x
b_rotgar;Rotgar;;;;;;;;;;;;;x
b_rothainn;Rothainn;;;;;;;;;;;;;x
b_rothan;Rothan;;;;;;;;;;;;;x
b_rotheran;Rotheran;;;;;;;;;;;;;x
b_rotoc;Rotoc;;;;;;;;;;;;;x
b_rouhane;Rouhane;;;;;;;;;;;;;x
b_roukad;Roukad;;;;;;;;;;;;;x
b_hubalajad;Hubalajad's Reflection;;;;;;;;;;;;;x
b_noshira;No Shira;;;;;;;;;;;;;x
b_princegate;Prince's Gate;;;;;;;;;;;;;x
b_rourathe;Rourathe;;;;;;;;;;;;;x
b_rourken;Abah's Landing;;;;;;;;;;;;;x
b_rowansea;Rowansea;;;;;;;;;;;;;x
b_roxey;Roxey;;;;;;;;;;;;;x
b_royan;Royan;;;;;;;;;;;;;x
b_ruabon;Ruabon;;;;;;;;;;;;;x
b_rubery;Rubery;;;;;;;;;;;;;x
b_rudaki;Rudaki;;;;;;;;;;;;;x
b_rudich;Rudich;;;;;;;;;;;;;x
b_rufaa;Rufaa;;;;;;;;;;;;;x
b_rugdumph;Rugdumph;;;;;;;;;;;;;x
b_runcorn;Runcorn;;;;;;;;;;;;;x
b_runnersrest;Runner's Rest;;;;;;;;;;;;;x
b_runpot;Runpot;;;;;;;;;;;;;x
b_runun;Runun;;;;;;;;;;;;;x
b_ruthin;Ruthin;;;;;;;;;;;;;x
b_ryde;Ryde;;;;;;;;;;;;;x
b_ryrunas;Ryrunas;;;;;;;;;;;;;x
b_ryslea;Ryslea;;;;;;;;;;;;;x
b_ryxil;Ryxil;;;;;;;;;;;;;x
b_saarthal;Saarthal;;;;;;;;;;;;;x
b_saawan;Saawan;;;;;;;;;;;;;x
b_sabatra;Sabatra;;;;;;;;;;;;;x
b_sabirabad;Sabirabad;;;;;;;;;;;;;x
b_sabut;Sab'ut;;;;;;;;;;;;;x
b_sachumyo;Sachumyo;;;;;;;;;;;;;x
b_sacremathi;Sacremante;;;;;;;;;;;;;x
b_sadair;Sadair;;;;;;;;;;;;;x
b_sadaokok;Sadao Kok;;;;;;;;;;;;;x
b_sadaoprathet;Sadaoprathet;;;;;;;;;;;;;x
b_sadaopur;Sadaopur;;;;;;;;;;;;;x
b_sadas;Tel Sadas;;;;;;;;;;;;;x
b_saddas;Saddas;;;;;;;;;;;;;x
b_saddlersway;Saddlersway;;;;;;;;;;;;;x
b_sadene;Sadene;;;;;;;;;;;;;x
b_sadrithmora;Sadrith Mora;;;;;;;;;;;;;x
b_saenoon;Saenoon;;;;;;;;;;;;;x
b_saensot;Saensot;;;;;;;;;;;;;x
b_saenta;Saenta;;;;;;;;;;;;;x
b_saeurion;Saeurion;;;;;;;;;;;;;x
b_safan;Safan;;;;;;;;;;;;;x
b_safford;Safford;;;;;;;;;;;;;x
b_safiruhn;Safiruhn;;;;;;;;;;;;;x
b_sagard;Sagard;;;;;;;;;;;;;x
b_sagegate;Sagegate;;;;;;;;;;;;;x
b_sageglen;Sageglen Hollow;;;;;;;;;;;;;x
b_sageheath;Sage Heath;;;;;;;;;;;;;x
b_sagetree;Sagetree;;;;;;;;;;;;;x
b_sagoon;Sagoon;;;;;;;;;;;;;x
b_sagos;Sagos;;;;;;;;;;;;;x
b_sahul;Sahul;;;;;;;;;;;;;x
b_saif;Saif;;;;;;;;;;;;;x
b_saimsil;Saimsil;;;;;;;;;;;;;x
b_saintsport;Saintsport;;;;;;;;;;;;;x
b_salamati;Salamati;;;;;;;;;;;;;x
b_salamis;Salamis;;;;;;;;;;;;;x
b_salan;Salan;;;;;;;;;;;;;x
b_salaxia;Salaxia;;;;;;;;;;;;;x
b_salenu;Salenu;;;;;;;;;;;;;x
b_salenvulgate;Salen Vulgate;;;;;;;;;;;;;x
b_salmaxia;Salmaxia;;;;;;;;;;;;;x
b_salmer;Salmer;;;;;;;;;;;;;x
b_salmora;Salmora;;;;;;;;;;;;;x
b_salom;Salom;;;;;;;;;;;;;x
b_salothran;Salothran;;;;;;;;;;;;;x
b_salrin;Salrin;;;;;;;;;;;;;x
b_salthan;Salthan;;;;;;;;;;;;;x
b_saltmarsh;Saltmarsh;;;;;;;;;;;;;x
b_saltwater;Saltwater;;;;;;;;;;;;;x
b_samagri;Samagri;;;;;;;;;;;;;x
b_samahya;Samahya;;;;;;;;;;;;;x
b_samara;Samara;;;;;;;;;;;;;x
b_samaria;Ald-Samaria;;;;;;;;;;;;;x
b_samarkhan;Samarkhan;;;;;;;;;;;;;x
b_samcrea;Samcrea;;;;;;;;;;;;;x
b_samon;Samon;;;;;;;;;;;;;x
b_samorfez;Samorfez;;;;;;;;;;;;;x
b_samui;Samui;;;;;;;;;;;;;x
b_samutkaen;Samutkaen;;;;;;;;;;;;;x
b_samutkhamtai;Samutkhamtai;;;;;;;;;;;;;x
b_samutta;Samutta;;;;;;;;;;;;;x
b_sana;Sana;;;;;;;;;;;;;x
b_sanad;Sanad;;;;;;;;;;;;;x
b_sananburi;Sananburi;;;;;;;;;;;;;x
b_sananthaburi;Sananthaburi;;;;;;;;;;;;;x
b_sananthani;Sananthani;;;;;;;;;;;;;x
b_sanapan;Sanapan;;;;;;;;;;;;;x
b_sanaril;Sanaril;;;;;;;;;;;;;x
b_sancretor;Sancre Tor;;;;;;;;;;;;;x
b_sanctuary;Sanctuary;;;;;;;;;;;;;x
b_sanctus;Sanctus;;;;;;;;;;;;;x
b_sandaman;Sandaman;;;;;;;;;;;;;x
b_sandgyr;Sandgyr;;;;;;;;;;;;;x
b_sandown;Sandown;;;;;;;;;;;;;x
b_sandpit;Sandpit;;;;;;;;;;;;;x
b_sandstone;Sandstone;;;;;;;;;;;;;x
b_sandus;Sandus;;;;;;;;;;;;;x
b_sangam;Sangam;;;;;;;;;;;;;x
b_sanguine;Sanguine;;;;;;;;;;;;;x
b_sanguisor;Sanguisor;;;;;;;;;;;;;x
b_sankey;Sankey;;;;;;;;;;;;;x
b_santaki;Santaki;;;;;;;;;;;;;x
b_santar;Santar;;;;;;;;;;;;;x
b_saprabang;Saprabang;;;;;;;;;;;;;x
b_saran;Saran;;;;;;;;;;;;;x
b_sarath;Sarath;;;;;;;;;;;;;x
b_sarathana;Sarathana;;;;;;;;;;;;;x
b_saray;Saray;;;;;;;;;;;;;x
b_sarayn;Sarayn;;;;;;;;;;;;;x
b_sarazm;Sarazm;;;;;;;;;;;;;x
b_sardavar;Sardavar Leed;;;;;;;;;;;;;x
b_sardesruhn;Sardes-Ruhn;;;;;;;;;;;;;x
b_sardung;Sardung;;;;;;;;;;;;;x
b_sareti;Sareti;;;;;;;;;;;;;x
b_sargar;Sargar;;;;;;;;;;;;;x
b_sargate;Sargate;;;;;;;;;;;;;x
b_sarglow;Sarglow;;;;;;;;;;;;;x
b_sarh;Sarh;;;;;;;;;;;;;x
b_saroen;Saroen;;;;;;;;;;;;;x
b_sartan;Sartan;;;;;;;;;;;;;x
b_sarvanni;Sarvanni;;;;;;;;;;;;;x
b_saryar;Saryar;;;;;;;;;;;;;x
b_sasas;Sasas;;;;;;;;;;;;;x
b_sassari;Sassari;;;;;;;;;;;;;x
b_satakad;Satakad;;;;;;;;;;;;;x
b_satalmush;Satalmush;;;;;;;;;;;;;x
b_sathchi;Sathchi;;;;;;;;;;;;;x
b_sathchima;Sathchima;;;;;;;;;;;;;x
b_sathima;Sathima;;;;;;;;;;;;;x
b_sathno_o;Sathno;;;;;;;;;;;;;x
b_sathnyi;Sathnyi;;;;;;;;;;;;;x
b_sathro;Sathro;;;;;;;;;;;;;x
b_sathtu;Sathtu;;;;;;;;;;;;;x
b_sathum;Sathum;;;;;;;;;;;;;x
b_sathyi;Sathyi;;;;;;;;;;;;;x
b_sathzhou;Sathzhou;;;;;;;;;;;;;x
b_satpayakh;Satpayakh;;;;;;;;;;;;;x
b_saturan;Saturan;;;;;;;;;;;;;x
b_saung;Saung;;;;;;;;;;;;;x
b_saut;Sa'ut;;;;;;;;;;;;;x
b_savirimar;Sa-virimar;;;;;;;;;;;;;x
b_sawa;Sawa;;;;;;;;;;;;;x
b_sawaw;Sawaw;;;;;;;;;;;;;x
b_sawgu;Sawgu;;;;;;;;;;;;;x
b_saydge;Saydge;;;;;;;;;;;;;x
b_saymtra;Saymtra;;;;;;;;;;;;;x
b_saytya;Saytya;;;;;;;;;;;;;x
b_scaer;Scaer;;;;;;;;;;;;;x
b_scalebridge;Scalebridge;;;;;;;;;;;;;x
b_scalemarsh;Scalemarsh;;;;;;;;;;;;;x
b_scardenhal;Scardenhal;;;;;;;;;;;;;x
b_scargard;Scargard;;;;;;;;;;;;;x
b_scarhammer;Scarhammer;;;;;;;;;;;;;x
b_scarrund;Scarrund;;;;;;;;;;;;;x
b_scarstone;Scarstone;;;;;;;;;;;;;x
b_schaqd;Schaqd;;;;;;;;;;;;;x
b_scharrol;Scharrol;;;;;;;;;;;;;x
b_schogon;Schogon;;;;;;;;;;;;;x
b_scinia;Scinia;;;;;;;;;;;;;x
b_seadril;Seadril;;;;;;;;;;;;;x
b_seafalls;Seafalls;;;;;;;;;;;;;x
b_seakeep;Seakeep;;;;;;;;;;;;;x
b_seamist;Seamist;;;;;;;;;;;;;x
b_seaplace;Seaplace;;;;;;;;;;;;;x
b_searnor;Searnor;;;;;;;;;;;;;x
b_searsean;Searsean;;;;;;;;;;;;;x
b_seasean;Searsean;;;;;;;;;;;;;x
b_seaside;Seaside;;;;;;;;;;;;;x
b_seaspring;Seaspring;;;;;;;;;;;;;x
b_seastone;Seastone;;;;;;;;;;;;;x
b_seawasten;Seawasten;;;;;;;;;;;;;x
b_seawatch;Seawatch;;;;;;;;;;;;;x
b_sebildi;Sebildi;;;;;;;;;;;;;x
b_sebrial;Sebrial;;;;;;;;;;;;;x
b_secula;Secula;;;;;;;;;;;;;x
b_secundas;Secunda's Kiss;;;;;;;;;;;;;x
b_secunder;Secunder;;;;;;;;;;;;;x
b_sedave;Sedave;;;;;;;;;;;;;x
b_sedgewick;Sedgewick;;;;;;;;;;;;;x
b_sedih;Sedih;;;;;;;;;;;;;x
b_sednar;Sednar;;;;;;;;;;;;;x
b_sedor;Sedor;;;;;;;;;;;;;x
b_seershill;Seer's Hill;;;;;;;;;;;;;x
b_segaji;Segaji;;;;;;;;;;;;;x
b_segang;Segang;;;;;;;;;;;;;x
b_segaspur;Segaspur;;;;;;;;;;;;;x
b_segnia;Segnia;;;;;;;;;;;;;x
b_seho;Seho;;;;;;;;;;;;;x
b_sejanus;Sejanus;;;;;;;;;;;;;x
b_sekmora;Sekmora;;;;;;;;;;;;;x
b_selamderen;Selam Deren;;;;;;;;;;;;;x
b_selbur;Selbur;;;;;;;;;;;;;x
b_selfoss;Selfoss;;;;;;;;;;;;;x
b_selindor;Selindor;;;;;;;;;;;;;x
b_selmoor;Selmoor;;;;;;;;;;;;;x
b_senapo;Senapo;;;;;;;;;;;;;x
b_senardorn;Senardorn;;;;;;;;;;;;;x
b_senasak;Senasak;;;;;;;;;;;;;x
b_senchai;Senchai;;;;;;;;;;;;;x
b_senchal;Senchal;;;;;;;;;;;;;x
b_sencheirvale;Sencheirvale;;;;;;;;;;;;;x
b_senchor;Senchor;;;;;;;;;;;;;x
b_sencori;Sencori;;;;;;;;;;;;;x
b_sencrest;Sencrest;;;;;;;;;;;;;x
b_sendal;Sendal;;;;;;;;;;;;;x
b_sendalas;Sendalas;;;;;;;;;;;;;x
b_seneka;Seneka;;;;;;;;;;;;;x
b_seneng;Seneng;;;;;;;;;;;;;x
b_senghi;Senghi;;;;;;;;;;;;;x
b_senju_o;Senju-o;;;;;;;;;;;;;x
b_sennar;Sennar;;;;;;;;;;;;;x
b_senno_o;Senno-o;;;;;;;;;;;;;x
b_senorn;Senorn;;;;;;;;;;;;;x
b_senou;Senou;;;;;;;;;;;;;x
b_sentinel;Sentinel Palace;;;;;;;;;;;;;x
b_senzhou;Senzhou;;;;;;;;;;;;;x
b_sen_choghi;Sen-Choghi;;;;;;;;;;;;;x
b_seran;Seran;;;;;;;;;;;;;x
b_sercen;Sercen;;;;;;;;;;;;;x
b_serene;Serene;;;;;;;;;;;;;x
b_serothan;Serothan;;;;;;;;;;;;;x
b_serpenthollow;Serpent Hollow;;;;;;;;;;;;;x
b_serpentsbluff;Serpent's Bluff;;;;;;;;;;;;;x
b_serpentstone;Serpentstone;;;;;;;;;;;;;x
b_serpentstrail;Serpent's Tail;;;;;;;;;;;;;x
b_serquey;Serquey;;;;;;;;;;;;;x
b_serrat;Serrat;;;;;;;;;;;;;x
b_serron;Serron;;;;;;;;;;;;;x
b_servius;Servius;;;;;;;;;;;;;x
b_serylia;Serylia;;;;;;;;;;;;;x
b_serza;Serza;;;;;;;;;;;;;x
b_sesheke;Sesheke;;;;;;;;;;;;;x
b_set;Set;;;;;;;;;;;;;x
b_seto;Seto;;;;;;;;;;;;;x
b_sevaxia;Sevaxia;;;;;;;;;;;;;x
b_seventhousandsteps;Seven Thousand Steps;;;;;;;;;;;;;x
b_severa;Severa;;;;;;;;;;;;;x
b_severien;Severien;;;;;;;;;;;;;x
b_severmora;Severmora;;;;;;;;;;;;;x
b_severspring;Severspring;;;;;;;;;;;;;x
b_sevorewin;Sevorewin;;;;;;;;;;;;;x
b_seydaneen;Seyda Neen;;;;;;;;;;;;;x
b_shaba;Shaba;;;;;;;;;;;;;x
b_shadeleaf;Shadeleaf;;;;;;;;;;;;;x
b_shademarsh;Shademarsh;;;;;;;;;;;;;x
b_shadepond;Shadepond;;;;;;;;;;;;;x
b_shadespring;Shadespring;;;;;;;;;;;;;x
b_shadeygrove;Shadey Grove;;;;;;;;;;;;;x
b_shadout;Shadout;;;;;;;;;;;;;x
b_shadow;Shadow;;;;;;;;;;;;;x
b_shadowborn;Shadowborn;;;;;;;;;;;;;x
b_shadowbrook;Shadowbrook;;;;;;;;;;;;;x
b_shadowfang;Shadowfang;;;;;;;;;;;;;x
b_shadowfen;Shadowfen;;;;;;;;;;;;;x
b_shadowfort;Shadow Fort;;;;;;;;;;;;;x
b_shadowgreen;Shadowgreen;;;;;;;;;;;;;x
b_shadowleaf;Shadowleaf;;;;;;;;;;;;;x
b_shadowlight;Shadowlight;;;;;;;;;;;;;x
b_shadowmarsh;Shadowmarsh;;;;;;;;;;;;;x
b_shadowmere;Shadowmere;;;;;;;;;;;;;x
b_shadowpine;Shadowpine;;;;;;;;;;;;;x
b_shadowscale;Shadowscale;;;;;;;;;;;;;x
b_shadowsilver;Shadowsilver;;;;;;;;;;;;;x
b_shadowspring;Shadowspring;;;;;;;;;;;;;x
b_shadowsrest;Shadow's Rest;;;;;;;;;;;;;x
b_shadowstone;Shadowstone;;;;;;;;;;;;;x
b_antiphyllos;Antiphyllos;;;;;;;;;;;;;x
b_shadowwall;Shadowwall;;;;;;;;;;;;;x
b_bergama;Bergama;;;;;;;;;;;;;x
b_shadymarch;Antiphyllos;;;;;;;;;;;;;x
b_shadysands;Sand's Hold;;;;;;;;;;;;;x
b_shaedarialis;Shaedarialis;;;;;;;;;;;;;x
b_shael;Shael;;;;;;;;;;;;;x
b_shahristan;Shahristan;;;;;;;;;;;;;x
b_shakh;Shakh;;;;;;;;;;;;;x
b_shalgora;Shalgora;;;;;;;;;;;;;x
b_shammon;Shammon;;;;;;;;;;;;;x
b_shan;Shan;;;;;;;;;;;;;x
b_shangrila;Shangrila;;;;;;;;;;;;;x
b_shanklin;Shanklin;;;;;;;;;;;;;x
b_shanliburgaz;Shanliburgaz;;;;;;;;;;;;;x
b_shanliorum;Shanliorum;;;;;;;;;;;;;x
b_shanlu;Shanlu;;;;;;;;;;;;;x
b_shansin;Shansin;;;;;;;;;;;;;x
b_shantep;Shantep;;;;;;;;;;;;;x
b_shantira;Shantira;;;;;;;;;;;;;x
b_shanvas;Shanvas;;;;;;;;;;;;;x
b_shao;Shao;;;;;;;;;;;;;x
b_shaolao;Shaolao;;;;;;;;;;;;;x
b_shaomuoqa;Shaomuoqa;;;;;;;;;;;;;x
b_shaormuoqa;Shaormuoqa;;;;;;;;;;;;;x
b_orcsfingers;Three Fingers;;;;;;;;;;;;;x
b_northsalt;Northsalt;;;;;;;;;;;;;x
b_shaoue;Shaoue;;;;;;;;;;;;;x
b_shaowi;Shaowi;;;;;;;;;;;;;x
b_shaowuo;Shaowuo;;;;;;;;;;;;;x
b_shara;Shara;;;;;;;;;;;;;x
b_flyleaf;Flyleaf;;;;;;;;;;;;;x
b_hoarfrost;Hoarfrost Downs;;;;;;;;;;;;;x
b_sanguinebarrows;Sanguine Barrows;;;;;;;;;;;;;x
b_doomcrag;Doomcrag;;;;;;;;;;;;;x
b_erokii;Erokii;;;;;;;;;;;;;x
b_westwind;Westwind;;;;;;;;;;;;;x
b_kalgon;Kalgon's Keep;;;;;;;;;;;;;x
b_lorkatra;Lorkrata Hills;;;;;;;;;;;;;x
b_oldfells;Old Fell;;;;;;;;;;;;;x
b_fellsrun;Fell's Run;;;;;;;;;;;;;x
b_moira;Moira's Hope;;;;;;;;;;;;;x
b_valeguard_tower;Valeguard Tower;;;;;;;;;;;;;x
b_traitortor;Trairtre Tor;;;;;;;;;;;;;x
b_southgard;Southgard Tower;;;;;;;;;;;;;x
b_shardrock;Shardrock;;;;;;;;;;;;;x
b_sharnhelm;Shornhelm;;;;;;;;;;;;;x
b_sharrukim;Sharrukim;;;;;;;;;;;;;x
b_sharur;Sharur;;;;;;;;;;;;;x
b_sharvale;Sharvale;;;;;;;;;;;;;x
b_shasa;Shasa;;;;;;;;;;;;;x
b_shatteredscale;Shatteredscale;;;;;;;;;;;;;x
b_shattermine;Shattermine;;;;;;;;;;;;;x
b_shatterwood;Shatterwood;;;;;;;;;;;;;x
b_nimalten;Nimalten;;;;;;;;;;;;;x
b_shawbury;Shawbury;;;;;;;;;;;;;x
b_narzulbur;Narzulbur;;;;;;;;;;;;;x
b_shayfan;Shayfan;;;;;;;;;;;;;x
b_shaykun;Shaykun;;;;;;;;;;;;;x
b_sheargen;Sheargen;;;;;;;;;;;;;x
b_shearpoint;Shearpoint;;;;;;;;;;;;;x
b_shearstone;Cragwallow;;;;;;;;;;;;;x
b_shearwatch;Shearwatch;;;;;;;;;;;;;x
b_sheorach;Sheorach;;;;;;;;;;;;;x
b_sherzoji;Sherzoji;;;;;;;;;;;;;x
b_sherzra;Sherzra;;;;;;;;;;;;;x
b_shetcombe;Shetcombe;;;;;;;;;;;;;x
b_shghi;Shghi;;;;;;;;;;;;;x
b_shgyi;Shgyi;;;;;;;;;;;;;x
b_direfrost;Direfrost;;;;;;;;;;;;;x
b_shi;Shi;;;;;;;;;;;;;x
b_shianmuon;Shianmuon;;;;;;;;;;;;;x
b_shianpou;Shianpou;;;;;;;;;;;;;x
b_shianpuo;Shianpuo;;;;;;;;;;;;;x
b_shieldwall;Shieldwall;;;;;;;;;;;;;x
b_shihi;Shihi;;;;;;;;;;;;;x
b_shiho;Shiho;;;;;;;;;;;;;x
b_shima;Shima;;;;;;;;;;;;;x
b_shimadashi;Shimadashi;;;;;;;;;;;;;x
b_shimaru;Shimaru;;;;;;;;;;;;;x
b_shimmerdil;Shimmerdil;;;;;;;;;;;;;x
b_shimmerdril;Shimmerdril;;;;;;;;;;;;;x
b_shimmerdrill;Shimmerdrill;;;;;;;;;;;;;x
b_shimmerene;Shimmerene;;;;;;;;;;;;;x
b_shimmermist;Shimmermist;;;;;;;;;;;;;x
b_shimmerweed;Shimmerweed;;;;;;;;;;;;;x
b_shinbone;Shinbone;;;;;;;;;;;;;x
b_shiner;Shiner;;;;;;;;;;;;;x
b_shirooka;Shirooka;;;;;;;;;;;;;x
b_shishi;Shishi;;;;;;;;;;;;;x
b_shittelspite;Shittelspite;;;;;;;;;;;;;x
b_shivering;Shivering;;;;;;;;;;;;;x
b_shizu;Shizu;;;;;;;;;;;;;x
b_shodfen;Shodfen;;;;;;;;;;;;;x
b_shora;Shora;;;;;;;;;;;;;x
b_shorflow;Shorflow;;;;;;;;;;;;;x
b_shorpass;Shorpass;;;;;;;;;;;;;x
b_shorpoint;Shorpoint;;;;;;;;;;;;;x
b_shorrun;Shorrun;;;;;;;;;;;;;x
b_greenwall;Greenwall;;;;;;;;;;;;;x
b_shorstone;Shor's Stone;;;;;;;;;;;;;x
b_vernim;Vernim Woods;;;;;;;;;;;;;x
b_fullhelm;Fullhelm;;;;;;;;;;;;;x
b_shorthal;Shorthal;;;;;;;;;;;;;x
b_taarengrav;Taarengrav;;;;;;;;;;;;;x
b_honrichtower;Honrich Tower;;;;;;;;;;;;;x
b_shorwatch;Shorwatch;;;;;;;;;;;;;x
b_shorwatchtower;Shor's Watchtower;;;;;;;;;;;;;x
b_shorwind;Shorwind;;;;;;;;;;;;;x
b_shouluol;Shou-luol;;;;;;;;;;;;;x
b_shoupaoqa;Shoupaoqa;;;;;;;;;;;;;x
b_shpat;Shpat;;;;;;;;;;;;;x
b_shriekwind;Shriekwind;;;;;;;;;;;;;x
b_shroudhearth;Shroudhearth;;;;;;;;;;;;;x
b_shroudstone;Shroudstone;;;;;;;;;;;;;x
b_shu;Shu;;;;;;;;;;;;;x
b_shundahar;Shundahar;;;;;;;;;;;;;x
b_shuobi;Shuobi;;;;;;;;;;;;;x
b_shuopaoqa;Shuopaoqa;;;;;;;;;;;;;x
b_shuowuon;Shuowuon;;;;;;;;;;;;;x
b_shurdhu;Shurdhu;;;;;;;;;;;;;x
b_shurkel;Shurkel;;;;;;;;;;;;;x
b_shuyurru;Shuyurru;;;;;;;;;;;;;x
b_sh_tsoi;Sh-Tsoi;;;;;;;;;;;;;x
b_siaek;Siaek;;;;;;;;;;;;;x
b_sialin;Sialin;;;;;;;;;;;;;x
b_siaya;Siaya;;;;;;;;;;;;;x
b_sibalene;Sibalene;;;;;;;;;;;;;x
b_sibueng;Sibueng;;;;;;;;;;;;;x
b_sideway;Sideway;;;;;;;;;;;;;x
b_sidhu;Sidhu;;;;;;;;;;;;;x
b_siggau;Siggau;;;;;;;;;;;;;x
b_sigilheim;Sigilheim;;;;;;;;;;;;;x
b_sigman;Sigman;;;;;;;;;;;;;x
b_sigpuan;Sigpuan;;;;;;;;;;;;;x
b_sigrunshelm;Sigrunshelm;;;;;;;;;;;;;x
b_sikars;Sikars;;;;;;;;;;;;;x
b_sikisehir;Sikisehir;;;;;;;;;;;;;x
b_siladoril;Siladoril;;;;;;;;;;;;;x
b_silazig;Silazig;;;;;;;;;;;;;x
b_silbin;Silbin;;;;;;;;;;;;;x
b_silcotte;Silcotte;;;;;;;;;;;;;x
b_sildaron:Sildaron;;;;;;;;;;;;;;x
b_sildaron;Sildaron;;;;;;;;;;;;;x
b_sildu;Sildu;;;;;;;;;;;;;x
b_silen;Silen;;;;;;;;;;;;;x
b_silentmoon;Silentmoon;;;;;;;;;;;;;x
b_silgrad;Silgrad Tower;;;;;;;;;;;;;x
b_silheim;Silheim;;;;;;;;;;;;;x
b_silicat;Silicat;;;;;;;;;;;;;x
b_silizili;Silizili;;;;;;;;;;;;;x
b_silnion;Silnion;;;;;;;;;;;;;x
b_silnor;Silnor;;;;;;;;;;;;;x
b_silorn;Silorn;;;;;;;;;;;;;x
b_silotalya;Silotalya;;;;;;;;;;;;;x
b_silozip;Silozip;;;;;;;;;;;;;x
b_silsailen;Silsailen Point;;;;;;;;;;;;;x
b_silshehir;Silshehir;;;;;;;;;;;;;x
b_silsoren;Silsoren;;;;;;;;;;;;;x
b_siltspring;Siltspring;;;;;;;;;;;;;x
b_siltwater;Siltwater;;;;;;;;;;;;;x
b_silursa;Silursa;;;;;;;;;;;;;x
b_silvenar;Silvenar;;;;;;;;;;;;;x
b_silverash;Silverash;;;;;;;;;;;;;x
b_silverbeech;Silverbeech;;;;;;;;;;;;;x
b_silverbirch;Silverbirch;;;;;;;;;;;;;x
b_silverdrift;Silverdrift;;;;;;;;;;;;;x
b_silverdril;Silverdril;;;;;;;;;;;;;x
b_silverene;Silverene;;;;;;;;;;;;;x
b_silverguard;Silverguard;;;;;;;;;;;;;x
b_silvermage;Silvermage;;;;;;;;;;;;;x
b_silvermeer;Silvermeer;;;;;;;;;;;;;x
b_silvernor;Silvernor;;;;;;;;;;;;;x
b_silverscale;Silverscale;;;;;;;;;;;;;x
b_silversea;Silversea;;;;;;;;;;;;;x
b_silvershore;Silvershore;;;;;;;;;;;;;x
b_silvertooth;Silvertooth;;;;;;;;;;;;;x
b_silverwald;Silverwald;;;;;;;;;;;;;x
b_silverwilde;Silverwilde;;;;;;;;;;;;;x
b_silverwood;Silverwood;;;;;;;;;;;;;x
b_siman;Siman;;;;;;;;;;;;;x
b_simba;Simba;;;;;;;;;;;;;x
b_simbal;Simbal;;;;;;;;;;;;;x
b_simia;Simia;;;;;;;;;;;;;x
b_sinak;Sinak;;;;;;;;;;;;;x
b_sinamon;Sinamon;;;;;;;;;;;;;x
b_sinbul;Sinbul;;;;;;;;;;;;;x
b_sinderion;Sinderion;;;;;;;;;;;;;x
b_singagoon;Singagoon;;;;;;;;;;;;;x
b_singalam;Singalam;;;;;;;;;;;;;x
b_singbury;Singbury;;;;;;;;;;;;;x
b_singmarsh;Singmarsh;;;;;;;;;;;;;x
b_sinkhole;Sinkhole;;;;;;;;;;;;;x
b_sinzuli;Sinzuli;;;;;;;;;;;;;x
b_sip;Sip;;;;;;;;;;;;;x
b_sipohregil;Sipohregil;;;;;;;;;;;;;x
b_sirbaken;Sirbaken;;;;;;;;;;;;;x
b_sirensrest;Siren's Rest;;;;;;;;;;;;;x
b_sirhan;Sirhan;;;;;;;;;;;;;x
b_sirik;Sirik;;;;;;;;;;;;;x
b_sirion;Sirion;;;;;;;;;;;;;x
b_sirnak;Sirnak;;;;;;;;;;;;;x
b_sirsus;Sirsus;;;;;;;;;;;;;x
b_sisagel;Sisagel;;;;;;;;;;;;;x
b_sisao;Sisao;;;;;;;;;;;;;x
b_sisar;Sisar;;;;;;;;;;;;;x
b_sithianstone;Sithianstone;;;;;;;;;;;;;x
b_sitwell;Sitwell;;;;;;;;;;;;;x
b_siuan;Siuan;;;;;;;;;;;;;x
b_sivabakir;Sivabakir;;;;;;;;;;;;;x
b_sivarlu;Sivarlu;;;;;;;;;;;;;x
b_sivera;Sivera;;;;;;;;;;;;;x
b_sivercuk;Sivercuk;;;;;;;;;;;;;x
b_siverihli;Siverihli;;;;;;;;;;;;;x
b_sivmaras;Sivmaras;;;;;;;;;;;;;x
b_siwa;Siwa;;;;;;;;;;;;;x
b_siyahistan;Siyahistan;;;;;;;;;;;;;x
b_siyat;Siyat;;;;;;;;;;;;;x
b_skaal;Skaal;Skaal;Skaal;;Skaal;;;;;;;;;x
b_skagen;Skagen;;;;;;;;;;;;;x
b_skalagr;Skalagr;;;;;;;;;;;;;x
b_skalanorn;Skalanorn;;;;;;;;;;;;;x
b_skalefish;Skalefish;;;;;;;;;;;;;x
b_skalran;Skalran;;;;;;;;;;;;;x
b_skalrheim;Skalrheim;;;;;;;;;;;;;x
b_skalvalur;Skalvalur;;;;;;;;;;;;;x
b_skane;Skane;;;;;;;;;;;;;x
b_skaven;Skaven;;;;;;;;;;;;;x
b_skeksis;Skeksis;;;;;;;;;;;;;x
b_sker;Sker;;;;;;;;;;;;;x
b_skerrod;Skerrod;;;;;;;;;;;;;x
b_skevane;Skevane;;;;;;;;;;;;;x
b_skingrad;Skingrad;;;;;;;;;;;;;x
b_skiru;Skiru;;;;;;;;;;;;;x
b_skogsdrake;Skogsdrake;;;;;;;;;;;;;x
b_skovde;Skovde;;;;;;;;;;;;;x
b_skuld;Skuld;;;;;;;;;;;;;x
b_skuldafn;Skuldafn;;;;;;;;;;;;;x
b_skuldenheim;Skuldenheim;;;;;;;;;;;;;x
b_skullgrave;Skullgrave;;;;;;;;;;;;;x
b_skyborn;Skyborn;;;;;;;;;;;;;x
b_skybound;Skybound Watch;;;;;;;;;;;;;x
b_skycalm;Skycalm;;;;;;;;;;;;;x
b_skycaptain;Skycaptain;;;;;;;;;;;;;x
b_skygge;Skygge;;;;;;;;;;;;;x
b_skyhammer;Skyhammer;;;;;;;;;;;;;x
b_skyhaven;Skyhaven;;;;;;;;;;;;;x
b_skylon;Skylon;;;;;;;;;;;;;x
b_skymarch;Skymarch;;;;;;;;;;;;;x
b_skynor;Skynor;;;;;;;;;;;;;x
b_skynorn;Skynorn;;;;;;;;;;;;;x
b_skysailen;Skysailen;;;;;;;;;;;;;x
b_skyscraper;Skyscraper;;;;;;;;;;;;;x
b_skyshroud;Skyshroud;;;;;;;;;;;;;x
b_skyskr;Skyskr;;;;;;;;;;;;;x
b_skytemple;Skytemple;;;;;;;;;;;;;x
b_skywasten;Skywasten;;;;;;;;;;;;;x
b_skywatch;Skywatch;;;;;;;;;;;;;x
b_slacal;Slacal;;;;;;;;;;;;;x
b_slah;Slah;;;;;;;;;;;;;x
b_slajung;Slajung;;;;;;;;;;;;;x
b_slate;Slate;;;;;;;;;;;;;x
b_slaughterscale;Slaughterscale;;;;;;;;;;;;;x
b_sleepingtree;Sleeping Tree;;;;;;;;;;;;;x
b_slivertongue;Slivertongue;;;;;;;;;;;;;x
b_sloggo;Sloggo;;;;;;;;;;;;;x
b_slolang;Slolang;;;;;;;;;;;;;x
b_slopang;Slopang;;;;;;;;;;;;;x
b_slough;Slough;;;;;;;;;;;;;x
b_sloyular;Sloyular;;;;;;;;;;;;;x
b_smokehold;Smokehold;;;;;;;;;;;;;x
b_smokehole;Smokehold;;;;;;;;;;;;;x
b_snakemont;Snakemont;;;;;;;;;;;;;x
b_snapleg;Snapleg;;;;;;;;;;;;;x
b_snapvine;Snapvine;;;;;;;;;;;;;x
b_snestrom;Snestrom;;;;;;;;;;;;;x
b_snilling;Snilling;;;;;;;;;;;;;x
b_snowdon;Snowdon;;;;;;;;;;;;;x
b_snowfall;Snowfall;;;;;;;;;;;;;x
b_snowgrad;Snowgrad;;;;;;;;;;;;;x
b_snowhammer;Snowhammer;;;;;;;;;;;;;x
b_snowhawk;Snowhawk;;;;;;;;;;;;;x
b_snowline;Snowline;;;;;;;;;;;;;x
b_snowmar;Snowmar;;;;;;;;;;;;;x
b_snowpoint;Snowpoint;;;;;;;;;;;;;x
b_snowshod;Snowshod;;;;;;;;;;;;;x
b_snowveil;Snowveil;;;;;;;;;;;;;x
b_soba;Soba;;;;;;;;;;;;;x
b_sobatu;Sobatu;;;;;;;;;;;;;x
b_socolla;Socolla;;;;;;;;;;;;;x
b_socotra;Socotra;;;;;;;;;;;;;x
b_sodden;Sodden;;;;;;;;;;;;;x
b_soddenhill;Soddenhill;;;;;;;;;;;;;x
b_sodor;Sodor;;;;;;;;;;;;;x
b_sodril;Sodril;;;;;;;;;;;;;x
b_sodrusu;Sodrusu;;;;;;;;;;;;;x
b_sodvale;Sodvale;;;;;;;;;;;;;x
b_soggi;Soggi;;;;;;;;;;;;;x
b_solace;Solace;;;;;;;;;;;;;x
b_solanum;Solanum;;;;;;;;;;;;;x
b_solapur;Solapur;;;;;;;;;;;;;x
b_solasa;Solasa;;;;;;;;;;;;;x
b_soldiersfolly;Soldier's Folly;;;;;;;;;;;;;x
b_soldiersrest;Soldier's Rest;;;;;;;;;;;;;x
b_solegtin;Solegtin;;;;;;;;;;;;;x
b_solitude;Solitude;;;;;;;;;;;;;x
b_soljund;Soljund;;;;;;;;;;;;;x
b_solstead;Solstead;;;;;;;;;;;;;x
b_solunto;Solunto;;;;;;;;;;;;;x
b_soluthis;Soluthis;;;;;;;;;;;;;x
b_solvjord;Solvjord;;;;;;;;;;;;;x
b_soma;Soma;;;;;;;;;;;;;x
b_somaman;Somaman;;;;;;;;;;;;;x
b_somingol;Somingol;;;;;;;;;;;;;x
b_somnia;Somnia;;;;;;;;;;;;;x
b_songkhla;Songkhla;;;;;;;;;;;;;x
b_songnoi;Songnoi;;;;;;;;;;;;;x
b_songthum;Songthum;;;;;;;;;;;;;x
b_sonne;Sonne;;;;;;;;;;;;;x
b_sonnen;Sonnen;;;;;;;;;;;;;x
b_sora;Sora;;;;;;;;;;;;;x
b_sorat;Sorat;;;;;;;;;;;;;x
b_soreil;Soreil;;;;;;;;;;;;;x
b_sorrel;Sorrel;;;;;;;;;;;;;x
b_soruma;Soruma;;;;;;;;;;;;;x
b_sothasil;Sotha Sil;;;;;;;;;;;;;x
b_soughtop;Soughtop;;;;;;;;;;;;;x
b_soulrest;Soulrest;;;;;;;;;;;;;x
b_sourange;Sourange;;;;;;;;;;;;;x
b_southfay;Southfay;;;;;;;;;;;;;x
b_southfray;Southfray;;;;;;;;;;;;;x
b_southfringe;Southfringe;;;;;;;;;;;;;x
b_southguard;Southguard;;;;;;;;;;;;;x
b_southisle;Valenport;;;;;;;;;;;;;x
b_southmer;Southmer;;;;;;;;;;;;;x
b_southpoint;Southpoint;;;;;;;;;;;;;x
b_southport;South Port;;;;;;;;;;;;;x
b_southsea;Southsea;;;;;;;;;;;;;x
b_sovrnheim;Sovrnheim;;;;;;;;;;;;;x
b_sparrowhawk;Sparrowhawk;;;;;;;;;;;;;x
b_spearwater;Spearwater;;;;;;;;;;;;;x
b_spearwood;Spearwood;;;;;;;;;;;;;x
b_spellheim;Spellheim;;;;;;;;;;;;;x
b_spiteleaf;Spiteleaf;;;;;;;;;;;;;x
b_spittleback;Spittleback;;;;;;;;;;;;;x
b_splinterlance;Splinterlance;;;;;;;;;;;;;x
b_splintertree;Splintertree;;;;;;;;;;;;;x
b_splinterwood;Splinterwood;;;;;;;;;;;;;x
b_split;Split;;;;;;;;;;;;;x
b_springbok;Springbok;;;;;;;;;;;;;x
b_springford;Springford;;;;;;;;;;;;;x
b_springhamlet;Springhamlet;;;;;;;;;;;;;x
b_springpond;Springpond;;;;;;;;;;;;;x
b_springpong;Springpond;;;;;;;;;;;;;x
b_squandermine;Squandermine;;;;;;;;;;;;;x
b_stahlman;Stahlman's Gorge;;;;;;;;;;;;;x
b_stargaze;Stargaze;;;;;;;;;;;;;x
b_starhill;Full-Moons Starhill;;;;;;;;;;;;;x
b_starport;Starport;;;;;;;;;;;;;x
b_starrat;Starrat;;;;;;;;;;;;;x
b_starryholt;Starryholt;;;;;;;;;;;;;x
b_stdelyn;St. Delyn;;;;;;;;;;;;;x
b_steamcrag;Steamcrag;;;;;;;;;;;;;x
b_steedstone;Steedstone;;;;;;;;;;;;;x
b_stendarr;Stendarr;;;;;;;;;;;;;x
b_stendarrsbeacon;Stendarr's Beacon;;;;;;;;;;;;;x
b_steyning;Steyning;;;;;;;;;;;;;x
b_stillborn;Stillborn;;;;;;;;;;;;;x
b_stillwater;Stillwater;;;;;;;;;;;;;x
b_stirk;Stirk;;;;;;;;;;;;;x
b_stjordal;Stjordal;;;;;;;;;;;;;x
b_stobmuir;Stobmuir;;;;;;;;;;;;;x
b_stolms;St. Olms;;;;;;;;;;;;;x
b_stoneburner;Stoneburner;;;;;;;;;;;;;x
b_stonechill;Stonechill;;;;;;;;;;;;;x
b_stonedale;Stonedale;;;;;;;;;;;;;x
b_stoneden;Stonden;;;;;;;;;;;;;x
b_stonefall;Stonefall;;;;;;;;;;;;;x
b_stonefield;Stonefield;;;;;;;;;;;;;x
b_stonegard;Stonegard;;;;;;;;;;;;;x
b_stonehills;Stonehills;;;;;;;;;;;;;x
b_stonemoor;Stone Moor;;;;;;;;;;;;;x
b_stonesmith;Stonesmith;;;;;;;;;;;;;x
b_stonesummer;Stonesummer;;;;;;;;;;;;;x
b_stoneview:Stoneview;;;;;;;;;;;;;;x
b_stoneview;Stoneview;;;;;;;;;;;;;x
b_stonewaste;Stonewastes;;;;;;;;;;;;;x
b_stonewatch;Stonewatch;;;;;;;;;;;;;x
b_stonycreek;Stonycreek;;;;;;;;;;;;;x
b_stormbane;Stormbane;;;;;;;;;;;;;x
b_stormcloak;Stormcloak;;;;;;;;;;;;;x
b_stormhold;Stormhold;;;;;;;;;;;;;x
b_stormpfund;Stormpfund;;;;;;;;;;;;;x
b_stoxhal;Stoxhal;;;;;;;;;;;;;x
b_strabane;Strabane;;;;;;;;;;;;;x
b_strand;Strand;;;;;;;;;;;;;x
b_stranglevine;Stranglevine;;;;;;;;;;;;;x
b_stranraer;Stranraer;;;;;;;;;;;;;x
b_strator;Strator;;;;;;;;;;;;;x
b_stratos;Stratos;;;;;;;;;;;;;x
b_stricht;Stricht;;;;;;;;;;;;;x
b_stromheim;Stromheim;;;;;;;;;;;;;x
b_stromsbruck;Stromsbruck;;;;;;;;;;;;;x
b_strongfield;Strongfield;;;;;;;;;;;;;x
b_stronglake;Stronglake;;;;;;;;;;;;;x
b_strongriver;Strongriver;;;;;;;;;;;;;x
b_strongsummer;Strongsummer;;;;;;;;;;;;;x
b_strosmkai;Stros M'kai;;;;;;;;;;;;;x
b_stubbing;Stubbing;;;;;;;;;;;;;x
b_studley;Studley;;;;;;;;;;;;;x
b_stur;Stur;;;;;;;;;;;;;x
b_sudrun;Sudrun;;;;;;;;;;;;;x
b_suhar;Suhar;;;;;;;;;;;;;x
b_sujawal;Sujawal;;;;;;;;;;;;;x
b_sukuchuk;Sukuchuk;;;;;;;;;;;;;x
b_sullengard;Sullengard;;;;;;;;;;;;;x
b_sulspath;Sulspath;;;;;;;;;;;;;x
b_sumaek;Sumaek;;;;;;;;;;;;;x
b_sumaya;Sumaya;;;;;;;;;;;;;x
b_sumjung;Sumjung;;;;;;;;;;;;;x
b_sumli;Sumli;;;;;;;;;;;;;x
b_summan;Summan;;;;;;;;;;;;;x
b_summerbridge;Summerbridge;;;;;;;;;;;;;x
b_summeredge;Summeredge;;;;;;;;;;;;;x
b_summerelf;Summerself;;;;;;;;;;;;;x
b_summerglass;Summerglass;;;;;;;;;;;;;x
b_summerhedge;Summerhedge;;;;;;;;;;;;;x
b_summerway;Summerway;;;;;;;;;;;;;x
b_sumruma;Sumruma;;;;;;;;;;;;;x
b_sumsat;Sumsat;;;;;;;;;;;;;x
b_sun;Sun;;;;;;;;;;;;;x
b_sunarnor;Sunarnor;;;;;;;;;;;;;x
b_sundercliff;Sundercliff;;;;;;;;;;;;;x
b_sunderedtowers;Sundered Towers;;;;;;;;;;;;;x
b_sunderheim;Sunderheim;;;;;;;;;;;;;x
b_sundern;Sundern;;;;;;;;;;;;;x
b_sunderstone;Sunderstone;;;;;;;;;;;;;x
b_sundiver;Sundiver;;;;;;;;;;;;;x
b_sunflare;Sunflare;;;;;;;;;;;;;x
b_sungard;Sungard;;;;;;;;;;;;;x
b_sunglare;Sunglare;;;;;;;;;;;;;x
b_sunhold;Sunhold;;;;;;;;;;;;;x
b_sunkeep;Sunkeep;;;;;;;;;;;;;x
b_sunnor;Sunnor;;;;;;;;;;;;;x
b_sunrest;Sunrest;;;;;;;;;;;;;x
b_sunstone;Sunstone;;;;;;;;;;;;;x
b_sunstroke;Sunstroke;;;;;;;;;;;;;x
b_sunwast;Sunwast;;;;;;;;;;;;;x
b_sunwhisp;Sunwhisp;;;;;;;;;;;;;x
b_sunwood;Sunwood;;;;;;;;;;;;;x
b_suol;Siuol;;;;;;;;;;;;;x
b_suracal;Suracal;;;;;;;;;;;;;x
b_suraduk;Suraduk;;;;;;;;;;;;;x
b_suraggo;Suraggo;;;;;;;;;;;;;x
b_surakota;Surakota;;;;;;;;;;;;;x
b_suralunto;Suralunto;;;;;;;;;;;;;x
b_suran;Suran;;;;;;;;;;;;;x
b_surapara;Surapara;;;;;;;;;;;;;x
b_suratkhon;Suratkhon;;;;;;;;;;;;;x
b_suratra;Suratra;;;;;;;;;;;;;x
b_suri;Suri;;;;;;;;;;;;;x
b_surinala;Surinala;;;;;;;;;;;;;x
b_surinang;Surinang;;;;;;;;;;;;;x
b_surindung;Surindung;;;;;;;;;;;;;x
b_surinkhon;Surinkhon;;;;;;;;;;;;;x
b_surkh;Surkh;;;;;;;;;;;;;x
b_sursand;Sursand;;;;;;;;;;;;;x
b_sutch;Sutch;;;;;;;;;;;;;x
b_svare;Svare;;;;;;;;;;;;;x
b_svedanorn;Svedanorn;;;;;;;;;;;;;x
b_svenja;Svenja;;;;;;;;;;;;;x
b_swamppond;Swamppond;;;;;;;;;;;;;x
b_swampwater;Swampwater;;;;;;;;;;;;;x
b_swampycave;Swampycave;;;;;;;;;;;;;x
b_sway;Sway;;;;;;;;;;;;;x
b_sweetshare;Sweetshare;;;;;;;;;;;;;x
b_sweetspring;Sweetspring;;;;;;;;;;;;;x
b_sweetwater;Sweetwater;;;;;;;;;;;;;x
b_swethil;Swethil;;;;;;;;;;;;;x
b_swindleford;Swindleford;;;;;;;;;;;;;x
b_swindlersden;Swindler's Den;;;;;;;;;;;;;x
b_swindlesham;Swindlesham;;;;;;;;;;;;;x
b_swordsinger;Swordsinger;;;;;;;;;;;;;x
b_swordsong;Swordsong;;;;;;;;;;;;;x
b_swynden;Swynden;;;;;;;;;;;;;x
b_swynford;Swynford;;;;;;;;;;;;;x
b_sylon;Sylon;;;;;;;;;;;;;x
b_sylvan;Sylvan;;;;;;;;;;;;;x
b_sylvania;Sylvania;;;;;;;;;;;;;x
b_sylvestis;Sylvestris;;;;;;;;;;;;;x
b_sylvestris;Sylvestris;;;;;;;;;;;;;x
b_syraglade;Syraglade;;;;;;;;;;;;;x
b_syut;Syut;;;;;;;;;;;;;x
b_syvril;Syvril;;;;;;;;;;;;;x
b_taaf;Ta'af;;;;;;;;;;;;;x
b_tacakeh;Tacakeh;;;;;;;;;;;;;x
b_tacast;Tacast;;;;;;;;;;;;;x
b_tachbrook;Tachbrook;;;;;;;;;;;;;x
b_tadavi;Tadavi;;;;;;;;;;;;;x
b_tadaya;Tadaya;;;;;;;;;;;;;x
b_tadesa;Tadesa;;;;;;;;;;;;;x
b_tadrienia;Tadrienia;;;;;;;;;;;;;x
b_taek;Taek;;;;;;;;;;;;;x
b_tagawa;Tagawa;;;;;;;;;;;;;x
b_taggau;Taggau;;;;;;;;;;;;;x
b_tahiran;Tahiran;;;;;;;;;;;;;x
b_taithorir;Taithorir;;;;;;;;;;;;;x
b_takasuo;Takasuo;;;;;;;;;;;;;x
b_takdung;Takdung;;;;;;;;;;;;;x
b_taketh;Taketh;;;;;;;;;;;;;x
b_takhlisot;Takhlisot;;;;;;;;;;;;;x
b_taki;Taki;;;;;;;;;;;;;x
b_takiregli;Takiregli;;;;;;;;;;;;;x
b_takoradi;Takoradi;;;;;;;;;;;;;x
b_takprathet;Takprathet;;;;;;;;;;;;;x
b_takthaburi;Takthaburi;;;;;;;;;;;;;x
b_takthaya;Takthaya;;;;;;;;;;;;;x
b_takthong;Takthong;;;;;;;;;;;;;x
b_taku;Taku;;;;;;;;;;;;;x
b_takuamui;Takuamui;;;;;;;;;;;;;x
b_takuapo;Takua Po;;;;;;;;;;;;;x
b_takuathaburi;Takuathaburi;;;;;;;;;;;;;x
b_takuatong;Takuatong;;;;;;;;;;;;;x
b_takulok;Takulok;;;;;;;;;;;;;x
b_taldeer;Taldeer;;;;;;;;;;;;;x
b_talds;Taldruhn;;;;;;;;;;;;;x
b_talesafan;Taleskan;;;;;;;;;;;;;x
b_talishill;Talishill;;;;;;;;;;;;;x
b_talkingstone;Talking Stone;;;;;;;;;;;;;x
b_talniar;Talniar;;;;;;;;;;;;;x
b_talosplaza;Talos Plaza;;;;;;;;;;;;;x
b_talwinque;Talwinque;;;;;;;;;;;;;x
b_tambel;Tambel;;;;;;;;;;;;;x
b_tameng;Tameng;;;;;;;;;;;;;x
b_tamrugh;Tamrugh;;;;;;;;;;;;;x
b_tamwell;Tamwell;;;;;;;;;;;;;x
b_tamworth;Tamworth;;;;;;;;;;;;;x
b_tanagra;Tanagra;;;;;;;;;;;;;x
b_taneth;Taneth;;;;;;;;;;;;;x
b_tangawan;Tangawan;;;;;;;;;;;;;x
b_tangawat;Tangawat;;;;;;;;;;;;;x
b_tangbueng;Tangbueng;;;;;;;;;;;;;x
b_tangchon;Tangchon;;;;;;;;;;;;;x
b_tanghet;Tanghet;;;;;;;;;;;;;x
b_tanghin;Tanghin;;;;;;;;;;;;;x
b_tangir;Tangir;;;;;;;;;;;;;x
b_tangkaen;Tangkaen;;;;;;;;;;;;;x
b_tangmo;Tangmo;;;;;;;;;;;;;x
b_tangon;Tangon;;;;;;;;;;;;;x
b_tangrang;Tangrang;;;;;;;;;;;;;x
b_tangwan;Tangwan;;;;;;;;;;;;;x
b_tangyai;Tangyai;;;;;;;;;;;;;x
b_tangyala;Tangyala;;;;;;;;;;;;;x
b_tanning;Tanning;;;;;;;;;;;;;x
b_tanwang;Tanwang;;;;;;;;;;;;;x
b_tapala;Tapala;;;;;;;;;;;;;x
b_taphanmai;Taphanmai;;;;;;;;;;;;;x
b_taphannat;Taphannat;;;;;;;;;;;;;x
b_taphantrang;Taphantrang;;;;;;;;;;;;;x
b_taphanung;Taphanung;;;;;;;;;;;;;x
b_tardorn;Tardorn Wood;;;;;;;;;;;;;x
b_tarer;Tarer;;;;;;;;;;;;;x
b_tarhuk;Tarhuk;;;;;;;;;;;;;x
b_tarlain;Tarlain;;;;;;;;;;;;;x
b_tarong;Tarong;;;;;;;;;;;;;x
b_tarshehir;Tarshehir;;;;;;;;;;;;;x
b_tarshikkale;Tarshikkale;;;;;;;;;;;;;x
b_tarthan;Tarthan;;;;;;;;;;;;;x
b_tasaka;Tasaka;;;;;;;;;;;;;x
b_tasia;Tasia;;;;;;;;;;;;;x
b_tasiio;Tasiio;;;;;;;;;;;;;x
b_tasikdang;Tasikdang;;;;;;;;;;;;;x
b_tasikggi;Tasikggi;;;;;;;;;;;;;x
b_tasikjar;Tasikjar;;;;;;;;;;;;;x
b_tasikku;Tasikku;;;;;;;;;;;;;x
b_tatan;Tatan;;;;;;;;;;;;;x
b_tatifi;Tatifi;;;;;;;;;;;;;x
b_tatkars;Tatkars;;;;;;;;;;;;;x
b_tatting;Tatting;;;;;;;;;;;;;x
b_tavabridge;Tava Bridge;;;;;;;;;;;;;x
b_tavawn;Tavawn;;;;;;;;;;;;;x
b_tave;Tave;;;;;;;;;;;;;x
b_tavernmarch;Tavernmarch;;;;;;;;;;;;;x
b_tawia;Tawia;;;;;;;;;;;;;x
b_teachmor;Teachmor;;;;;;;;;;;;;x
b_tear;Tear;;;;;;;;;;;;;x
b_tedril;Tedril;;;;;;;;;;;;;x
b_tega;Tega;;;;;;;;;;;;;x
b_tekasya;Tekasya;;;;;;;;;;;;;x
b_tekegli;Tekegli;;;;;;;;;;;;;x
b_tekihisar;Tekihisar;;;;;;;;;;;;;x
b_tekirsa;Tekirsa;;;;;;;;;;;;;x
b_tekirsun;Tekirsun;;;;;;;;;;;;;x
b_tekirsus;Tekirsus;;;;;;;;;;;;;x
b_tekirzan;Tekirzan;;;;;;;;;;;;;x
b_tekisa;Tekisa;;;;;;;;;;;;;x
b_telabanis;Tel Abanis;;;;;;;;;;;;;x
b_teladmhora;Tel Admhora;;;;;;;;;;;;;x
b_telaitoc;Tel Aitoc;;;;;;;;;;;;;x
b_telansi;Tel Ansi;;;;;;;;;;;;;x
b_telaren;Tel Aren;;;;;;;;;;;;;x
b_telaruhn;Tel Aruhn;;;;;;;;;;;;;x
b_telasero;Tel Asero;;;;;;;;;;;;;x
b_telashan;Tel Ashan;;;;;;;;;;;;;x
b_telaviv;Tel Aviv;;;;;;;;;;;;;x
b_telbranic;Tel Branic;;;;;;;;;;;;;x
b_telbranora;Tel Branora;;;;;;;;;;;;;x
b_telbrenorath;Tel Brenorath;;;;;;;;;;;;;x
b_teldarys;Tel Darys;;;;;;;;;;;;;x
b_teldimon;Tel Dimon;;;;;;;;;;;;;x
b_teldranor;Tel Dranor;;;;;;;;;;;;;x
b_teldrolan;Tel Drolan;;;;;;;;;;;;;x
b_telein;Telein;;;;;;;;;;;;;x
b_teleman;Teleman;;;;;;;;;;;;;x
b_telepe;Telepe;;;;;;;;;;;;;x
b_telfadril;Tel Fadril;;;;;;;;;;;;;x
b_telfyr;Tel Fyr;;;;;;;;;;;;;x
b_telhamah;Tel Hamah;;;;;;;;;;;;;x
b_telharn;Tel Harn;;;;;;;;;;;;;x
b_telisha;Tel Isha;;;;;;;;;;;;;x
b_telisola;Tel Isola;;;;;;;;;;;;;x
b_telisun;Tel Isun;;;;;;;;;;;;;x
b_telkalad;Tel Kalad;;;;;;;;;;;;;x
b_telloec;Tel Loec;;;;;;;;;;;;;x
b_telmalantis;Tel Malantis;;;;;;;;;;;;;x
b_telmeloc;Tel Meloc;;;;;;;;;;;;;x
b_telmeros;Tel Meros;;;;;;;;;;;;;x
b_telmirend;Tel Mirend;;;;;;;;;;;;;x
b_telmora;Tel Mora;;;;;;;;;;;;;x
b_telmortis;Tel Mortis;;;;;;;;;;;;;x
b_telnaga;Tel Naga;;;;;;;;;;;;;x
b_telneduer;Tel Neduer;;;;;;;;;;;;;x
b_telolthse;Tel Olthse;;;;;;;;;;;;;x
b_telores;Tel Ores;;;;;;;;;;;;;x
b_telorethi;Tel Orethi;;;;;;;;;;;;;x
b_telpsari;Tel Psari;;;;;;;;;;;;;x
b_telrallas;Tel Rallas;;;;;;;;;;;;;x
b_telransom;Tel Ransom;;;;;;;;;;;;;x
b_telroan;Tel Roan;;;;;;;;;;;;;x
b_telsafhara;Tel Safhara;;;;;;;;;;;;;x
b_telsaharis;Tel Saharis;;;;;;;;;;;;;x
b_telsaren;Tel Saren;;;;;;;;;;;;;x
b_telsarthis;Tel Sarthis;;;;;;;;;;;;;x
b_telsil;Telsil;;;;;;;;;;;;;x
b_telsiyatil;Tel Siyatil;;;;;;;;;;;;;x
b_telsotha;Tel Sotha;;;;;;;;;;;;;x
b_telsusa;Tel Susa;;;;;;;;;;;;;x
b_telulenus;Tel Ulenus;;;;;;;;;;;;;x
b_telulvirith;Tel Ulvirith;;;;;;;;;;;;;x
b_telvanato;Tel Vanato;;;;;;;;;;;;;x
b_telvanni;Telvanni District;;;;;;;;;;;;;x
b_telvannis;Port Telvannis;;;;;;;;;;;;;x
b_telvayn;Telvayn;;;;;;;;;;;;;x
b_telveris;Tel Veris;;;;;;;;;;;;;x
b_telvibis;Tel Vibis;;;;;;;;;;;;;x
b_telvos;Tel Vos;;;;;;;;;;;;;x
b_telvothis;Tel Vothis;;;;;;;;;;;;;x
b_telzabbar;Tel Zabbar;;;;;;;;;;;;;x
b_telzahr;Tel Zahr;;;;;;;;;;;;;x
b_temamir;Temamir;;;;;;;;;;;;;x
b_temara;Temara;;;;;;;;;;;;;x
b_temi;Temi;;;;;;;;;;;;;x
b_templedistrict;Temple District;;;;;;;;;;;;;x
b_tencorn;Tencorn;;;;;;;;;;;;;x
b_tenmar;Tenmar;;;;;;;;;;;;;x
b_tenmarwall;Tenmar Wall;;;;;;;;;;;;;x
b_tenminthe;Tenminthe;;;;;;;;;;;;;x
b_tenmori;Tenmori;;;;;;;;;;;;;x
b_tenoch;Tenoch;;;;;;;;;;;;;x
b_tepanecs;Tepanecs;;;;;;;;;;;;;x
b_teretian;Teretian;;;;;;;;;;;;;x
b_teria;Teria;;;;;;;;;;;;;x
b_teth;Teth;;;;;;;;;;;;;x
b_tewkes;Tewkes;;;;;;;;;;;;;x
b_teynenhal;Teynenhal;;;;;;;;;;;;;x
b_thakhoi;Thakhoi;;;;;;;;;;;;;x
b_thalasin;Thalasin;;;;;;;;;;;;;x
b_thalin;Thalin;;;;;;;;;;;;;x
b_thammarat;Thammarat;;;;;;;;;;;;;x
b_thanala;Thanala;;;;;;;;;;;;;x
b_thanasak;Thanasak;;;;;;;;;;;;;x
b_thanchit;Thanchit;;;;;;;;;;;;;x
b_thanelin;Thanelin;;;;;;;;;;;;;x
b_thanesh;Thanesh;;;;;;;;;;;;;x
b_thanmo;Thanmo;;;;;;;;;;;;;x
b_thanrai;Thanrai;;;;;;;;;;;;;x
b_thanyahet;Thanyahet;;;;;;;;;;;;;x
b_thanyapong;Thanyapong;;;;;;;;;;;;;x
b_thanyarachan;Thanyarachan;;;;;;;;;;;;;x
b_thanyarong;Thanyarong;;;;;;;;;;;;;x
b_thanyathum;Thanyathum;;;;;;;;;;;;;x
b_thanyayai;Thanyayai;;;;;;;;;;;;;x
b_thapmo;Thapmo;;;;;;;;;;;;;x
b_thapnoi;Thap Noi;;;;;;;;;;;;;x
b_thaprathet;Thaprathet;;;;;;;;;;;;;x
b_tharong;Tharong;;;;;;;;;;;;;x
b_thathani;Thathani;;;;;;;;;;;;;x
b_thayala;Thayala;;;;;;;;;;;;;x
b_themul;Themul;;;;;;;;;;;;;x
b_theniben_0;the Niben;;;;;;;;;;;;;x
b_theniben_1;the Niben;;;;;;;;;;;;;x
b_thenim;Thenim;;;;;;;;;;;;;x
b_thenvale;Thenvale;;;;;;;;;;;;;x
b_theray;Theray;;;;;;;;;;;;;x
b_therk;Therk;;;;;;;;;;;;;x
b_thetford;Thetford;;;;;;;;;;;;;x
b_thiefstone;Thiefstone;;;;;;;;;;;;;x
b_thilarvel;Thilarvel;;;;;;;;;;;;;x
b_thir;Thir;;;;;;;;;;;;;x
b_thirandus;Thirandus;;;;;;;;;;;;;x
b_thirano;Thirano;;;;;;;;;;;;;x
b_thirsk;Thirsk;Thirsk;Thirsk;;Thirsk;;;;;;;;;x
b_thiva;Thiva;;;;;;;;;;;;;x
b_thordil;Thordil;;;;;;;;;;;;;x
b_thorheim;Thorheim Guard;;;;;;;;;;;;;x
b_thorkan;Thorkan;;;;;;;;;;;;;x
b_thormar;Thormar Hall;;;;;;;;;;;;;x
b_thormoor;Thormoor's Watch;;;;;;;;;;;;;x
b_thorn;Thorn;;;;;;;;;;;;;x
b_thornhill;Thornhill;;;;;;;;;;;;;x
b_thornlodge;Thornlodge;;;;;;;;;;;;;x
b_thornwall;Thornwall;;;;;;;;;;;;;x
b_thoron;Thoron;;;;;;;;;;;;;x
b_thorstad;Thorstad Place;;;;;;;;;;;;;x
b_hallin;Hallin's Stand;;;;;;;;;;;;;x
b_oldtower;Old Tower;;;;;;;;;;;;;x
b_damar;Damar Stead;;;;;;;;;;;;;x
b_yanurah;Yanurah;;;;;;;;;;;;;x
b_nilata;Nilata;;;;;;;;;;;;;x
b_hallofheros;Hall of Heroes;;;;;;;;;;;;;x
b_vosulc;Vosulc;;;;;;;;;;;;;x
b_martyrscrossing;Martyr's Crossing;;;;;;;;;;;;;x
b_lakewatch;Lakewatch Tower;;;;;;;;;;;;;x
b_kerbol;Kerbol's Hollow;;;;;;;;;;;;;x
b_mournoth;Mournoth Keep;;;;;;;;;;;;;x
b_thorwatch;Thorwatch;;;;;;;;;;;;;x
b_thorwood;Thorwood;;;;;;;;;;;;;x
b_thrace;Thrace;;;;;;;;;;;;;x
b_threpvale;Threpvale;;;;;;;;;;;;;x
b_thringrad;Thringrad;;;;;;;;;;;;;x
b_thumhet;Thumhet;;;;;;;;;;;;;x
b_thungbum;Thung Bum;;;;;;;;;;;;;x
b_thungkham;Thungkham;;;;;;;;;;;;;x
b_thungmai;Thungmai;;;;;;;;;;;;;x
b_thungmo;Thung Mo;;;;;;;;;;;;;x
b_thungphum;Thungphum;;;;;;;;;;;;;x
b_thungprathet;Thungprathet;;;;;;;;;;;;;x
b_thungsan;Thungsan;;;;;;;;;;;;;x
b_thybury;Thybury;;;;;;;;;;;;;x
b_tibashipal;Tipashipal;;;;;;;;;;;;;x
b_tibdin;Tibdin;;;;;;;;;;;;;x
b_tidewater;Tidewater;;;;;;;;;;;;;x
b_tidril;Tidril;;;;;;;;;;;;;x
b_tifuf;Tifuf;;;;;;;;;;;;;x
b_tigon;Tagon;;;;;;;;;;;;;x
b_tigonus;Tigonus;;;;;;;;;;;;;x
b_tiguna;Tiguna;;;;;;;;;;;;;x
b_tilakyada;Tilakyada;;;;;;;;;;;;;x
b_tilan;Tilan;;;;;;;;;;;;;x
b_tilang;Tilang;;;;;;;;;;;;;x
b_tildreath;Tildreath;;;;;;;;;;;;;x
b_tilea;Tilea;;;;;;;;;;;;;x
b_tilui;Tilui;;;;;;;;;;;;;x
b_timberborn;Timberborn;;;;;;;;;;;;;x
b_timberscar;Timberscar Hollow;;;;;;;;;;;;;x
b_timberwatch;Timberwatch;;;;;;;;;;;;;x
b_timurlan;Timurlan;;;;;;;;;;;;;x
b_tinadria;Tinadria;;;;;;;;;;;;;x
b_tinedien;Tinedien;;;;;;;;;;;;;x
b_tinimbor;Tinimbor;;;;;;;;;;;;;x
b_tiran;Tiran;;;;;;;;;;;;;x
b_tiranor;Tiranor;;;;;;;;;;;;;x
b_tirasan;Tirasan;;;;;;;;;;;;;x
b_tirian;Tirian;;;;;;;;;;;;;x
b_tirond;Tirond;;;;;;;;;;;;;x
b_tiruma;Tiruma;;;;;;;;;;;;;x
b_tirval;Tirval;;;;;;;;;;;;;x
b_titu;Titu;;;;;;;;;;;;;x
b_tlanmar;Tlanmar;;;;;;;;;;;;;x
b_toadstoolhollow;Toadstool Hollow;;;;;;;;;;;;;x
b_tobara;Tobara;;;;;;;;;;;;;x
b_todmor;Todmor;;;;;;;;;;;;;x
b_toem;Toem;;;;;;;;;;;;;x
b_togali;Togali;;;;;;;;;;;;;x
b_toghria;Toghria;;;;;;;;;;;;;x
b_togori;Togori;;;;;;;;;;;;;x
b_toharu;Toharu;;;;;;;;;;;;;x
b_toilspath;Toil's Path;;;;;;;;;;;;;x
b_tokal;Tokal;;;;;;;;;;;;;x
b_tokat;Tokat;;;;;;;;;;;;;x
b_tokazip;Tokazip;;;;;;;;;;;;;x
b_tokwari;Tokwari;;;;;;;;;;;;;x
b_tolgard;Tolgard;;;;;;;;;;;;;x
b_tollfern;Tollfern;;;;;;;;;;;;;x
b_tolmse;Tolmse-Ruhn;;;;;;;;;;;;;x
b_tolwin;Tolwynn;;;;;;;;;;;;;x
b_tombalku;Tombalku;;;;;;;;;;;;;x
b_tonang;Tonang;;;;;;;;;;;;;x
b_tonardar;Tonardar;;;;;;;;;;;;;x
b_tondel;Tondel;;;;;;;;;;;;;x
b_tongala;Tongala;;;;;;;;;;;;;x
b_tontong;Tontong;;;;;;;;;;;;;x
b_tonyala;Tonyala;;;;;;;;;;;;;x
b_topal;Topal;;;;;;;;;;;;;x
b_topang;Topang;;;;;;;;;;;;;x
b_topen;Topen;;;;;;;;;;;;;x
b_topok;Topok;;;;;;;;;;;;;x
b_toprest;Toprest;;;;;;;;;;;;;x
b_topverhold;Topverhold;;;;;;;;;;;;;x
b_topwalk;Topwalk;;;;;;;;;;;;;x
b_tore;Tore;;;;;;;;;;;;;x
b_torengard;Torengard;;;;;;;;;;;;;x
b_torhold;Torhold;;;;;;;;;;;;;x
b_torinthe;Torinthe;;;;;;;;;;;;;x
b_tornthe;Tornthe;;;;;;;;;;;;;x
b_torquey;Torquey;;;;;;;;;;;;;x
b_torruhn;Tor-Ruhn;;;;;;;;;;;;;x
b_torval;Torval;;;;;;;;;;;;;x
b_torvald;Torvald;;;;;;;;;;;;;x
b_torverhold;Torverhold;;;;;;;;;;;;;x
b_torvinthe;Torvinthe;;;;;;;;;;;;;x
b_toryawiin;Toryawiin;;;;;;;;;;;;;x
b_tose;Tose;;;;;;;;;;;;;x
b_totaken;Totaken;;;;;;;;;;;;;x
b_totambu;Na-Totambu;;;;;;;;;;;;;x
b_satakalaam;Satakalaam;;;;;;;;;;;;;x
b_motalion;Motalion;;;;;;;;;;;;;x
b_tavasblessing;Tava's Blessing;;;;;;;;;;;;;x
b_hoondingswatch;Hoonding's Watch;;;;;;;;;;;;;x
b_lekisblade;Leki's Blade;;;;;;;;;;;;;x
b_totari;Totari;;;;;;;;;;;;;x
b_totoshi;Totoshi;;;;;;;;;;;;;x
b_tovuz;Tovuz;;;;;;;;;;;;;x
b_towerstone;Towerstone;;;;;;;;;;;;;x
b_towerwatch;Tower Watch;;;;;;;;;;;;;x
b_towesi;Towesi;;;;;;;;;;;;;x
b_townsend;Townsend;;;;;;;;;;;;;x
b_toyford;Toyford;;;;;;;;;;;;;x
b_trababin;Trababin;;;;;;;;;;;;;x
b_trabakkale;Trabakkale;;;;;;;;;;;;;x
b_trabars;Trabars;;;;;;;;;;;;;x
b_trabasya;Trabasya;;;;;;;;;;;;;x
b_trabiya;Trabiya;;;;;;;;;;;;;x
b_traitorspost;Traitor's Post;;;;;;;;;;;;;x
b_tranton;Tranton;;;;;;;;;;;;;x
b_tratong;Tra Tong;;;;;;;;;;;;;x
b_traven;Traven;;;;;;;;;;;;;x
b_treddyn;Treddyn;;;;;;;;;;;;;x
b_treebeard;Treebeard;;;;;;;;;;;;;x
b_treebread;Treebeard;;;;;;;;;;;;;x
b_tregan;Tregan;;;;;;;;;;;;;x
b_tretius;Tretius;;;;;;;;;;;;;x
b_virak;Virak;;;;;;;;;;;;;x
b_treva;Treva's Watch;;;;;;;;;;;;;x
b_trisant;Trisant;;;;;;;;;;;;;x
b_trollhatten;Trollhatten;;;;;;;;;;;;;x
b_trollheim;Trollheim;;;;;;;;;;;;;x
b_trollhutten;Trollhutten;;;;;;;;;;;;;x
b_trollur;Trollur;;;;;;;;;;;;;x
b_trollvollr;Trollvollr;;;;;;;;;;;;;x
b_trondal;Trondal;;;;;;;;;;;;;x
b_tronnheim;Tronnheim;;;;;;;;;;;;;x
b_trossan;Trossan;;;;;;;;;;;;;x
b_trumbe;Trumbe;;;;;;;;;;;;;x
b_tsachai;Tsachai;;;;;;;;;;;;;x
b_tsaigyi;Tsaigyi;;;;;;;;;;;;;x
b_tsammu;Tsammu;;;;;;;;;;;;;x
b_tsangm;Tsangm;;;;;;;;;;;;;x
b_tsano_o;Tsano-o;;;;;;;;;;;;;x
b_tsap;Tsap;;;;;;;;;;;;;x
b_tsapat;Tsapat;;;;;;;;;;;;;x
b_tsauan;Tsauan;;;;;;;;;;;;;x
b_tsauma;Tsauma;;;;;;;;;;;;;x
b_tsavaima;Tsavaima;;;;;;;;;;;;;x
b_tsazhou;Tsazhou;;;;;;;;;;;;;x
b_tsa_a;Tsa-a;;;;;;;;;;;;;x
b_tsa_chipat;Tsa-Chipat;;;;;;;;;;;;;x
b_tsa_choima;Tsa-Choima;;;;;;;;;;;;;x
b_tsa_o;Tsa-o;;;;;;;;;;;;;x
b_tsean;Tsean;;;;;;;;;;;;;x
b_tsechi;Tsechi;;;;;;;;;;;;;x
b_tseghi;Tseghi;;;;;;;;;;;;;x
b_tsegyi;Tsegyi;;;;;;;;;;;;;x
b_tseno_o;Tseno-o;;;;;;;;;;;;;x
b_tsepat;Tsepat;;;;;;;;;;;;;x
b_tsesa_a;Tsesa-a;;;;;;;;;;;;;x
b_tseuan;Tseuan;;;;;;;;;;;;;x
b_tseyi;Tseyi;;;;;;;;;;;;;x
b_tse_tsechima;Tse-Tsechima;;;;;;;;;;;;;x
b_tse_tseima;Tse-Tseima;;;;;;;;;;;;;x
b_tshima;Tsahima;;;;;;;;;;;;;x
b_tshin;Tshin;;;;;;;;;;;;;x
b_tsno;Tsno;;;;;;;;;;;;;x
b_tsoghi;Tsoghi;;;;;;;;;;;;;x
b_tsolak;Tsolak;;;;;;;;;;;;;x
b_tsshi;Tsshi;;;;;;;;;;;;;x
b_tsuammu;Tsuammu;;;;;;;;;;;;;x
b_tsuhin;Tsuhin;;;;;;;;;;;;;x
b_tsuno;Tsuno;;;;;;;;;;;;;x
b_tsupuba;Tsupuba;;;;;;;;;;;;;x
b_tsuro;Tsuro;;;;;;;;;;;;;x
b_tsustammu;Tsustammu;;;;;;;;;;;;;x
b_tsuzhou;Tsezhou;;;;;;;;;;;;;x
b_tsuzu;Tsuzu;;;;;;;;;;;;;x
b_tsu_chiangm;Tsu-Chiangm;;;;;;;;;;;;;x
b_tsu_natu;Tsu-Natu;;;;;;;;;;;;;x
b_tsvazhou;Tsvazhou;;;;;;;;;;;;;x
b_tsve_a;Tsve-a;;;;;;;;;;;;;x
b_ts_vean;Ts-Vean;;;;;;;;;;;;;x
b_tuamsi;Tuamsi;;;;;;;;;;;;;x
b_tubir;Tubir;;;;;;;;;;;;;x
b_tubruq;Tubruq;;;;;;;;;;;;;x
b_tul;Yul;;;;;;;;;;;;;x
b_tulip;Tulip;;;;;;;;;;;;;x
b_tulla;Tulla;;;;;;;;;;;;;x
b_tulune;Tulune;;;;;;;;;;;;;x
b_tulvit;Tulvit;;;;;;;;;;;;;x
b_tuna;Tuna;;;;;;;;;;;;;x
b_tunai;Tunai;;;;;;;;;;;;;x
b_tunbridge;Tunbridge;;;;;;;;;;;;;x
b_tunidge;Tunidge;;;;;;;;;;;;;x
b_tuoesum;Tuoesum;;;;;;;;;;;;;x
b_turan;Turan;;;;;;;;;;;;;x
b_turdiv;Turdiv;;;;;;;;;;;;;x
b_turles;Turles;;;;;;;;;;;;;x
b_turolar;Turolar;;;;;;;;;;;;;x
b_tusanend;Tusanend;;;;;;;;;;;;;x
b_twilight;Twilight;;;;;;;;;;;;;x
b_twilightsepul;Twilight Sepulcher;;;;;;;;;;;;;x
b_twyll;Twyll;;;;;;;;;;;;;x
b_tyana;Tyana;;;;;;;;;;;;;x
b_tyaoiha;Tyaoiha;;;;;;;;;;;;;x
b_tyaoyha;Tyaoyha;;;;;;;;;;;;;x
b_tyartlui;Tyartlui;;;;;;;;;;;;;x
b_tyranis;Tyranis;;;;;;;;;;;;;x
b_tyrigel;Tyrigel;;;;;;;;;;;;;x
b_tyrna;Tyrna;;;;;;;;;;;;;x
b_tysethia;Tysethia;;;;;;;;;;;;;x
b_tzajaj;Tzajaj;;;;;;;;;;;;;x
b_tzin;Tzin;;;;;;;;;;;;;x
b_ubonkok;Ubonkok;;;;;;;;;;;;;x
b_ubuntu;Ubuntu;;;;;;;;;;;;;x
b_uchu;Uchu;;;;;;;;;;;;;x
b_uderfrykte;Uderfrykte;;;;;;;;;;;;;x
b_udirabin;Udirabin;;;;;;;;;;;;;x
b_udonbueng;Udon Bueng;;;;;;;;;;;;;x
b_udongoon;Udon Goon;;;;;;;;;;;;;x
b_udonkret;Udon Kret;;;;;;;;;;;;;x
b_udonphru;Udon Phru;;;;;;;;;;;;;x
b_udonprakan;Udon Prakan;;;;;;;;;;;;;x
b_udonrang;Udon Rang;;;;;;;;;;;;;x
b_udonthani;Udon Thani;;;;;;;;;;;;;x
b_uhtet;Uhtet;;;;;;;;;;;;;x
b_uiuchi;Uiuchi;;;;;;;;;;;;;x
b_ukanen;Ukanen;;;;;;;;;;;;;x
b_ukareho;Ukareho;;;;;;;;;;;;;x
b_ukwux;Ukwux;;;;;;;;;;;;;x
b_ulaheib;Ulaheib;;;;;;;;;;;;;x
b_ulirbabi;Ulirbabi;;;;;;;;;;;;;x
b_ulodus;Ulodus;;;;;;;;;;;;;x
b_ulthuan;Ulthuan;;;;;;;;;;;;;x
b_ulthwe;Ulthwe;;;;;;;;;;;;;x
b_ulver;Ulver;;;;;;;;;;;;;x
b_umachai;Umachai;;;;;;;;;;;;;x
b_umachi;Umachi;;;;;;;;;;;;;x
b_umachima;Umachima;;;;;;;;;;;;;x
b_umaghi;Umaghi;;;;;;;;;;;;;x
b_umai;Umai;;;;;;;;;;;;;x
b_umaiangm;Umaiangm;;;;;;;;;;;;;x
b_umaju_o;Umaju-o;;;;;;;;;;;;;x
b_umakhi;Umakhi;;;;;;;;;;;;;x
b_umangm;Umangm;;;;;;;;;;;;;x
b_umano_o;Umano-o;;;;;;;;;;;;;x
b_umanta;Umanta;;;;;;;;;;;;;x
b_umarga;Umarga;;;;;;;;;;;;;x
b_umarien;Umarien;;;;;;;;;;;;;x
b_umashi;Umashi;;;;;;;;;;;;;x
b_umayi;Umayi;;;;;;;;;;;;;x
b_umazhou;Umazhou;;;;;;;;;;;;;x
b_uma_nahima;Uma-Nahima;;;;;;;;;;;;;x
b_uma_ve_o;Uma-Ve-o;;;;;;;;;;;;;x
b_umbhrem;Umbhrem;;;;;;;;;;;;;x
b_umbracairn;Umbracairn;;;;;;;;;;;;;x
b_umrion;Umrion;;;;;;;;;;;;;x
b_underpall;Underpall;;;;;;;;;;;;;x
b_understone;Understone Keep;;;;;;;;;;;;;x
b_undertow;Undertow;;;;;;;;;;;;;x
b_unindel;Unindel;;;;;;;;;;;;;x
b_unyril;Unyril;;;;;;;;;;;;;x
b_uradas;Uradas;;;;;;;;;;;;;x
b_urakesh;Urakesh;;;;;;;;;;;;;x
b_urasek;Urasek;;;;;;;;;;;;;x
b_urayil;Urayil;;;;;;;;;;;;;x
b_urfa;Urfa;;;;;;;;;;;;;x
b_urshar;Urshar;;;;;;;;;;;;;x
b_urshilaku;Urshilaku;;;;;;;;;;;;;x
b_ursu;Ursu;;;;;;;;;;;;;x
b_uruisg;Uruisg;;;;;;;;;;;;;x
b_urvaius;Uvaius;;;;;;;;;;;;;x
b_usabul;Usabul;;;;;;;;;;;;;x
b_usarica;Usarica;;;;;;;;;;;;;x
b_usavan;Usavan;;;;;;;;;;;;;x
b_usazan;Usazan;;;;;;;;;;;;;x
b_usazimir;Usazimir;;;;;;;;;;;;;x
b_usel;Usel;;;;;;;;;;;;;x
b_usirfa;Usirfa;;;;;;;;;;;;;x
b_usirli;Usirli;;;;;;;;;;;;;x
b_uskane;Uskane;;;;;;;;;;;;;x
b_ustil;Ustil;;;;;;;;;;;;;x
b_ustungrav;Ustungrav;;;;;;;;;;;;;x
b_ustunhall;Ustenhall;;;;;;;;;;;;;x
b_ustunhammer;Ustunhammer;;;;;;;;;;;;;x
b_ustunpass;Ustunpass;;;;;;;;;;;;;x
b_utalar;Utalar;;;;;;;;;;;;;x
b_uthakham;Uthakham;;;;;;;;;;;;;x
b_uthakhoi;Uthakhoi;;;;;;;;;;;;;x
b_uthala;Uthala;;;;;;;;;;;;;x
b_uthalasin;Uthalasin;;;;;;;;;;;;;x
b_uthamai;Uthamai;;;;;;;;;;;;;x
b_utharasak;Utharasak;;;;;;;;;;;;;x
b_uthayala;Uthayala;;;;;;;;;;;;;x
b_uthden;Tel Uthden;;;;;;;;;;;;;x
b_uttara;Uttara;;;;;;;;;;;;;x
b_utteringhills;Uttering Hills;;;;;;;;;;;;;x
b_uvaren;Uvaren;;;;;;;;;;;;;x
b_uvela;Uvela;;;;;;;;;;;;;x
b_uveran;Uveran;;;;;;;;;;;;;x
b_uvercrom;Uvercrom;;;;;;;;;;;;;x
b_uveria;Uveria;;;;;;;;;;;;;x
b_uverore;Uverore;;;;;;;;;;;;;x
b_uverxia;Uverxia;;;;;;;;;;;;;x
b_vabacand;Vabacand;;;;;;;;;;;;;x
b_vabbar;Vabbar;;;;;;;;;;;;;x
b_vabbaren;Vabbaren;;;;;;;;;;;;;x
b_vadrithiel;Vadrithiel;;;;;;;;;;;;;x
b_vaerminas;Vaerminas;;;;;;;;;;;;;x
b_vagara;Vagara;;;;;;;;;;;;;x
b_vahtacen;Vahtacen;;;;;;;;;;;;;x
b_vakash;Vakash;;;;;;;;;;;;;x
b_valbrandr;Valbrandr;;;;;;;;;;;;;x
b_valdor;Valdor;;;;;;;;;;;;;x
b_valdyr;Valdyr;;;;;;;;;;;;;x
b_valenital;Valenital;;;;;;;;;;;;;x
b_valenoss;Valenoss;;;;;;;;;;;;;x
b_valental;Valental;;;;;;;;;;;;;x
b_valenvaryon;Valenvaryon;;;;;;;;;;;;;x
b_valeofalive;Vale of Alive;;;;;;;;;;;;;x
b_valeofdead;Vale of Dead;;;;;;;;;;;;;x
b_valesti;Valesti;;;;;;;;;;;;;x
b_valhalla;Valhalla;;;;;;;;;;;;;x
b_valhill;Valhill;;;;;;;;;;;;;x
b_valiss;Valiss;;;;;;;;;;;;;x
b_valkwasten;Valkwasten;;;;;;;;;;;;;x
b_valkygg;Valkygg;;;;;;;;;;;;;x
b_vallasbor;Vallas Bor;;;;;;;;;;;;;x
b_valleygard;Valley Guard;;;;;;;;;;;;;x
b_valleyview;Valleyview;;;;;;;;;;;;;x
b_valowe;Valowe;;;;;;;;;;;;;x
b_valruhn;Valruhn;;;;;;;;;;;;;x
b_valstead;Valstead;;;;;;;;;;;;;x
b_valtgard;Valtgard;;;;;;;;;;;;;x
b_valthammer;Valthammer;;;;;;;;;;;;;x
b_valtheim;Valtheim Towers;;;;;;;;;;;;;x
b_valthume;Valthume;;;;;;;;;;;;;x
b_valtstead;Valtstead;;;;;;;;;;;;;x
b_valunstrad;Valunstrad;;;;;;;;;;;;;x
b_valunthia;Valunthia;;;;;;;;;;;;;x
b_valus;Tel Valus;;;;;;;;;;;;;x
b_valynesti;Valynesti;;;;;;;;;;;;;x
b_vami;Vami;;;;;;;;;;;;;x
b_vanaham;Vanaham;;;;;;;;;;;;;x
b_vanaheim;Vanaheim;;;;;;;;;;;;;x
b_vanbriar;Vanbriar;;;;;;;;;;;;;x
b_vandal;Vandal;;;;;;;;;;;;;x
b_vando;Vando;;;;;;;;;;;;;x
b_vandoran;Vandoran;;;;;;;;;;;;;x
b_vandoron;Vandoron;;;;;;;;;;;;;x
b_vanga;Vanga;;;;;;;;;;;;;x
b_vangna;Vangna;;;;;;;;;;;;;x
b_vangra;Vangra;;;;;;;;;;;;;x
b_vanir;Vanir;;;;;;;;;;;;;x
b_vann;Vann;;;;;;;;;;;;;x
b_vanseri;Vanseri;;;;;;;;;;;;;x
b_vansi;Vansi;;;;;;;;;;;;;x
b_vantalya;Vantalya;;;;;;;;;;;;;x
b_vantaw;Vantaw;;;;;;;;;;;;;x
b_vanua;Vanua;;;;;;;;;;;;;x
b_vanya;Vanya;;;;;;;;;;;;;x
b_vanyerlesim;Vanyerlesim;;;;;;;;;;;;;x
b_vara;Vara;;;;;;;;;;;;;x
b_varaclia;Varaclia;;;;;;;;;;;;;x
b_varadrod;Varadrod;;;;;;;;;;;;;x
b_varadyr;Varadyr;;;;;;;;;;;;;x
b_varanis;Varanis;;;;;;;;;;;;;x
b_varantha;Varantha;;;;;;;;;;;;;x
b_varheim;Varheim;;;;;;;;;;;;;x
b_variela;Variela;;;;;;;;;;;;;x
b_varnen;Varnen;;;;;;;;;;;;;x
b_varnora;Varnora;;;;;;;;;;;;;x
b_varondo;Varondo;;;;;;;;;;;;;x
b_varro;Varro;;;;;;;;;;;;;x
b_varsa;Varsa Baalim;;;;;;;;;;;;;x
b_varstaad;Varstaad;;;;;;;;;;;;;x
b_varthan;Varthan;;;;;;;;;;;;;x
b_varus;Varus;;;;;;;;;;;;;x
b_vas;Vas;;;;;;;;;;;;;x
b_vascal;Vascal;;;;;;;;;;;;;x
b_vasduk;Vasduk;;;;;;;;;;;;;x
b_vashab;Vashab;;;;;;;;;;;;;x
b_vaslang;Vaslang;;;;;;;;;;;;;x
b_vaspung;Vaspung;;;;;;;;;;;;;x
b_vastari;Vastari;;;;;;;;;;;;;x
b_vaswa;Vaswa;;;;;;;;;;;;;x
b_vaswari;Vaswari;;;;;;;;;;;;;x
b_vataek;Vataek;;;;;;;;;;;;;x
b_vatak;Vatak;;;;;;;;;;;;;x
b_vatan;Vatan;;;;;;;;;;;;;x
b_vatang;Vatang;;;;;;;;;;;;;x
b_vateni;Vateni;;;;;;;;;;;;;x
b_vatggara;Vatggara;;;;;;;;;;;;;x
b_vath;Makan;;;;;;;;;;;;;x
b_vaux;Vaux;;;;;;;;;;;;;x
b_veammu;Veammu;;;;;;;;;;;;;x
b_vean;Vean;;;;;;;;;;;;;x
b_vechai;Vechai;;;;;;;;;;;;;x
b_vechi;Vechi;;;;;;;;;;;;;x
b_vechima;Venchima;;;;;;;;;;;;;x
b_veghi;Veghi;;;;;;;;;;;;;x
b_vehima;Vehima;;;;;;;;;;;;;x
b_vekhzhou;Vekhzhou;;;;;;;;;;;;;x
b_velderon;Velderon;;;;;;;;;;;;;x
b_veldspar;Veldspar;;;;;;;;;;;;;x
b_velothis;Velothis;;;;;;;;;;;;;x
b_velu;Velu;;;;;;;;;;;;;x
b_vemynal;Vemynal;;;;;;;;;;;;;x
b_venatu;Venatu;;;;;;;;;;;;;x
b_vendia;Vendia;;;;;;;;;;;;;x
b_vendor;Vendor;;;;;;;;;;;;;x
b_vengevine;Vengevine;;;;;;;;;;;;;x
b_veno;Veno;;;;;;;;;;;;;x
b_veno_o;Veno-o;;;;;;;;;;;;;x
b_ventnor;Ventnor;;;;;;;;;;;;;x
b_venyi;Venyi;;;;;;;;;;;;;x
b_veris;Veris;;;;;;;;;;;;;x
b_verkarth;Verkarth;;;;;;;;;;;;;x
b_verkarthh;Rawl'kha;;;;;;;;;;;;;x
b_two_moons_dance;Two-Moons Dance;;;;;;;;;;;;;x
b_hadran;Hadran;;;;;;;;;;;;;x
b_willowgrove;Willowgrove;;;;;;;;;;;;x
b_dokrin;Jodewood;;;;;;;;;;;;x
b_vermeir;Vermeir;;;;;;;;;;;;;x
b_veron;Veron;;;;;;;;;;;;;x
b_vertmarsh;Vertmarsh;;;;;;;;;;;;;x
b_vesghi;Vesghi;;;;;;;;;;;;;x
b_vesilon;Vesilon;;;;;;;;;;;;;x
b_vesju_o;Vesju-o;;;;;;;;;;;;;x
b_veske;Veske;;;;;;;;;;;;;x
b_vesou;Vesou;;;;;;;;;;;;;x
b_vespasia;Vespasia;;;;;;;;;;;;;x
b_vespasius;Vespasius;;;;;;;;;;;;;x
b_vessa_a;Vessa-a;;;;;;;;;;;;;x
b_vestu;Vestu;;;;;;;;;;;;;x
b_vesuan;Vesuan;;;;;;;;;;;;;x
b_veyond;Veyond;;;;;;;;;;;;;x
b_vezhou;Vezhou;;;;;;;;;;;;;x
b_ve_nammu;Ve-Nammu;;;;;;;;;;;;;x
b_viernis;Viernis;;;;;;;;;;;;;x
b_vigan;Vigan;;;;;;;;;;;;;x
b_vigo;Vigo;;;;;;;;;;;;;x
b_viken;Viken;;;;;;;;;;;;;x
b_vikrod;Vikrod;;;;;;;;;;;;;x
b_vikrunn;Vikrunn;;;;;;;;;;;;;x
b_villkattdal;Villkattdal;;;;;;;;;;;;;x
b_vilverin;Vilverin;;;;;;;;;;;;;x
b_vinaldor;Vinaldor;;;;;;;;;;;;;x
b_vindasel;Vindasel;;;;;;;;;;;;;x
b_vinewall;Vinewall;;;;;;;;;;;;;x
b_vinhond;Vinhond;;;;;;;;;;;;;x
b_vinora;Vinora;;;;;;;;;;;;;x
b_vinquey;Vinquey;;;;;;;;;;;;;x
b_violetgrove;Violetgrove;;;;;;;;;;;;;x
b_vipatra;Vipatra;;;;;;;;;;;;;x
b_viplam;Viplam;;;;;;;;;;;;;x
b_vipli;Vipli;;;;;;;;;;;;;x
b_vipman;Vipman;;;;;;;;;;;;;x
b_vippara;Vippara;;;;;;;;;;;;;x
b_viriat;Viriat;;;;;;;;;;;;;x
b_virich;Virich;;;;;;;;;;;;;x
b_viridian;Viridian;;;;;;;;;;;;;x
b_virtue;Virtue;;;;;;;;;;;;;x
b_visserine;Visserine;;;;;;;;;;;;;x
b_vitat;Vitat;;;;;;;;;;;;;x
b_vitaya;Vitaya;;;;;;;;;;;;;x
b_vitharn;Vitharn;;;;;;;;;;;;;x
b_vithien;Vithien;;;;;;;;;;;;;x
b_vitpung;Vitpung;;;;;;;;;;;;;x
b_vitular;Vitular;;;;;;;;;;;;;x
b_vityat;Vityat;;;;;;;;;;;;;x
b_viusuv;Viusuv;;;;;;;;;;;;;x
b_vivec;Vivec;;;;;;;;;;;;;x
b_vlastarus;Vlastarus;;;;;;;;;;;;;x
b_vogar;Vogar;;;;;;;;;;;;;x
b_volang;Volang;;;;;;;;;;;;;x
b_volatra;Volatra;;;;;;;;;;;;;x
b_volaya;Volaya;;;;;;;;;;;;;x
b_voldang;Voldang;;;;;;;;;;;;;x
b_volgard;Volgard;;;;;;;;;;;;;x
b_volgen;Volgen;;;;;;;;;;;;;x
b_volgrav;Volgrav;;;;;;;;;;;;;x
b_volkiharcathedral;Volkihar Cathedral;;;;;;;;;;;;;x
b_volkiharkeep;Castle Volkihar;;;;;;;;;;;;;x
b_volkiharkeep;Volkihar Keep;;;;;;;;;;;;;x
b_volok;Volok;;;;;;;;;;;;;x
b_volos;Volos;;;;;;;;;;;;;x
b_volskygge;Volskygge;;;;;;;;;;;;;x
b_volug;Volug;;;;;;;;;;;;;x
b_volumbu;Volumbu;;;;;;;;;;;;;x
b_volungar;Volungar;;;;;;;;;;;;;x
b_volunhall;Volunhall;;;;;;;;;;;;;x
b_volunruud;Volunruud;;;;;;;;;;;;;x
b_volwa;Volwa;;;;;;;;;;;;;x
b_vorniet;Vorniet;;;;;;;;;;;;;x
b_vos;Vos;;;;;;;;;;;;;x
b_voslaen;Voslaen;;;;;;;;;;;;;x
b_vsachai;Vsachai;;;;;;;;;;;;;x
b_vsai;Vsai;;;;;;;;;;;;;x
b_vsaima;Vsaima;;;;;;;;;;;;;x
b_vsammu;Vsammu;;;;;;;;;;;;;x
b_vsan;Vsan;;;;;;;;;;;;;x
b_vsanyi;Vsanyi;;;;;;;;;;;;;x
b_vsaro;Vsaro;;;;;;;;;;;;;x
b_vsauan;Vsauan;;;;;;;;;;;;;x
b_vsa_naju_o;Vsa-Naju-o;;;;;;;;;;;;;x
b_vsechi;Vsechi;;;;;;;;;;;;;x
b_vsegyi;Vsegyi;;;;;;;;;;;;;x
b_vseima;Vseima;;;;;;;;;;;;;x
b_vseju_o;Vsehu-o;;;;;;;;;;;;;x
b_vseno;Vseno;;;;;;;;;;;;;x
b_vseoughi;Vseoughi;;;;;;;;;;;;;x
b_vsero;Vsero;;;;;;;;;;;;;x
b_vseshi;Vseshi;;;;;;;;;;;;;x
b_vsestsa_a;Vsestsa-a;;;;;;;;;;;;;x
b_vseuan;Vseuan;;;;;;;;;;;;;x
b_vseyi;Vseyi;;;;;;;;;;;;;x
b_vse_a;Vse-a;;;;;;;;;;;;;x
b_vukhelen;Vukhelen;;;;;;;;;;;;;x
b_vukhelnor;Vukhelnor;;;;;;;;;;;;;x
b_vukhelon;Vukhelon;;;;;;;;;;;;;x
b_vuklan;Vuklan;;;;;;;;;;;;;x
b_vulkhel;Vulkhel;;;;;;;;;;;;;x
b_vulkhelen;Vulkhelen;;;;;;;;;;;;;x
b_vulkneu;Vulkneu;;;;;;;;;;;;;x
b_vullen;Vullen;;;;;;;;;;;;;x
b_vulnim;Vulnim Gate;;;;;;;;;;;;;x
b_wadathe;Wadathe;;;;;;;;;;;;;x
b_wadden;Wadden;;;;;;;;;;;;;x
b_wakin;Wakinfall;;;;;;;;;;;;;x
b_walata;Walata;;;;;;;;;;;;;x
b_waled;Waled;;;;;;;;;;;;;x
b_walia;Walia;;;;;;;;;;;;;x
b_walker;Walker;;;;;;;;;;;;;x
b_walkers;Walker's Camp;;;;;;;;;;;;;x
b_walsall;Walsall;;;;;;;;;;;;;x
b_walsang;Walsang;;;;;;;;;;;;;x
b_wangang;Wangang;;;;;;;;;;;;;x
b_wangerland;Wangerland;;;;;;;;;;;;;x
b_wangkaen;Wangkaen;;;;;;;;;;;;;x
b_wangkhamtai;Wang Khamtai;;;;;;;;;;;;;x
b_wangong;Wang Ong;;;;;;;;;;;;;x
b_wanir;Wanir;;;;;;;;;;;;;x
b_wara;Wara;;;;;;;;;;;;;x
b_waranbaw;Waranbaw;;;;;;;;;;;;;x
b_warbimara;Warbimara;;;;;;;;;;;;;x
b_wariel;Wariel;;;;;;;;;;;;;x
b_warmwood;Warmwood;;;;;;;;;;;;;x
b_warriorstone;Warriorstone;;;;;;;;;;;;;x
b_wartale;Wartale;;;;;;;;;;;;;x
b_warwick;Warwick;;;;;;;;;;;;;x
b_wastenbrukbrook;Brukbrook;;;;;;;;;;;;;x
b_wastencoridale;Coridale;;;;;;;;;;;;;x
b_wata;Wata;;;;;;;;;;;;;x
b_watalam;Watalam;;;;;;;;;;;;;x
b_watchersrest;Watcher's Rest;;;;;;;;;;;;;x
b_waterfront;Waterfront District;;;;;;;;;;;;;x
b_waterfront_0;Waterfront;;;;;;;;;;;;;x
b_waterfront_1;Waterfront;;;;;;;;;;;;;x
b_watergate;Watergate;;;;;;;;;;;;;x
b_watersedge;Water's Edge;;;;;;;;;;;;;x
b_watershed;Watershed;;;;;;;;;;;;;x
b_waterside;Waterside;;;;;;;;;;;;;x
b_waterstone;Waterstone;;;;;;;;;;;;;x
b_wavefront;Wavefront;;;;;;;;;;;;;x
b_wawnet;Wawnet;;;;;;;;;;;;;x
b_wayfinder;Wayfinder;;;;;;;;;;;;;x
b_wayrest;Castle Wayrest;;;;;;;;;;;;;x
b_wayrest_castle;Castle Wayrest;;;;;;;;;;;;;x
b_wayrest_city;Wayrest;;;;;;;;;;;;;x
b_wayshrine;Wayshrine;;;;;;;;;;;;;x
b_wayward;Wayward;;;;;;;;;;;;;x
b_waywardpass;Wayward Pass;;;;;;;;;;;;;x
b_weathercap;Weathercap;;;;;;;;;;;;;x
b_weatherleah;Weatherleah;;;;;;;;;;;;;x
b_weatherseed;Weatherseed;;;;;;;;;;;;;x
b_wednack;Wednack;;;;;;;;;;;;;x
b_weedon;Weedon;;;;;;;;;;;;;x
b_weepingwillow;Weepingwillow;;;;;;;;;;;;;x
b_weewold;Weewold;;;;;;;;;;;;;x
b_wega;Wega;;;;;;;;;;;;;x
b_weide;Weide;;;;;;;;;;;;;x
b_weland;Weland;;;;;;;;;;;;;x
b_welke;Welke;;;;;;;;;;;;;x
b_welkind;Welkind;;;;;;;;;;;;;x
b_welkinharbour;Welkin Harbour;;;;;;;;;;;;;x
b_wellbrook;Wellbrook;;;;;;;;;;;;;x
b_wellgold;Wellgold;;;;;;;;;;;;;x
b_wellmarsh;Wellmarsh;;;;;;;;;;;;;x
b_wellspring;Wellspring;;;;;;;;;;;;;x
b_weltan;Weltan;;;;;;;;;;;;;x
b_wenalin;Wenalin;;;;;;;;;;;;;x
b_wendelbek;Wendelbek;;;;;;;;;;;;;x
b_wenderbek;Wenderbek;;;;;;;;;;;;;x
b_wendesel;Wendesel;;;;;;;;;;;;;x
b_wendir;Wendir;;;;;;;;;;;;;x
b_wenshim;Wenshim;;;;;;;;;;;;;x
b_wenyandawik;Wenyandawik;;;;;;;;;;;;;x
b_werder;Werder;;;;;;;;;;;;;x
b_wernddu;Wernddu;;;;;;;;;;;;;x
b_weser;Weser;;;;;;;;;;;;;x
b_westcondale;Western Condale;;;;;;;;;;;;;x
b_westerfen;Westerfen;;;;;;;;;;;;;x
b_westerspell;Westerspell;;;;;;;;;;;;;x
b_westguard;Westguard;;;;;;;;;;;;;x
b_westleg;Westleg;;;;;;;;;;;;;x
b_westmarch;Westmarch;;;;;;;;;;;;;x
b_westport;West Port;;;;;;;;;;;;;x
b_westwater;Westwater;;;;;;;;;;;;;x
b_wetland;Wetland;;;;;;;;;;;;;x
b_weyandawik;Wenyandawik;;;;;;;;;;;;;x
b_weye;Weye;;;;;;;;;;;;;x
b_weymoth;Weymoth;;;;;;;;;;;;;x
b_weynon;Weynon Priory;;;;;;;;;;;;;x
b_weyr;Weyr;;;;;;;;;;;;;x
b_weystein;Weystone;;;;;;;;;;;;;x
b_wheatbush;Wheatbush;;;;;;;;;;;;;x
b_whitecap;Whitecap;;;;;;;;;;;;;x
b_whitecastle;Whitecastle;;;;;;;;;;;;;x
b_whitecroft;Whitecroft;;;;;;;;;;;;;x
b_whiteflow;Whiteflow;;;;;;;;;;;;;x
b_whitegard;Whitegard;;;;;;;;;;;;;x
b_whitegold;White-Gold Tower;;;;;;;;;;;;;x
b_whiteguard;Whiteguard;;;;;;;;;;;;;x
b_whitegulch;Whitegulch;;;;;;;;;;;;;x
b_whitehaven;White Haven;;;;;;;;;;;;;x
b_whitehead;Whitehead;;;;;;;;;;;;;x
b_whitehill;Whitehill;;;;;;;;;;;;;x
b_whitemarsh;Whitemarsh;;;;;;;;;;;;;x
b_northglen;Northglen;;;;;;;;;;;;;x
b_whitemoon;Whitemoon;;;;;;;;;;;;;x
b_whitemoril;Whitemoril;;;;;;;;;;;;;x
b_whiteriver;Whiteriver;;;;;;;;;;;;;x
b_whiterun;Whiterun;;;;;;;;;;;;;x
b_whitestone;Whitestone;;;;;;;;;;;;;x
b_whitesummer;Whitesummer;;;;;;;;;;;;;x
b_whitewatch;White Watch;;;;;;;;;;;;;x
b_whitmond;Whitmond;;;;;;;;;;;;;x
b_whittle;Whittle;;;;;;;;;;;;;x
b_wiali;Wiali;;;;;;;;;;;;;x
b_widowspeak;Widow's Peak;;;;;;;;;;;;;x
b_widowswatch;Widowswatch;;;;;;;;;;;;;x
b_wildehollow;Wildehollow;;;;;;;;;;;;;x
b_wildervale;Wildervale;;;;;;;;;;;;;x
b_wildeye;Wildeye;;;;;;;;;;;;;x
b_wildheart;Wildheart;;;;;;;;;;;;;x
b_wildhelm;Wildhelm;;;;;;;;;;;;;x
b_wildungen;Wildungen;;;;;;;;;;;;;x
b_willowherb;Willowherb;;;;;;;;;;;;;x
b_willowind;Willowind;;;;;;;;;;;;;x
b_wilmslow;Wilmslow;;;;;;;;;;;;;x
b_wilton;Wilton;;;;;;;;;;;;;x
b_wimborne;Wimborne;;;;;;;;;;;;;x
b_windamere;Windamere;;;;;;;;;;;;;x
b_windcave;Windcave;;;;;;;;;;;;;x
b_windgap;Windgap;;;;;;;;;;;;;x
b_windhall;Windhall;;;;;;;;;;;;;x
b_windhelm;Windhelm;;;;;;;;;;;;;x
b_windrange;Windrange;;;;;;;;;;;;;x
b_windstone;Windstone;;;;;;;;;;;;;x
b_windterhold;Winterhold;;;;;;;;;;;;;x
b_windward;Windward;;;;;;;;;;;;;x
b_winterhold;Winterhold;;;;;;;;;;;;;x
b_winterskeep;Donzhi;;;;;;;;;;;;;x
b_winterthur;Winterthur;;;;;;;;;;;;;x
b_winterwar;Winterwar;;;;;;;;;;;;;x
b_winterwind;Winterwind;;;;;;;;;;;;;x
b_wirewood;Wirewood;;;;;;;;;;;;;x
b_wirich;Wirich;;;;;;;;;;;;;x
b_wiseroot;Wiseroot;;;;;;;;;;;;;x
b_witchcastle;Withcastle;;;;;;;;;;;;;x
b_witchland;Witchland;;;;;;;;;;;;;x
b_witchmist;Witchmist;;;;;;;;;;;;;x
b_wittering;Wittering;;;;;;;;;;;;;x
b_wolfenbuttel;Wolfenbuttel;;;;;;;;;;;;;x
b_wolfholt;Wolfholt;;;;;;;;;;;;;x
b_wolfmarsh;Wolfmarsh;;;;;;;;;;;;;x
b_wolfsbane;Wolfsbane;;;;;;;;;;;;;x
b_wolfskull;Wolfskull;;;;;;;;;;;;;x
b_wolgast;Wolgast;;;;;;;;;;;;;x
b_wolverinehall;Wolverine Hall;;;;;;;;;;;;;x
b_woodburn;Woodburn;;;;;;;;;;;;;x
b_woodenhand;Woodenhand;;;;;;;;;;;;;x
b_woodgate;Woodgate;;;;;;;;;;;;;x
b_woodhearth;Woodhearth;;;;;;;;;;;;;x
b_woodrock;Woodrock;;;;;;;;;;;;;x
b_woodroot;Woodroot;;;;;;;;;;;;;x
b_woodrot;Woodrot;;;;;;;;;;;;;x
b_woodsea;Woodsea;;;;;;;;;;;;;x
b_woodsland;Woodsland;;;;;;;;;;;;;x
b_woodstock;Woodstock;;;;;;;;;;;;;x
b_woodwyn;Woodwyn;;;;;;;;;;;;;x
b_wormborne;Wormborne;;;;;;;;;;;;;x
b_wormwood;Wormwood;;;;;;;;;;;;;x
b_woshobara;Woshobara;;;;;;;;;;;;;x
b_woshojo;Woshojo;;;;;;;;;;;;;x
b_wotangard;Wotangard;;;;;;;;;;;;;x
b_wotansheim;Wotansheim;;;;;;;;;;;;;x
b_wrothgarian;Wrothgar;;;;;;;;;;;;;x
b_wulfgard;Wulfgard;;;;;;;;;;;;;x
b_wulfharth;Wulfharth;;;;;;;;;;;;;x
b_wulflager;Wulflager;;;;;;;;;;;;;x
b_wye;Wye;;;;;;;;;;;;;x
b_wygand;Wygand;;;;;;;;;;;;;x
b_wyril;Wyril;;;;;;;;;;;;;x
b_wyth;Wyth;;;;;;;;;;;;;x
b_xermer;Xermer;;;;;;;;;;;;;x
b_xeta;Xeta;;;;;;;;;;;;;x
b_xiammu;Xiammu;;;;;;;;;;;;;x
b_xianbuon;Xianbuon;;;;;;;;;;;;;x
b_xiap;Xiap;;;;;;;;;;;;;x
b_xichai;Xinchai;;;;;;;;;;;;;x
b_xichima;Xichima;;;;;;;;;;;;;x
b_xieap;Xieap;;;;;;;;;;;;;x
b_xiehin;Xiehin;;;;;;;;;;;;;x
b_xinammu;Xinammu;;;;;;;;;;;;;x
b_xinan;Xinan;;;;;;;;;;;;;x
b_xinangm;Xinangm;;;;;;;;;;;;;x
b_xinchima;Xinchima;;;;;;;;;;;;;x
b_xinghi;Xinghi;;;;;;;;;;;;;x
b_xingyi;Xingyi;;;;;;;;;;;;;x
b_xinhima;Xinhima;;;;;;;;;;;;;x
b_xinju_o;Xinju-o;;;;;;;;;;;;;x
b_xinkhuan;Xinkhuan;;;;;;;;;;;;;x
b_xinnachi;Xinnachi;;;;;;;;;;;;;x
b_xinno;Xinno;;;;;;;;;;;;;x
b_xinno_o;Xinno-o;;;;;;;;;;;;;x
b_xinnyi;Xinnyi;;;;;;;;;;;;;x
b_xino;Xino;;;;;;;;;;;;;x
b_xino_o;Xino-o;;;;;;;;;;;;;x
b_xinpat;Xinpat;;;;;;;;;;;;;x
b_xinshi;Xinshi;;;;;;;;;;;;;x
b_xinstzhou;Xinstzhou;;;;;;;;;;;;;x
b_xinyi;Xinyi;;;;;;;;;;;;;x
b_xin_chiou;Xin-Chiou;;;;;;;;;;;;;x
b_xin_tsehin;Xin-Tsehin;;;;;;;;;;;;;x
b_xin_tseno_o;Xin-Tseno-o;;;;;;;;;;;;;x
b_xin_tsoap;Xin-Tsoap;;;;;;;;;;;;;x
b_xin_vseou;Xin-Vseou;;;;;;;;;;;;;x
b_xipat;Xipat;;;;;;;;;;;;;x
b_xistno_o;Xistno;;;;;;;;;;;;;x
b_xitu;Xitu;;;;;;;;;;;;;x
b_xiuan;Xiuan;;;;;;;;;;;;;x
b_xivetu;Xivetu;;;;;;;;;;;;;x
b_xi_o;Xi-o;;;;;;;;;;;;;x
b_xoucao;Xoucao;;;;;;;;;;;;;x
b_xoumiannodo;Xoumiannodo;;;;;;;;;;;;;x
b_xouwianjao;Xouwianjao;;;;;;;;;;;;;x
b_xouwiap;Xouwiap;;;;;;;;;;;;;x
b_xuagyi;Xuagyi;;;;;;;;;;;;;x
b_xuaima;Xuaima;;;;;;;;;;;;;x
b_xuan;Xuan;;;;;;;;;;;;;x
b_xuanangm;Xuanangm;;;;;;;;;;;;;x
b_xuanevgyi;Xuanevgyi;;;;;;;;;;;;;x
b_xuanghi;Xuanghi;;;;;;;;;;;;;x
b_xuangyi;Xuangyi;;;;;;;;;;;;;x
b_xuanhin;Xuanhin;;;;;;;;;;;;;x
b_xuaniangm;Xuaniangm;;;;;;;;;;;;;x
b_xuanju_o;Xuanju-o;;;;;;;;;;;;;x
b_xuanno_o;Xuanno-o;;;;;;;;;;;;;x
b_xuano;Xuano;;;;;;;;;;;;;x
b_xuanouangm;Xuanouangm;;;;;;;;;;;;;x
b_xuano_o;Xuano-o;;;;;;;;;;;;;x
b_xuanpat;Xuanpat;;;;;;;;;;;;;x
b_xuantsnyi;Xuantsnyi;;;;;;;;;;;;;x
b_xuantu;Xuantu;;;;;;;;;;;;;x
b_xuanvetu;Xuanvetu;;;;;;;;;;;;;x
b_xuanyi;Xuanyi;;;;;;;;;;;;;x
b_xuan_veangm;Xuan-Veangm;;;;;;;;;;;;;x
b_xuaro;Xuaro;;;;;;;;;;;;;x
b_xuashi;Xuashi;;;;;;;;;;;;;x
b_xuazhou;Xuazhou;;;;;;;;;;;;;x
b_xua_a;Xua-a;;;;;;;;;;;;;x
b_xua_nangm;Xua-Nangm;;;;;;;;;;;;;x
b_xua_vsesa_a;Xua-Vsesa-a;;;;;;;;;;;;;x
b_xuopia;Xuopia;;;;;;;;;;;;;x
b_xylo;Xylo;;;;;;;;;;;;;x
b_yafson;Yafson;;;;;;;;;;;;;x
b_yaha;Yaha;;;;;;;;;;;;;x
b_yaiaq;Yaiaq;;;;;;;;;;;;;x
b_yaka;Yaka;;;;;;;;;;;;;x
b_yalaun;Yalaun;;;;;;;;;;;;;x
b_yaleha;Yaleha;;;;;;;;;;;;;x
b_yaliya;Yaliya;;;;;;;;;;;;;x
b_yalliya;Yalliya;;;;;;;;;;;;;x
b_yalnon;Yalnon;;;;;;;;;;;;;x
b_yaloushoy;Yaloushoy;;;;;;;;;;;;;x
b_yalova;Yalova;;;;;;;;;;;;;x
b_yaniluam;Yaniluam;;;;;;;;;;;;;x
b_yashoko;Yashoko;;;;;;;;;;;;;x
b_yasir;Yasir;;;;;;;;;;;;;x
b_yayiayaq;Yayiayaq;;;;;;;;;;;;;x
b_yayu;Yayu;;;;;;;;;;;;;x
b_yedinhal;Yedinhal;;;;;;;;;;;;;x
b_yellandu;Yellandu;;;;;;;;;;;;;x
b_yellowtick;Yellowtick;;;;;;;;;;;;;x
b_yesamsi;Yesamsi;;;;;;;;;;;;;x
b_yesildere;Yesildere;;;;;;;;;;;;;x
b_yesilvadi;Yesilvadi;;;;;;;;;;;;;x
b_yevlakh;Yevlakh;;;;;;;;;;;;;x
b_yinal;Yinal;;;;;;;;;;;;;x
b_yirich;Yirihc;;;;;;;;;;;;;x
b_ykalon;Ykalon;;;;;;;;;;;;;x
b_ynarma;Ynarma;;;;;;;;;;;;;x
b_yneskyina;Yneskyina;;;;;;;;;;;;;x
b_yneslea;Yneslea;;;;;;;;;;;;;x
b_yneva;Yneva;;;;;;;;;;;;;x
b_yngvild;Yngvild;;;;;;;;;;;;;x
b_ynisfall;Ynisfall;;;;;;;;;;;;;x
b_ynnai;Ynnai;;;;;;;;;;;;;x
b_ynrah;Ynrah;;;;;;;;;;;;;x
b_yntao;Yntao;;;;;;;;;;;;;x
b_ynwar;Ynwar;;;;;;;;;;;;;x
b_yoknoh;Yoknoh;;;;;;;;;;;;;x
b_yola;Yola;;;;;;;;;;;;;x
b_yomazura;Yomazura;;;;;;;;;;;;;x
b_yonoquey;Yonoquey;;;;;;;;;;;;;x
b_wittestadr;Wittestadr;;;;;;;;;;;;;x
b_yorgrim;Lower Yorgrim;;;;;;;;;;;;;x
b_yoshiz;Yoshiz;;;;;;;;;;;;;x
b_yotachi;Yotachi;;;;;;;;;;;;;x
b_yozgat;Yozgat;;;;;;;;;;;;;x
b_yroquey;Yroquey;;;;;;;;;;;;;x
b_ysallur;Ysallur;;;;;;;;;;;;;x
b_ysfyk;Ysfyk;;;;;;;;;;;;;x
b_ysgard;Ysgard;;;;;;;;;;;;;x
b_ysgramor;Ysgramor;;;;;;;;;;;;;x
b_ysgramsholl;Ysgramsholl;;;;;;;;;;;;;x
b_ysgrarunn;Ysgrarunn;;;;;;;;;;;;;x
b_ysunn;Ysunn;;;;;;;;;;;;;x
b_ysvollr;Ysvollr;;;;;;;;;;;;;x
b_ytren;Ytren;;;;;;;;;;;;;x
b_yukeshiw;Yukeshiw;;;;;;;;;;;;;x
b_yumagan;Yumagan;;;;;;;;;;;;;x
b_yur;Yur;;;;;;;;;;;;;x
b_yuu;Yuu;;;;;;;;;;;;;x
b_yvoire;Yvoire;;;;;;;;;;;;;x
b_zafirbel;Zafirbel;;;;;;;;;;;;;x
b_zagora;Zagora;;;;;;;;;;;;;x
b_zagros;Zagros;;;;;;;;;;;;;x
b_zahedan;Zahedan;;;;;;;;;;;;;x
b_zahedann;Zahedann;;;;;;;;;;;;;x
b_zaina;Zaina;;;;;;;;;;;;;x
b_zainab;Zainab;;;;;;;;;;;;;x
b_zainsubani;Zainsubani;;;;;;;;;;;;;x
b_zaintiraris;Zaintiraris;;;;;;;;;;;;;x
b_zaki;Zaki;;;;;;;;;;;;;x
b_zakota;Zakota;;;;;;;;;;;;;x
b_zakouma;Zakouma;;;;;;;;;;;;;x
b_zali;Zali;;;;;;;;;;;;;x
b_zamora;Zamora;;;;;;;;;;;;;x
b_zamparana;Zamparana;;;;;;;;;;;;;x
b_zapok;Zapok;;;;;;;;;;;;;x
b_zaqatala;Zaqatala;;;;;;;;;;;;;x
b_zarat;Zarat;;;;;;;;;;;;;x
b_zardab;Zardab;;;;;;;;;;;;;x
b_zashima;Zashima;;;;;;;;;;;;;x
b_zavakh;Zavakh;;;;;;;;;;;;;x
b_zawa;Zawa;;;;;;;;;;;;;x
b_zawaga;Zawaga;;;;;;;;;;;;;x
b_zawakuc;Zawakuc;;;;;;;;;;;;;x
b_zeaek;Zeaek;;;;;;;;;;;;;x
b_zedaya;Zedaya;;;;;;;;;;;;;x
b_zehtathe;Zehtathe;;;;;;;;;;;;;x
b_zekota;Zekota;;;;;;;;;;;;;x
b_zelang;Zelang;;;;;;;;;;;;;x
b_zelma;Zelma;;;;;;;;;;;;;x
b_zemak;Zemak;;;;;;;;;;;;;x
b_zenithar;Zenithar;;;;;;;;;;;;;x
b_zepha;Zepha;;;;;;;;;;;;;x
b_zerila;Zerila;;;;;;;;;;;;;x
b_zerrien;Zerrien;;;;;;;;;;;;;x
b_zeyat;Zeyat;;;;;;;;;;;;;x
b_zhaocuon;Zhaocuon;;;;;;;;;;;;;x
b_zhaopou;Zhao-Pou;;;;;;;;;;;;;x
b_zhchai;Zhchai;;;;;;;;;;;;;x
b_zhchima;Zhchima;;;;;;;;;;;;;x
b_zhea;Zhea;;;;;;;;;;;;;x
b_zhev_o;Zhew-o;;;;;;;;;;;;;x
b_zhialaon;Zhialaon;;;;;;;;;;;;;x
b_zhialoun;Zhialoun;;;;;;;;;;;;;x
b_zhian;Zhian;;;;;;;;;;;;;x
b_zhin;Zhin;;;;;;;;;;;;;x
b_zhou;Zhou;;;;;;;;;;;;;x
b_zhouap;Zhouap;;;;;;;;;;;;;x
b_zhoueyi;Zhoueyi;;;;;;;;;;;;;x
b_zhoughi;Zhounghi;;;;;;;;;;;;;x
b_zhouhin;Zhouhin;;;;;;;;;;;;;x
b_zhoui;Zhoui;;;;;;;;;;;;;x
b_zhouju_o;Zhouju-o;;;;;;;;;;;;;x
b_zhoumiann;Zhoumiann;;;;;;;;;;;;;x
b_zhouno;Zhouno;;;;;;;;;;;;;x
b_zhounyi;Zhounyi;;;;;;;;;;;;;x
b_zhoupia;Zhoupia;;;;;;;;;;;;;x
b_zhouro;Zhouro;;;;;;;;;;;;;x
b_zhou_na_o;Zhou-Na-o;;;;;;;;;;;;;x
b_zhou_vsechai;Zhou-Vsechai;;;;;;;;;;;;;x
b_zhuachai;Zhuachai;;;;;;;;;;;;;x
b_zhuaeima;Zhuaeima;;;;;;;;;;;;;x
b_zhuahima;Zhuahima;;;;;;;;;;;;;x
b_zhuaiju_o;Zhuaiju;;;;;;;;;;;;;x
b_zhuap;Zhuap;;;;;;;;;;;;;x
b_zhuaro;Zhuaro;;;;;;;;;;;;;x
b_zhuava_o;Zhuava-o;;;;;;;;;;;;;x
b_zhua_choshi;ZhuaChoshi;;;;;;;;;;;;;x
b_zhua_tseshi;Zhua-Tseshi;;;;;;;;;;;;;x
b_zhveammu;Zhveammu;;;;;;;;;;;;;x
b_zhzhou;Zhzhou;;;;;;;;;;;;;x
b_ziggi;Ziggi;;;;;;;;;;;;;x
b_zindrea;Zindrea;;;;;;;;;;;;;x
b_zingara;Zingara;;;;;;;;;;;;;x
b_zipang;Zipang;;;;;;;;;;;;;x
b_zircon;Zircon;;;;;;;;;;;;;x
b_zirithia;Zirithia;;;;;;;;;;;;;x
b_zitan;Zitan;;;;;;;;;;;;;x
b_ziwa;Ziwa;;;;;;;;;;;;;x
b_zombakad;Zombakad;;;;;;;;;;;;;x
b_zsatra;Zsatra;;;;;;;;;;;;;x
b_zslui;Zslui;;;;;;;;;;;;;x
b_zyrtrad;Zyrtrad;;;;;;;;;;;;;x
b_baosiung;Baosiung;;;;;;;;;;;;;x
b_changen;Changen;;;;;;;;;;;;;x
b_hengho;Hengho;;;;;;;;;;;;;x
b_huabei;Huabei;;;;;;;;;;;;;x
b_saitou;Saitou;;;;;;;;;;;;;x
b_tainan;Tainan;;;;;;;;;;;;;x
b_meirhall_6;;;;;;;;;;;;;;x
b_meirhall_7;;;;;;;;;;;;;;x
b_rockpark_5;;;;;;;;;;;;;;x
b_rockpark_6;;;;;;;;;;;;;;x
b_rockpark_7;;;;;;;;;;;;;;x
b_bogwraith_4;;;;;;;;;;;;;;x
b_bogwraith_5;;;;;;;;;;;;;;x
b_bogwraith_6;;;;;;;;;;;;;;x
b_bogwraith_7;;;;;;;;;;;;;;x
b_seaspring_5;;;;;;;;;;;;;;x
b_seaspring_6;;;;;;;;;;;;;;x
b_seaspring_7;;;;;;;;;;;;;;x
b_murkwood_7;;;;;;;;;;;;;;x
b_harrowwell_4;;;;;;;;;;;;;;x
b_harrowwell_5;;;;;;;;;;;;;;x
b_harrowwell_6;;;;;;;;;;;;;;x
b_harrowwell_7;;;;;;;;;;;;;;x
b_blackhaven_5;;;;;;;;;;;;;;x
b_blackhaven_6;;;;;;;;;;;;;;x
b_blackhaven_7;;;;;;;;;;;;;;x
b_archon_7;;;;;;;;;;;;;;x
b_seafalls_6;;;;;;;;;;;;;;x
b_seafalls_7;;;;;;;;;;;;;;x
b_marshwell_6;;;;;;;;;;;;;;x
b_marshwell_7;;;;;;;;;;;;;;x
b_padomeic_6;;;;;;;;;;;;;;x
b_padomeic_7;;;;;;;;;;;;;;x
b_moonmarch_7;;;;;;;;;;;;;;x
b_stormhold_7;;;;;;;;;;;;;;x
b_corimont_5;;;;;;;;;;;;;;x
b_corimont_6;;;;;;;;;;;;;;x
b_corimont_7;;;;;;;;;;;;;;x
b_felmarsh_4;;;;;;;;;;;;;;x
b_felmarsh_5;;;;;;;;;;;;;;x
b_felmarsh_6;;;;;;;;;;;;;;x
b_felmarsh_7;;;;;;;;;;;;;;x
b_blackwater_6;;;;;;;;;;;;;;x
b_blackwater_7;;;;;;;;;;;;;;x
b_riverbridge_5;;;;;;;;;;;;;;x
b_riverbridge_6;;;;;;;;;;;;;;x
b_riverbridge_7;;;;;;;;;;;;;;x
b_helstrom_7;;;;;;;;;;;;;;x
b_rockguard_5;;;;;;;;;;;;;;x
b_rockguard_6;;;;;;;;;;;;;;x
b_rockguard_7;;;;;;;;;;;;;;x
b_tenmarwall_5;;;;;;;;;;;;;;x
b_tenmarwall_6;;;;;;;;;;;;;;x
b_tenmarwall_7;;;;;;;;;;;;;;x
b_gideon_7;;;;;;;;;;;;;;x
b_blackmarsh_7;;;;;;;;;;;;;;x
b_coldmoor_4;;;;;;;;;;;;;;x
b_coldmoor_5;;;;;;;;;;;;;;x
b_coldmoor_6;;;;;;;;;;;;;;x
b_coldmoor_7;;;;;;;;;;;;;;x
b_thorn_7;;;;;;;;;;;;;;x
b_marr_5;;;;;;;;;;;;;;x
b_marr_6;;;;;;;;;;;;;;x
b_marr_7;;;;;;;;;;;;;;x
b_shadowmarsh_6;;;;;;;;;;;;;;x
b_shadowmarsh_7;;;;;;;;;;;;;;x
b_chasecreek_7;;;;;;;;;;;;;;x
b_riverwalk_6;;;;;;;;;;;;;;x
b_riverwalk_7;;;;;;;;;;;;;;x
b_branchmont_6;;;;;;;;;;;;;;x
b_branchmont_7;;;;;;;;;;;;;;x
b_greenglade_7;;;;;;;;;;;;;;x
b_garthim_4;;;;;;;;;;;;;;x
b_garthim_5;;;;;;;;;;;;;;x
b_garthim_6;;;;;;;;;;;;;;x
b_garthim_7;;;;;;;;;;;;;;x
b_rockpoint_7;;;;;;;;;;;;;;x
b_lochfort_4;;;;;;;;;;;;;;x
b_lochfort_5;;;;;;;;;;;;;;x
b_lochfort_6;;;;;;;;;;;;;;x
b_lochfort_7;;;;;;;;;;;;;;x
b_markmont_7;;;;;;;;;;;;;;x
b_soulrest_7;;;;;;;;;;;;;;x
b_chasepoint_7;;;;;;;;;;;;;;x
b_rockgrove_7;;;;;;;;;;;;;;x
b_riverkeep_4;;;;;;;;;;;;;;x
b_riverkeep_5;;;;;;;;;;;;;;x
b_riverkeep_6;;;;;;;;;;;;;;x
b_riverkeep_7;;;;;;;;;;;;;;x
b_hearthshield_4;;;;;;;;;;;;;;x
b_hearthshield_5;;;;;;;;;;;;;;x
b_hearthshield_6;;;;;;;;;;;;;;x
b_hearthshield_7;;;;;;;;;;;;;;x
b_stonewastes_7;;;;;;;;;;;;;;x
b_glenbridge_7;;;;;;;;;;;;;;x
b_topal_5;;;;;;;;;;;;;;x
b_topal_6;;;;;;;;;;;;;;x
b_topal_7;;;;;;;;;;;;;;x
b_greenspring_6;;;;;;;;;;;;;;x
b_greenspring_7;;;;;;;;;;;;;;x
b_carmar_4;;;;;;;;;;;;;;x
b_carmar_5;;;;;;;;;;;;;;x
b_carmar_6;;;;;;;;;;;;;;x
b_carmar_7;;;;;;;;;;;;;;x
b_rockspring_4;;;;;;;;;;;;;;x
b_rockspring_5;;;;;;;;;;;;;;x
b_rockspring_6;;;;;;;;;;;;;;x
b_rockspring_7;;;;;;;;;;;;;;x
b_aleswell_7;Aleswell Mine;;;;;;;;;;;;;;x
b_hrotanda_5;;;;;;;;;;;;;;x
b_hrotanda_6;;;;;;;;;;;;;;x
b_hrotanda_7;;;;;;;;;;;;;;x
b_shadowsrest_5;;;;;;;;;;;;;;x
b_shadowsrest_6;;;;;;;;;;;;;;x
b_shadowsrest_7;;;;;;;;;;;;;;x
b_wendir_5;;;;;;;;;;;;;;x
b_wendir_6;;;;;;;;;;;;;;x
b_wendir_7;;;;;;;;;;;;;;x
b_rayles_6;;;;;;;;;;;;;;x
b_rayles_7;;;;;;;;;;;;;;x
b_blackrock_5;;;;;;;;;;;;;;x
b_blackrock_6;;;;;;;;;;;;;;x
b_blackrock_7;;;;;;;;;;;;;;x
b_cloudtop_5;;;;;;;;;;;;;;x
b_cloudtop_6;;;;;;;;;;;;;;x
b_cloudtop_7;;;;;;;;;;;;;;x
b_yellowtick_5;;;;;;;;;;;;;;x
b_yellowtick_6;;;;;;;;;;;;;;x
b_yellowtick_7;;;;;;;;;;;;;;x
b_coldcorn_6;;;;;;;;;;;;;;x
b_coldcorn_7;;;;;;;;;;;;;;x
b_glademist_5;;;;;;;;;;;;;;x
b_glademist_6;;;;;;;;;;;;;;x
b_glademist_7;;;;;;;;;;;;;;x
b_moranda_5;;;;;;;;;;;;;;x
b_moranda_6;;;;;;;;;;;;;;x
b_moranda_7;;;;;;;;;;;;;;x
b_lindai_5;;;;;;;;;;;;;;x
b_lindai_6;;;;;;;;;;;;;;x
b_lindai_7;;;;;;;;;;;;;;x
b_lipsand_7;;;;;;;;;;;;;;x
b_nonwyll_6;;;;;;;;;;;;;;x
b_nonwyll_7;;;;;;;;;;;;;;x
b_underpall_5;;;;;;;;;;;;;;x
b_underpall_6;;;;;;;;;;;;;;x
b_underpall_7;;;;;;;;;;;;;;x
b_palepass_5;;;;;;;;;;;;;;x
b_palepass_6;;;;;;;;;;;;;;x
b_palepass_7;;;;;;;;;;;;;;x
b_dragonclaw_6;;;;;;;;;;;;;;x
b_dragonclaw_7;;;;;;;;;;;;;;x
b_frostcrag_7;;;;;;;;;;;;;;x
b_redruby_5;;;;;;;;;;;;;;x
b_redruby_6;;;;;;;;;;;;;;x
b_redruby_7;;;;;;;;;;;;;;x
b_horunn_7;;;;;;;;;;;;;;x
b_frostfire_7;;;;;;;;;;;;;;x
b_applewatch_5;;;;;;;;;;;;;;x
b_applewatch_6;;;;;;;;;;;;;;x
b_applewatch_7;;;;;;;;;;;;;;x
b_anga_5;;;;;;;;;;;;;;x
b_anga_6;;;;;;;;;;;;;;x
b_anga_7;;;;;;;;;;;;;;x
b_toadstool_7;;;;;;;;;;;;;;x
b_cuptor_5;;;;;;;;;;;;;;x
b_cuptor_6;;;;;;;;;;;;;;x
b_cuptor_7;;;;;;;;;;;;;;x
b_wendelbek_5;;;;;;;;;;;;;;x
b_wendelbek_6;;;;;;;;;;;;;;x
b_wendelbek_7;;;;;;;;;;;;;;x
b_goldthroat_5;;;;;;;;;;;;;;x
b_goldthroat_6;;;;;;;;;;;;;;x
b_goldthroat_7;;;;;;;;;;;;;;x
b_bloodrun_5;;;;;;;;;;;;;;x
b_bloodrun_6;;;;;;;;;;;;;;x
b_bloodrun_7;;;;;;;;;;;;;;x
b_redwater_6;;;;;;;;;;;;;;x
b_redwater_7;;;;;;;;;;;;;;x
b_entius_7;;;;;;;;;;;;;;x
b_mackamentain_5;;;;;;;;;;;;;;x
b_mackamentain_6;;;;;;;;;;;;;;x
b_mackamentain_7;;;;;;;;;;;;;;x
b_facian_5;;;;;;;;;;;;;;x
b_facian_6;;;;;;;;;;;;;;x
b_facian_7;;;;;;;;;;;;;;x
b_flecia_6;;;;;;;;;;;;;;x
b_flecia_7;;;;;;;;;;;;;;x
b_aurus_7;;;;;;;;;;;;;;x
b_cedrian_7;;;;;;;;;;;;;;x
b_bramblepoint_7;;;;;;;;;;;;;;x
b_morahame_5;;;;;;;;;;;;;;x
b_morahame_6;;;;;;;;;;;;;;x
b_morahame_7;;;;;;;;;;;;;;x
b_sundercliff_7;;;;;;;;;;;;;;x
b_malada_5;;;;;;;;;;;;;;x
b_malada_6;;;;;;;;;;;;;;x
b_malada_7;;;;;;;;;;;;;;x
b_hame_5;;;;;;;;;;;;;;x
b_hame_6;;;;;;;;;;;;;;x
b_hame_7;;;;;;;;;;;;;;x
b_veyond_6;;;;;;;;;;;;;;x
b_veyond_7;;;;;;;;;;;;;;x
b_teleman_7;;;;;;;;;;;;;;x
b_doublecross_5;;;;;;;;;;;;;;x
b_doublecross_6;;;;;;;;;;;;;;x
b_doublecross_7;;;;;;;;;;;;;;x
b_blankenmarch_5;;;;;;;;;;;;;;x
b_blankenmarch_6;;;;;;;;;;;;;;x
b_blankenmarch_7;;;;;;;;;;;;;;x
b_darkfathom_6;;;;;;;;;;;;;;x
b_darkfathom_7;;;;;;;;;;;;;;x
b_wenyandawik_5;;;;;;;;;;;;;;x
b_wenyandawik_6;;;;;;;;;;;;;;x
b_wenyandawik_7;;;;;;;;;;;;;;x
b_drakelowe_5;;;;;;;;;;;;;;x
b_drakelowe_6;;;;;;;;;;;;;;x
b_drakelowe_7;;;;;;;;;;;;;;x
b_aldos_5;;;;;;;;;;;;;;x
b_aldos_6;;;;;;;;;;;;;;x
b_aldos_7;;;;;;;;;;;;;;x
b_kemen_5;;;;;;;;;;;;;;x
b_kemen_6;;;;;;;;;;;;;;x
b_kemen_7;;;;;;;;;;;;;;x
b_sedor_5;;;;;;;;;;;;;;x
b_sedor_6;;;;;;;;;;;;;;x
b_sedor_7;;;;;;;;;;;;;;x
b_eastwatch_5;;;;;;;;;;;;;;x
b_eastwatch_6;;;;;;;;;;;;;;x
b_eastwatch_7;;;;;;;;;;;;;;x
b_fanacas_5;;;;;;;;;;;;;;x
b_fanacas_6;;;;;;;;;;;;;;x
b_fanacas_7;;;;;;;;;;;;;;x
b_kingscrest_7;;;;;;;;;;;;;;x
b_cheydinhal_7;;;;;;;;;;;;;;x
b_belda_5;;;;;;;;;;;;;;x
b_belda_6;;;;;;;;;;;;;;x
b_belda_7;;;;;;;;;;;;;;x
b_vahtacen_5;;;;;;;;;;;;;;x
b_vahtacen_6;;;;;;;;;;;;;;x
b_vahtacen_7;;;;;;;;;;;;;;x
b_arrius_5;;;;;;;;;;;;;;x
b_arrius_6;;;;;;;;;;;;;;x
b_arrius_7;;;;;;;;;;;;;;x
b_harlun_6;;;;;;;;;;;;;;x
b_harlun_7;;;;;;;;;;;;;;x
b_jodestone_6;;;;;;;;;;;;;;x
b_jodestone_7;;;;;;;;;;;;;;x
b_strand_7;;;;;;;;;;;;;;x
b_garlas_5;;;;;;;;;;;;;;x
b_garlas_6;;;;;;;;;;;;;;x
b_garlas_7;;;;;;;;;;;;;;x
b_crowhaven_7;;;;;;;;;;;;;;x
b_wariel_4;;;;;;;;;;;;;;x
b_wariel_5;;;;;;;;;;;;;;x
b_wariel_6;;;;;;;;;;;;;;x
b_wariel_7;;;;;;;;;;;;;;x
b_brittlerock_5;;;;;;;;;;;;;;x
b_brittlerock_6;;;;;;;;;;;;;;x
b_brittlerock_7;;;;;;;;;;;;;;x
b_hastrel_7;;;;;;;;;;;;;;x
b_varus_5;;;;;;;;;;;;;;x
b_varus_6;;;;;;;;;;;;;;x
b_varus_7;;;;;;;;;;;;;;x
b_silorn_5;;;;;;;;;;;;;;x
b_silorn_6;;;;;;;;;;;;;;x
b_silorn_7;;;;;;;;;;;;;;x
b_grayrock_5;;;;;;;;;;;;;;x
b_grayrock_6;;;;;;;;;;;;;;x
b_grayrock_7;;;;;;;;;;;;;;x
b_vlastarus_7;;;;;;;;;;;;;;x
b_haynote_6;;;;;;;;;;;;;;x
b_haynote_7;;;;;;;;;;;;;;x
b_gottlesfont_6;;;;;;;;;;;;;;x
b_gottlesfont_7;;;;;;;;;;;;;;x
b_virtue_6;;;;;;;;;;;;;;x
b_virtue_7;;;;;;;;;;;;;;x
b_nornalhorst_5;;;;;;;;;;;;;;x
b_nornalhorst_6;;;;;;;;;;;;;;x
b_nornalhorst_7;;;;;;;;;;;;;;x
b_shardrock_7;;;;;;;;;;;;;;x
b_dasekmoor_5;;;;;;;;;;;;;;x
b_dasekmoor_6;;;;;;;;;;;;;;x
b_dasekmoor_7;;;;;;;;;;;;;;x
b_miscarcand_5;;;;;;;;;;;;;;x
b_miscarcand_6;;;;;;;;;;;;;;x
b_miscarcand_7;;;;;;;;;;;;;;x
b_ontus_7;;;;;;;;;;;;;;x
b_trumbe_5;;;;;;;;;;;;;;x
b_trumbe_6;;;;;;;;;;;;;;x
b_trumbe_7;;;;;;;;;;;;;;x
b_wendil;Wendil;;;;;;;;;;;;;x
b_varondo_5;;;;;;;;;;;;;;x
b_varondo_6;;;;;;;;;;;;;;x
b_varondo_7;;;;;;;;;;;;;;x
b_weye_7;;;;;;;;;;;;;;x
b_caractacus_7;;;;;;;;;;;;;;x
b_sercen_6;;;;;;;;;;;;;;x
b_sercen_7;;;;;;;;;;;;;;x
b_pellsgate_6;;;;;;;;;;;;;;x
b_pellsgate_7;;;;;;;;;;;;;;x
b_homestead_7;;;;;;;;;;;;;;x
b_urasek_7;;;;;;;;;;;;;;x
b_vilverin_5;;;;;;;;;;;;;;x
b_vilverin_6;;;;;;;;;;;;;;x
b_vilverin_7;;;;;;;;;;;;;;x
b_nagastani_5;;;;;;;;;;;;;;x
b_nagastani_6;;;;;;;;;;;;;;x
b_nagastani_7;;;;;;;;;;;;;;x
b_sejanus_7;;;;;;;;;;;;;;x
b_cropsford_5;;;;;;;;;;;;;;x
b_cropsford_6;;;;;;;;;;;;;;x
b_cropsford_7;;;;;;;;;;;;;;x
b_culotte_5;;;;;;;;;;;;;;x
b_culotte_6;;;;;;;;;;;;;;x
b_culotte_7;;;;;;;;;;;;;;x
b_firebrandkeep;Firebrand Keep;;;;;;;;;;;;;x
b_berard;Berard;;;;;;;;;;;;;x
b_ariane;Ariane;;;;;;;;;;;;;x
b_gauvadon_7;;;;;;;;;;;;;;x
b_orlais_5;;;;;;;;;;;;;;x
b_orlais_6;;;;;;;;;;;;;;x
b_orlais_7;;;;;;;;;;;;;;x
b_cloudspring_7;;;;;;;;;;;;;;x
b_royan_6;;;;;;;;;;;;;;x
b_royan_7;;;;;;;;;;;;;;x
b_rivia;Rivia;;;;;;;;;;;;;x
b_cambrian_6;;;;;;;;;;;;;;x
b_cambrian_7;;;;;;;;;;;;;;x
b_coldstone_5;;;;;;;;;;;;;;x
b_coldstone_6;;;;;;;;;;;;;;x
b_coldstone_7;;;;;;;;;;;;;;x
b_whiteflow_5;;;;;;;;;;;;;;x
b_whiteflow_6;;;;;;;;;;;;;;x
b_whiteflow_7;;;;;;;;;;;;;;x
b_ustunhall_5;;;;;;;;;;;;;;x
b_ustunhall_6;;;;;;;;;;;;;;x
b_ustunhall_7;;;;;;;;;;;;;;x
b_volkihar_4;;;;;;;;;;;;;;x
b_volkihar_5;;;;;;;;;;;;;;x
b_volkihar_6;;;;;;;;;;;;;;x
b_volkihar_7;;;;;;;;;;;;;;x
b_greymarch_5;;;;;;;;;;;;;;x
b_greymarch_6;;;;;;;;;;;;;;x
b_greymarch_7;;;;;;;;;;;;;;x
b_scarstone_5;;;;;;;;;;;;;;x
b_scarstone_6;;;;;;;;;;;;;;x
b_scarstone_7;;;;;;;;;;;;;;x
b_coldwind_5;;;;;;;;;;;;;;x
b_coldwind_6;;;;;;;;;;;;;;x
b_coldwind_7;;;;;;;;;;;;;;x
b_alftand_7;;;;;;;;;;;;;;x
b_kastav_7;;;;;;;;;;;;;;x
b_bannerwatch_5;;;;;;;;;;;;;;x
b_bannerwatch_6;;;;;;;;;;;;;;x
b_bannerwatch_7;;;;;;;;;;;;;;x
b_shearstone_5;;;;;;;;;;;;;;x
b_shearstone_6;;;;;;;;;;;;;;x
b_shearstone_7;;;;;;;;;;;;;;x
b_shorflow_5;;;;;;;;;;;;;;x
b_shorflow_6;;;;;;;;;;;;;;x
b_shorflow_7;;;;;;;;;;;;;;x
b_coldwinter_5;;;;;;;;;;;;;;x
b_coldwinter_6;;;;;;;;;;;;;;x
b_coldwinter_7;;;;;;;;;;;;;;x
b_winterwind_4;;;;;;;;;;;;;;x
b_winterwind_5;;;;;;;;;;;;;;x
b_winterwind_6;;;;;;;;;;;;;;x
b_winterwind_7;;;;;;;;;;;;;;x
b_falkhammer_5;;;;;;;;;;;;;;x
b_falkhammer_6;;;;;;;;;;;;;;x
b_falkhammer_7;;;;;;;;;;;;;;x
b_bleakwall_5;;;;;;;;;;;;;;x
b_bleakwall_6;;;;;;;;;;;;;;x
b_bleakwall_7;;;;;;;;;;;;;;x
b_morgate_5;;;;;;;;;;;;;;x
b_morgate_6;;;;;;;;;;;;;;x
b_morgate_7;;;;;;;;;;;;;;x
b_ironpoint_5;;;;;;;;;;;;;;x
b_ironpoint_6;;;;;;;;;;;;;;x
b_ironpoint_7;;;;;;;;;;;;;;x
b_dunmarch_5;;;;;;;;;;;;;;x
b_dunmarch_6;;;;;;;;;;;;;;x
b_dunmarch_7;;;;;;;;;;;;;;x
b_skymarch_5;;;;;;;;;;;;;;x
b_skymarch_6;;;;;;;;;;;;;;x
b_skymarch_7;;;;;;;;;;;;;;x
b_ravenstead_5;;;;;;;;;;;;;;x
b_ravenstead_6;;;;;;;;;;;;;;x
b_ravenstead_7;;;;;;;;;;;;;;x
b_ustunpass_5;;;;;;;;;;;;;;x
b_ustunpass_6;;;;;;;;;;;;;;x
b_ustunpass_7;;;;;;;;;;;;;;x
b_snowgrad_5;;;;;;;;;;;;;;x
b_snowgrad_6;;;;;;;;;;;;;;x
b_snowgrad_7;;;;;;;;;;;;;;x
b_valtgard_5;;;;;;;;;;;;;;x
b_valtgard_6;;;;;;;;;;;;;;x
b_valtgard_7;;;;;;;;;;;;;;x
b_ravenhall_5;;;;;;;;;;;;;;x
b_ravenhall_6;;;;;;;;;;;;;;x
b_ravenhall_7;;;;;;;;;;;;;;x
b_westmarch_5;;;;;;;;;;;;;;x
b_westmarch_6;;;;;;;;;;;;;;x
b_westmarch_7;;;;;;;;;;;;;;x
b_skyhammer_5;;;;;;;;;;;;;;x
b_skyhammer_6;;;;;;;;;;;;;;x
b_skyhammer_7;;;;;;;;;;;;;;x
b_scarhammer_5;;;;;;;;;;;;;;x
b_scarhammer_6;;;;;;;;;;;;;;x
b_scarhammer_7;;;;;;;;;;;;;;x
b_hraggen_5;;;;;;;;;;;;;;x
b_hraggen_6;;;;;;;;;;;;;;x
b_hraggen_7;;;;;;;;;;;;;;x
b_ironheim_5;;;;;;;;;;;;;;x
b_ironheim_6;;;;;;;;;;;;;;x
b_ironheim_7;;;;;;;;;;;;;;x
b_dunstad_6;;;;;;;;;;;;;;x
b_dunstad_7;;;;;;;;;;;;;;x
b_volunruud_7;;;;;;;;;;;;;;x
b_morvunhall_5;;;;;;;;;;;;;;x
b_morvunhall_6;;;;;;;;;;;;;;x
b_morvunhall_7;;;;;;;;;;;;;;x
b_korvanjund_7;;;;;;;;;;;;;;x
b_ravenrock;Ravenrock;;;;;;;;;;;;;x
b_roscrea_6;;;;;;;;;;;;;;x
b_roscrea_7;;;;;;;;;;;;;;x
b_raheen_5;;;;;;;;;;;;;;x
b_raheen_6;;;;;;;;;;;;;;x
b_raheen_7;;;;;;;;;;;;;;x
b_caher;Caher;;;;;;;;;;;;;x
b_doon;Doon;;;;;;;;;;;;;x
b_dargan_5;;;;;;;;;;;;;;x
b_dargan_6;;;;;;;;;;;;;;x
b_dargan_7;;;;;;;;;;;;;;x
b_cronan_5;;;;;;;;;;;;;;x
b_cronan_6;;;;;;;;;;;;;;x
b_cronan_7;;;;;;;;;;;;;;x
b_monain_5;;;;;;;;;;;;;;x
b_monain_6;;;;;;;;;;;;;;x
b_monain_7;;;;;;;;;;;;;;x
b_wadi;Wadi;;;;;;;;;;;;;x
b_ayasofya_5;;;;;;;;;;;;;;x
b_ayasofya_6;;;;;;;;;;;;;;x
b_ayasofya_7;;;;;;;;;;;;;;x
b_alan;Alan;;;;;;;;;;;;;x
b_dumat;Dumat;;;;;;;;;;;;;x
b_rhanano_5;;;;;;;;;;;;;;x
b_rhanano_6;;;;;;;;;;;;;;x
b_rhanano_7;;;;;;;;;;;;;;x
b_al;Al;;;;;;;;;;;;;x
b_leuke;Leuke;;;;;;;;;;;;;x
b_sidi;Sidi;;;;;;;;;;;;;x
b_skaven_7;;;;;;;;;;;;;;x
b_gilane_7;;;;;;;;;;;;;;x
b_rourken_4;;;;;;;;;;;;;;x
b_rourken_5;;;;;;;;;;;;;;x
b_rourken_6;;;;;;;;;;;;;;x
b_rourken_7;;;;;;;;;;;;;;x
b_aidhab_5;;;;;;;;;;;;;;x
b_aidhab_6;;;;;;;;;;;;;;x
b_aidhab_7;;;;;;;;;;;;;;x
b_brena_7;;;;;;;;;;;;;;x
b_saif_5;;;;;;;;;;;;;;x
b_saif_6;;;;;;;;;;;;;;x
b_saif_7;;;;;;;;;;;;;;x
b_matama_5;;;;;;;;;;;;;;x
b_matama_6;;;;;;;;;;;;;;x
b_matama_7;;;;;;;;;;;;;;x
b_hafar_6;;;;;;;;;;;;;;x
b_hafar_7;;;;;;;;;;;;;;x
b_harescross_5;;;;;;;;;;;;;;x
b_harescross_6;;;;;;;;;;;;;;x
b_harescross_7;;;;;;;;;;;;;;x
b_stonemoor_7;;;;;;;;;;;;;;x
b_northall_5;;;;;;;;;;;;;;x
b_northall_6;;;;;;;;;;;;;;x
b_northall_7;;;;;;;;;;;;;;x
b_wadathe_5;;;;;;;;;;;;;;x
b_wadathe_6;;;;;;;;;;;;;;x
b_wadathe_7;;;;;;;;;;;;;;x
b_haran_5;;;;;;;;;;;;;;x
b_haran_6;;;;;;;;;;;;;;x
b_haran_7;;;;;;;;;;;;;;x
b_ahvaz_7;;;;;;;;;;;;;;x
b_stonedale_6;;;;;;;;;;;;;;x
b_stonedale_7;;;;;;;;;;;;;;x
b_djenne_6;;;;;;;;;;;;;;x
b_djenne_7;;;;;;;;;;;;;;x
b_agadem_5;;;;;;;;;;;;;;x
b_agadem_6;;;;;;;;;;;;;;x
b_agadem_7;;;;;;;;;;;;;;x
b_nimbel_5;;;;;;;;;;;;;;x
b_nimbel_6;;;;;;;;;;;;;;x
b_nimbel_7;;;;;;;;;;;;;;x
b_rimwatch_5;;;;;;;;;;;;;;x
b_rimwatch_6;;;;;;;;;;;;;;x
b_rimwatch_7;;;;;;;;;;;;;;x
b_dragonstar_7;;;;;;;;;;;;;;x
b_dragongate_6;;;;;;;;;;;;;;x
b_dragongate_7;;;;;;;;;;;;;;x
b_vulkneu_5;;;;;;;;;;;;;;x
b_vulkneu_6;;;;;;;;;;;;;;x
b_vulkneu_7;;;;;;;;;;;;;;x
b_roukad_5;;;;;;;;;;;;;;x
b_roukad_6;;;;;;;;;;;;;;x
b_roukad_7;;;;;;;;;;;;;;x
b_strosmkai_6;;;;;;;;;;;;;;x
b_strosmkai_7;;;;;;;;;;;;;;x
b_veldspar_4;;;;;;;;;;;;;;x
b_veldspar_5;;;;;;;;;;;;;;x
b_veldspar_6;;;;;;;;;;;;;;x
b_veldspar_7;;;;;;;;;;;;;;x
b_jaspet_4;;;;;;;;;;;;;;x
b_jaspet_5;;;;;;;;;;;;;;x
b_jaspet_6;;;;;;;;;;;;;;x
b_jaspet_7;;;;;;;;;;;;;;x
b_herne_4;;;;;;;;;;;;;;x
b_herne_5;;;;;;;;;;;;;;x
b_herne_6;;;;;;;;;;;;;;x
b_herne_7;;;;;;;;;;;;;;x
b_cespar_4;;;;;;;;;;;;;;x
b_cespar_5;;;;;;;;;;;;;;x
b_cespar_6;;;;;;;;;;;;;;x
b_cespar_7;;;;;;;;;;;;;;x
b_hegathe_7;;;;;;;;;;;;;;x
b_pellame_5;;;;;;;;;;;;;;x
b_pellame_6;;;;;;;;;;;;;;x
b_pellame_7;;;;;;;;;;;;;;x
b_dragongrove_7;;;;;;;;;;;;;;x
b_shadysands_6;;;;;;;;;;;;;;x
b_shadysands_7;;;;;;;;;;;;;;x
b_bloodhorn_5;;;;;;;;;;;;;;x
b_bloodhorn_6;;;;;;;;;;;;;;x
b_bloodhorn_7;;;;;;;;;;;;;;x
b_abidon_6;;;;;;;;;;;;;;x
b_abidon_7;;;;;;;;;;;;;;x
b_sunkeep_6;;;;;;;;;;;;;;x
b_sunkeep_7;;;;;;;;;;;;;;x
b_lagos_5;;;;;;;;;;;;;;x
b_lagos_6;;;;;;;;;;;;;;x
b_lagos_7;;;;;;;;;;;;;;x
b_kruzka_5;;;;;;;;;;;;;;x
b_kruzka_6;;;;;;;;;;;;;;x
b_kruzka_7;;;;;;;;;;;;;;x
b_teth_5;;;;;;;;;;;;;;x
b_teth_6;;;;;;;;;;;;;;x
b_teth_7;;;;;;;;;;;;;;x
b_lagon_5;;;;;;;;;;;;;;x
b_lagon_6;;;;;;;;;;;;;;x
b_lagon_7;;;;;;;;;;;;;;x
b_rhasafan_6;;;;;;;;;;;;;;x
b_rhasafan_7;;;;;;;;;;;;;;x
b_talesafan_7;;;;;;;;;;;;;;x
b_tul_5;;;;;;;;;;;;;;x
b_tul_6;;;;;;;;;;;;;;x
b_tul_7;;;;;;;;;;;;;;x
b_sora_4;;;;;;;;;;;;;;x
b_sora_5;;;;;;;;;;;;;;x
b_sora_6;;;;;;;;;;;;;;x
b_sora_7;;;;;;;;;;;;;;x
b_syut_5;;;;;;;;;;;;;;x
b_syut_6;;;;;;;;;;;;;;x
b_syut_7;;;;;;;;;;;;;;x
b_baut_5;;;;;;;;;;;;;;x
b_baut_6;;;;;;;;;;;;;;x
b_baut_7;;;;;;;;;;;;;;x
b_suolasul_5;;;;;;;;;;;;;;x
b_suolasul_6;;;;;;;;;;;;;;x
b_suolasul_7;;;;;;;;;;;;;;x
b_ravan_6;;;;;;;;;;;;;;x
b_ravan_7;;;;;;;;;;;;;;x
b_nalsar_6;;;;;;;;;;;;;;x
b_nalsar_7;;;;;;;;;;;;;;x
b_kanesh_7;;;;;;;;;;;;;;x
b_samara_5;;;;;;;;;;;;;;x
b_samara_6;;;;;;;;;;;;;;x
b_samara_7;;;;;;;;;;;;;;x
b_vath_5;;;;;;;;;;;;;;x
b_vath_6;;;;;;;;;;;;;;x
b_vath_7;;;;;;;;;;;;;;x
b_uveran_5;;;;;;;;;;;;;;x
b_uveran_6;;;;;;;;;;;;;;x
b_uveran_7;;;;;;;;;;;;;;x
b_narthan_5;;;;;;;;;;;;;;x
b_narthan_6;;;;;;;;;;;;;;x
b_narthan_7;;;;;;;;;;;;;;x
b_salmaxia_5;;;;;;;;;;;;;;x
b_salmaxia_6;;;;;;;;;;;;;;x
b_salmaxia_7;;;;;;;;;;;;;;x
b_narmora_5;;;;;;;;;;;;;;x
b_narmora_6;;;;;;;;;;;;;;x
b_narmora_7;;;;;;;;;;;;;;x
b_dardurin_5;;;;;;;;;;;;;;x
b_dardurin_6;;;;;;;;;;;;;;x
b_dardurin_7;;;;;;;;;;;;;;x
b_telsarthis_5;;;;;;;;;;;;;;x
b_telsarthis_6;;;;;;;;;;;;;;x
b_telsarthis_7;;;;;;;;;;;;;;x
b_almrothan_5;;;;;;;;;;;;;;x
b_almrothan_6;;;;;;;;;;;;;;x
b_almrothan_7;;;;;;;;;;;;;;x
b_uveria_5;;;;;;;;;;;;;;x
b_uveria_6;;;;;;;;;;;;;;x
b_uveria_7;;;;;;;;;;;;;;x
b_adurin_7;;;;;;;;;;;;;;x
b_orcrom_5;;;;;;;;;;;;;;x
b_orcrom_6;;;;;;;;;;;;;;x
b_orcrom_7;;;;;;;;;;;;;;x
b_ornhold_5;;;;;;;;;;;;;;x
b_ornhold_6;;;;;;;;;;;;;;x
b_ornhold_7;;;;;;;;;;;;;;x
b_nardurin_5;;;;;;;;;;;;;;x
b_nardurin_6;;;;;;;;;;;;;;x
b_nardurin_7;;;;;;;;;;;;;;x
b_aldera_5;;;;;;;;;;;;;;x
b_aldera_6;;;;;;;;;;;;;;x
b_aldera_7;;;;;;;;;;;;;;x
b_almhold_5;;;;;;;;;;;;;;x
b_almhold_6;;;;;;;;;;;;;;x
b_almhold_7;;;;;;;;;;;;;;x
b_adurra_5;;;;;;;;;;;;;;x
b_adurra_6;;;;;;;;;;;;;;x
b_adurra_7;;;;;;;;;;;;;;x
b_darissa_5;;;;;;;;;;;;;;x
b_darissa_6;;;;;;;;;;;;;;x
b_darissa_7;;;;;;;;;;;;;;x
b_darmora_5;;;;;;;;;;;;;;x
b_darmora_6;;;;;;;;;;;;;;x
b_darmora_7;;;;;;;;;;;;;;x
b_ordurin_5;;;;;;;;;;;;;;x
b_ordurin_6;;;;;;;;;;;;;;x
b_ordurin_7;;;;;;;;;;;;;;x
b_lleris_5;;;;;;;;;;;;;;x
b_lleris_6;;;;;;;;;;;;;;x
b_lleris_7;;;;;;;;;;;;;;x
b_padani_5;;;;;;;;;;;;;;x
b_padani_6;;;;;;;;;;;;;;x
b_padani_7;;;;;;;;;;;;;;x
b_ouada_7;;;;;;;;;;;;;;x
b_prathan_5;;;;;;;;;;;;;;x
b_prathan_6;;;;;;;;;;;;;;x
b_prathan_7;;;;;;;;;;;;;;x
b_telansi_7;;;;;;;;;;;;;;x
b_oraxia_5;;;;;;;;;;;;;;x
b_oraxia_6;;;;;;;;;;;;;;x
b_oraxia_7;;;;;;;;;;;;;;x
b_narhold_5;;;;;;;;;;;;;;x
b_narhold_6;;;;;;;;;;;;;;x
b_narhold_7;;;;;;;;;;;;;;x
b_salan_5;;;;;;;;;;;;;;x
b_salan_6;;;;;;;;;;;;;;x
b_salan_7;;;;;;;;;;;;;;x
b_bosica_5;;;;;;;;;;;;;;x
b_bosica_6;;;;;;;;;;;;;;x
b_bosica_7;;;;;;;;;;;;;;x
b_acacyn_6;;;;;;;;;;;;;;x
b_acacyn_7;;;;;;;;;;;;;;x
b_gondar_5;;;;;;;;;;;;;;x
b_gondar_6;;;;;;;;;;;;;;x
b_gondar_7;;;;;;;;;;;;;;x
b_epiru_5;;;;;;;;;;;;;;x
b_epiru_6;;;;;;;;;;;;;;x
b_epiru_7;;;;;;;;;;;;;;x
b_ethosul_6;;;;;;;;;;;;;;x
b_ethosul_7;;;;;;;;;;;;;;x
b_omnia_7;;;;;;;;;;;;;;x
b_mantu_5;;;;;;;;;;;;;;x
b_mantu_6;;;;;;;;;;;;;;x
b_mantu_7;;;;;;;;;;;;;;x
b_ubuntu_5;;;;;;;;;;;;;;x
b_ubuntu_6;;;;;;;;;;;;;;x
b_ubuntu_7;;;;;;;;;;;;;;x
b_banta_6;;;;;;;;;;;;;;x
b_banta_7;;;;;;;;;;;;;;x
b_sednar_4;;;;;;;;;;;;;;x
b_sednar_5;;;;;;;;;;;;;;x
b_sednar_6;;;;;;;;;;;;;;x
b_sednar_7;;;;;;;;;;;;;;x
b_varro_6;;;;;;;;;;;;;;x
b_varro_7;;;;;;;;;;;;;;x
b_bondar_4;;;;;;;;;;;;;;x
b_bondar_5;;;;;;;;;;;;;;x
b_bondar_6;;;;;;;;;;;;;;x
b_bondar_7;;;;;;;;;;;;;;x
b_catoydur_4;;;;;;;;;;;;;;x
b_catoydur_5;;;;;;;;;;;;;;x
b_catoydur_6;;;;;;;;;;;;;;x
b_catoydur_7;;;;;;;;;;;;;;x
b_khael_4;;;;;;;;;;;;;;x
b_khael_5;;;;;;;;;;;;;;x
b_khael_6;;;;;;;;;;;;;;x
b_khael_7;;;;;;;;;;;;;;x
b_roa_4;;;;;;;;;;;;;;x
b_roa_5;;;;;;;;;;;;;;x
b_roa_6;;;;;;;;;;;;;;x
b_roa_7;;;;;;;;;;;;;;x
b_wega_5;;;;;;;;;;;;;;x
b_wega_6;;;;;;;;;;;;;;x
b_wega_7;;;;;;;;;;;;;;x
b_elran_4;;;;;;;;;;;;;;x
b_elran_5;;;;;;;;;;;;;;x
b_elran_6;;;;;;;;;;;;;;x
b_elran_7;;;;;;;;;;;;;;x
b_kituna_6;;;;;;;;;;;;;;x
b_kituna_7;;;;;;;;;;;;;;x
b_vos_4;;;;;;;;;;;;;;x
b_vos_5;;;;;;;;;;;;;;x
b_vos_6;;;;;;;;;;;;;;x
b_vos_7;;;;;;;;;;;;;;x
b_akuna_5;;;;;;;;;;;;;;x
b_akuna_6;;;;;;;;;;;;;;x
b_akuna_7;;;;;;;;;;;;;;x
b_hanar_5;;;;;;;;;;;;;;x
b_hanar_6;;;;;;;;;;;;;;x
b_hanar_7;;;;;;;;;;;;;;x
b_sahul_5;;;;;;;;;;;;;;x
b_sahul_6;;;;;;;;;;;;;;x
b_sahul_7;;;;;;;;;;;;;;x
b_dinab_5;;;;;;;;;;;;;;x
b_dinab_6;;;;;;;;;;;;;;x
b_dinab_7;;;;;;;;;;;;;;x
b_wastencoridale_4;;;;;;;;;;;;;;x
b_wastencoridale_5;;;;;;;;;;;;;;x
b_wastencoridale_6;;;;;;;;;;;;;;x
b_wastencoridale_7;;;;;;;;;;;;;;x
b_sunwood_4;;;;;;;;;;;;;;x
b_sunwood_5;;;;;;;;;;;;;;x
b_sunwood_6;;;;;;;;;;;;;;x
b_sunwood_7;;;;;;;;;;;;;;x
b_marnwatch_5;;;;;;;;;;;;;;x
b_marnwatch_6;;;;;;;;;;;;;;x
b_marnwatch_7;;;;;;;;;;;;;;x
b_duskwood_5;;;;;;;;;;;;;;x
b_duskwood_6;;;;;;;;;;;;;;x
b_duskwood_7;;;;;;;;;;;;;;x
b_lillarnor_5;;;;;;;;;;;;;;x
b_lillarnor_6;;;;;;;;;;;;;;x
b_lillarnor_7;;;;;;;;;;;;;;x
b_glenandril_5;;;;;;;;;;;;;;x
b_glenandril_6;;;;;;;;;;;;;;x
b_glenandril_7;;;;;;;;;;;;;;x
b_sunarnor_4;;;;;;;;;;;;;;x
b_sunarnor_5;;;;;;;;;;;;;;x
b_sunarnor_6;;;;;;;;;;;;;;x
b_sunarnor_7;;;;;;;;;;;;;;x
b_firsthold_7;;;;;;;;;;;;;;x
b_belportrun_4;;;;;;;;;;;;;;x
b_belportrun_5;;;;;;;;;;;;;;x
b_belportrun_6;;;;;;;;;;;;;;x
b_belportrun_7;;;;;;;;;;;;;;x
b_kingswatch_7;;;;;;;;;;;;;;x
b_marnandril_5;;;;;;;;;;;;;;x
b_marnandril_6;;;;;;;;;;;;;;x
b_marnandril_7;;;;;;;;;;;;;;x
b_silverguard_5;;;;;;;;;;;;;;x
b_silverguard_6;;;;;;;;;;;;;;x
b_silverguard_7;;;;;;;;;;;;;;x
b_skywatch_7;;;;;;;;;;;;;;x
b_lillwood_5;;;;;;;;;;;;;;x
b_lillwood_6;;;;;;;;;;;;;;x
b_lillwood_7;;;;;;;;;;;;;;x
b_glenguard_5;;;;;;;;;;;;;;x
b_glenguard_6;;;;;;;;;;;;;;x
b_glenguard_7;;;;;;;;;;;;;;x
b_seawasten_5;;;;;;;;;;;;;;x
b_seawasten_6;;;;;;;;;;;;;;x
b_seawasten_7;;;;;;;;;;;;;;x
b_karnwood_5;;;;;;;;;;;;;;x
b_karnwood_6;;;;;;;;;;;;;;x
b_karnwood_7;;;;;;;;;;;;;;x
b_karnview_5;;;;;;;;;;;;;;x
b_karnview_6;;;;;;;;;;;;;;x
b_karnview_7;;;;;;;;;;;;;;x
b_archengrangrove_7;;;;;;;;;;;;;;x
b_silvernor_5;;;;;;;;;;;;;;x
b_silvernor_6;;;;;;;;;;;;;;x
b_silvernor_7;;;;;;;;;;;;;;x
b_sunnor_5;;;;;;;;;;;;;;x
b_sunnor_6;;;;;;;;;;;;;;x
b_sunnor_7;;;;;;;;;;;;;;x
b_ebonstadmont_7;;;;;;;;;;;;;;x
b_heartbush_5;;;;;;;;;;;;;;x
b_heartbush_6;;;;;;;;;;;;;;x
b_heartbush_7;;;;;;;;;;;;;;x
b_gnarledroot_5;;;;;;;;;;;;;;x
b_gnarledroot_6;;;;;;;;;;;;;;x
b_gnarledroot_7;;;;;;;;;;;;;;x
b_eldenbush_5;;;;;;;;;;;;;;x
b_eldenbush_6;;;;;;;;;;;;;;x
b_eldenbush_7;;;;;;;;;;;;;;x
b_woodroot_5;;;;;;;;;;;;;;x
b_woodroot_6;;;;;;;;;;;;;;x
b_woodroot_7;;;;;;;;;;;;;;x
b_stonefall_6;;;;;;;;;;;;;;x
b_stonefall_7;;;;;;;;;;;;;;x
b_kathdar_6;;;;;;;;;;;;;;x
b_kathdar_7;;;;;;;;;;;;;;x
b_balfall_6;;;;;;;;;;;;;;x
b_balfall_7;;;;;;;;;;;;;;x
b_snapvine_6;;;;;;;;;;;;;;x
b_snapvine_7;;;;;;;;;;;;;;x
b_haven_7;;;;;;;;;;;;;;x
b_darkwatch_6;;;;;;;;;;;;;;x
b_darkwatch_7;;;;;;;;;;;;;;x
b_balinesti_5;;;;;;;;;;;;;;x
b_balinesti_6;;;;;;;;;;;;;;x
b_balinesti_7;;;;;;;;;;;;;;x
b_greenpoint_6;;;;;;;;;;;;;;x
b_greenpoint_7;;;;;;;;;;;;;;x
b_willowind_5;;;;;;;;;;;;;;x
b_willowind_6;;;;;;;;;;;;;;x
b_willowind_7;;;;;;;;;;;;;;x
b_vengevine_6;;;;;;;;;;;;;;x
b_vengevine_7;;;;;;;;;;;;;;x
b_lympar_5;;;;;;;;;;;;;;x
b_lympar_6;;;;;;;;;;;;;;x
b_lympar_7;;;;;;;;;;;;;;x
b_greyleaf_5;;;;;;;;;;;;;;x
b_greyleaf_6;;;;;;;;;;;;;;x
b_greyleaf_7;;;;;;;;;;;;;;x
b_wildheart_5;;;;;;;;;;;;;;x
b_cormount;Cormount;;;;;;;;;;;;;x
b_wildheart_7;;;;;;;;;;;;;;x
b_cormair_5;;;;;;;;;;;;;;x
b_cormair_6;;;;;;;;;;;;;;x
b_cormair_7;;;;;;;;;;;;;;x
b_nettleshin_5;;;;;;;;;;;;;;x
b_nettleshin_6;;;;;;;;;;;;;;x
b_nettleshin_7;;;;;;;;;;;;;;x
b_bramblewood_6;;;;;;;;;;;;;;x
b_bramblewood_7;;;;;;;;;;;;;;x
b_vinewall_6;;;;;;;;;;;;;;x
b_vinewall_7;;;;;;;;;;;;;;x
b_eastwood_5;;;;;;;;;;;;;;x
b_eastwood_6;;;;;;;;;;;;;;x
b_eastwood_7;;;;;;;;;;;;;;x
b_havisti_5;;;;;;;;;;;;;;x
b_havisti_6;;;;;;;;;;;;;;x
b_havisti_7;;;;;;;;;;;;;;x
b_greenhall_6;;;;;;;;;;;;;;x
b_greenhall_7;;;;;;;;;;;;;;x
b_balsquare_6;;;;;;;;;;;;;;x
b_balsquare_7;;;;;;;;;;;;;;x
b_hearthgrove_6;;;;;;;;;;;;;;x
b_hearthgrove_7;;;;;;;;;;;;;;x
b_heimdar_7;;;;;;;;;;;;;;x
b_riverhold_7;;;;;;;;;;;;;;x
b_alkarth_6;;;;;;;;;;;;;;x
b_alkarth_7;;;;;;;;;;;;;;x
b_meirlynmount_6;;;;;;;;;;;;;;x
b_meirlynmount_7;;;;;;;;;;;;;;x
b_darhold_6;;;;;;;;;;;;;;x
b_darhold_7;;;;;;;;;;;;;;x
b_margen_6;;;;;;;;;;;;;;x
b_margen_7;;;;;;;;;;;;;;x
b_periandor_7;;;;;;;;;;;;;;x
b_masdorn_6;;;;;;;;;;;;;;x
b_masdorn_7;;;;;;;;;;;;;;x
b_tardorn_7;;;;;;;;;;;;;;x
b_maberumi_6;;;;;;;;;;;;;;x
b_maberumi_7;;;;;;;;;;;;;;x
b_dunval_7;;;;;;;;;;;;;;x
b_senardorn_5;;;;;;;;;;;;;;x
b_senardorn_6;;;;;;;;;;;;;;x
b_senardorn_7;;;;;;;;;;;;;;x
b_helkune_6;;;;;;;;;;;;;;x
b_helkune_7;;;;;;;;;;;;;;x
b_torhold_6;;;;;;;;;;;;;;x
b_torhold_7;;;;;;;;;;;;;;x
b_rimmen_7;;;;;;;;;;;;;;x
b_darkhor_5;;;;;;;;;;;;;;x
b_darkhor_6;;;;;;;;;;;;;;x
b_darkhor_7;;;;;;;;;;;;;;x
b_toprest_6;;;;;;;;;;;;;;x
b_toprest_7;;;;;;;;;;;;;;x
b_duncinthe_5;;;;;;;;;;;;;;x
b_duncinthe_6;;;;;;;;;;;;;;x
b_duncinthe_7;;;;;;;;;;;;;;x
b_memrove_6;;;;;;;;;;;;;;x
b_memrove_7;;;;;;;;;;;;;;x
b_darkarn_7;;;;;;;;;;;;;;x
b_argolis_6;;;;;;;;;;;;;;x
b_argolis_7;;;;;;;;;;;;;;x
b_alcrest_6;;;;;;;;;;;;;;x
b_alcrest_7;;;;;;;;;;;;;;x
b_orcrest_7;;;;;;;;;;;;;;x
b_coren_6;;;;;;;;;;;;;;x
b_coren_7;;;;;;;;;;;;;;x
b_greenvale_7;;;;;;;;;;;;;;x
b_tornthe_6;;;;;;;;;;;;;;x
b_tornthe_7;;;;;;;;;;;;;;x
b_brukreich_7;;;;;;;;;;;;;;x
b_torval_7;;;;;;;;;;;;;;x
b_darvulk_7;;;;;;;;;;;;;;x
b_southsea_7;;;;;;;;;;;;;;x
b_markgran_6;;;;;;;;;;;;;;x
b_markgran_7;;;;;;;;;;;;;;x
b_corinawl_5;;;;;;;;;;;;;;x
b_corinawl_6;;;;;;;;;;;;;;x
b_corinawl_7;;;;;;;;;;;;;;x
b_portneu_7;;;;;;;;;;;;;;x
b_meirrest_6;;;;;;;;;;;;;;x
b_meirrest_7;;;;;;;;;;;;;;x
b_aneirvale_6;;;;;;;;;;;;;;x
b_aneirvale_7;;;;;;;;;;;;;;x
b_sencrest_5;;;;;;;;;;;;;;x
b_sencrest_6;;;;;;;;;;;;;;x
b_sencrest_7;;;;;;;;;;;;;;x
b_chasegrove_7;;;;;;;;;;;;;;x
b_broadwall_4;Hellisdalr;;;;;;;;;;;;;;x
b_broadwall_5;Hvassahraun;;;;;;;;;;;;;;x
b_broadwall_6;Myrar;;;;;;;;;;;;;;x
b_broadwall_7;Skapta;;;;;;;;;;;;;;x
b_jylkurfyk_4;Oddi;;;;;;;;;;;;;;x
b_jylkurfyk_5;Hvinisfjoror;;;;;;;;;;;;;;x
b_jylkurfyk_6;Skotufjoror;;;;;;;;;;;;;;x
b_jylkurfyk_7;Ferstikla;;;;;;;;;;;;;;x
b_jotunn_4;Skutilsfjoror;;;;;;;;;;;;;;x
b_jotunn_5;Njarovik;;;;;;;;;;;;;;x
b_jotunn_6;Brekkur;;;;;;;;;;;;;;x
b_jotunn_7;Skulastaoir;;;;;;;;;;;;;;x
b_skalanorn_4;Koranes;;;;;;;;;;;;;;x
b_skalanorn_5;Skalamyrr;;;;;;;;;;;;;;x
b_skalanorn_6;Helgafjall;;;;;;;;;;;;;;x
b_skalanorn_7;Kjallaksholl;;;;;;;;;;;;;;x
b_haugrheim_4;Skoro;;;;;;;;;;;;;;x
b_haugrheim_5;Berufell;;;;;;;;;;;;;;x
b_haugrheim_6;Kaldbakr;;;;;;;;;;;;;;x
b_haugrheim_7;Hvassahraun;;;;;;;;;;;;;;x
b_valdyr_4;Ketilsstaoir;;;;;;;;;;;;;;x
b_valdyr_5;Hafnarlond;;;;;;;;;;;;;;x
b_valdyr_6;Skipalon;;;;;;;;;;;;;;x
b_valdyr_7;Kaldbaksvik;;;;;;;;;;;;;;x
b_jokull_4;Skeio;;;;;;;;;;;;;;x
b_jokull_5;Kolbeinsstaoir;;;;;;;;;;;;;;x
b_jokull_6;Herjolfsfjoror;;;;;;;;;;;;;;x
b_jokull_7;Ormsdalr;;;;;;;;;;;;;;x
b_moraheim_4;Auoartoptir;;;;;;;;;;;;;;x
b_moraheim_5;Eiriksvagr;;;;;;;;;;;;;;x
b_moraheim_6;Hofsvagr;;;;;;;;;;;;;;x
b_moraheim_7;Berufell;;;;;;;;;;;;;;x
b_ysvollr_4;Almannagja;;;;;;;;;;;;;;x
b_ysvollr_5;Hlioarendi;;;;;;;;;;;;;;x
b_ysvollr_6;Kollafjoror;;;;;;;;;;;;;;x
b_ysvollr_7;Grimsdalr;;;;;;;;;;;;;;x
b_varadrod_4;Skorravik;;;;;;;;;;;;;;x
b_varadrod_5;Doguroara;;;;;;;;;;;;;;x
b_varadrod_6;Galmansstrond;;;;;;;;;;;;;;x
b_varadrod_7;Brenningr;;;;;;;;;;;;;;x
b_isalur_4;Fljotshlio;;;;;;;;;;;;;;x
b_isalur_5;Helgavatni;;;;;;;;;;;;;;x
b_isalur_6;Hrolleifsdalsa;;;;;;;;;;;;;;x
b_isalur_7;Unaoss;;;;;;;;;;;;;;x
b_fjallunn_4;Reykjadalsa;;;;;;;;;;;;;;x
b_fjallunn_5;Holmkelsa;;;;;;;;;;;;;;x
b_fjallunn_6;Baro;;;;;;;;;;;;;;x
b_fjallunn_7;Burfell;;;;;;;;;;;;;;x
b_skyskr_4;Hlioir;;;;;;;;;;;;;;x
b_skyskr_5;Fjalir;;;;;;;;;;;;;;x
b_skyskr_6;Hundadalr;;;;;;;;;;;;;;x
b_skyskr_7;Nykomi;;;;;;;;;;;;;;x
b_ysunn_4;Krossa;;;;;;;;;;;;;;x
b_ysunn_5;Ketilsfjoror;;;;;;;;;;;;;;x
b_ysunn_6;Mobergsbrekkur;;;;;;;;;;;;;;x
b_ysunn_7;Hraungeroi;;;;;;;;;;;;;;x
b_ysgard_4;Landbrot;;;;;;;;;;;;;;x
b_ysgard_5;Hestfjoror;;;;;;;;;;;;;;x
b_ysgard_6;Dumbshaf;;;;;;;;;;;;;;x
b_ysgard_7;Rauoa;;;;;;;;;;;;;;x
b_brotingard_4;Kalmanstunga;;;;;;;;;;;;;;x
b_brotingard_5;Brunastaoir;;;;;;;;;;;;;;x
b_brotingard_6;Blanda;;;;;;;;;;;;;;x
b_brotingard_7;Hoskuldsvatn;;;;;;;;;;;;;;x
b_skalrheim_4;Skal;;;;;;;;;;;;;;x
b_skalrheim_5;Skalhalda;;;;;;;;;;;;;;x
b_skalrheim_6;Jokulsvikra;;;;;;;;;;;;;;x
b_skalrheim_7;Melar;;;;;;;;;;;;;;x
b_skalagr_4;Breioarsandr;;;;;;;;;;;;;;x
b_skalagr_5;Doguroarnes;;;;;;;;;;;;;;x
b_skalagr_6;Drumboddsstaoir;;;;;;;;;;;;;;x
b_skalagr_7;Reistargnupr;;;;;;;;;;;;;;x
b_skynorn_4;Mostr;;;;;;;;;;;;;;x
b_skynorn_5;Kalmanstunga;;;;;;;;;;;;;;x
b_skynorn_6;Aurrioaa;;;;;;;;;;;;;;x
b_skynorn_7;Klofningar;;;;;;;;;;;;;;x
b_abri;Abri;;;;;;;;;;;;;;x
b_adenna;Adenna;;;;;;;;;;;;;;x
b_adi;Adi;;;;;;;;;;;;;;x
b_afambo;Afambo;;;;;;;;;;;;;;x
b_agurto;Agurto;;;;;;;;;;;;;;x
b_aima;Aima;;;;;;;;;;;;;x
b_akasha;Akasha;;;;;;;;;;;;;;x
b_alemaya;Alemaya;;;;;;;;;;;;;;x
b_aliab;Aliab;;;;;;;;;;;;;;x
b_amja;Amja;;;;;;;;;;;;;;x
b_anag;Anag;;;;;;;;;;;;;;x
b_anpei;Anpei;;;;;;;;;;;;;;x
b_antalla;Antalla;;;;;;;;;;;;;;x
b_arjac;Arjac;;;;;;;;;;;;;x
b_aroma;Aroma;;;;;;;;;;;;;;x
b_asayita;Asayita;;;;;;;;;;;;;;x
b_assab;Assab;;;;;;;;;;;;;;x
b_astaf;Astaf;;;;;;;;;;;;;x
b_awariya;Awariya;;;;;;;;;;;;;;x
b_awasa;Awasa;;;;;;;;;;;;;;x
b_aydhab;Ayd-Hab;;;;;;;;;;;;;;x
b_ballana;Ball-Ana;;;;;;;;;;;;;;x
b_baobao;Bao-Bao;;;;;;;;;;;;;;x
b_baobei;Bao-Bei;;;;;;;;;;;;;;x
b_baochu;Bao-Chu;;;;;;;;;;;;;;x
b_baoli;Bao-Li;;;;;;;;;;;;;;x
b_baolien;Baolien;;;;;;;;;;;;;;x
b_baopei;Bao-Pei;;;;;;;;;;;;;;x
b_baoung;Baoung;;;;;;;;;;;;;;x
b_baouzi;Baouzi;;;;;;;;;;;;;;x
b_baowuli;Bao-Wu-Li;;;;;;;;;;;;;;x
b_baowuzi;Bao-Wuzi;;;;;;;;;;;;;;x
b_baoyi;Bao-Yi;;;;;;;;;;;;;;x
b_baoyuan;Baoyuan;;;;;;;;;;;;;;x
b_barah;Barah;;;;;;;;;;;;;;x
b_baratani;Baratani;;;;;;;;;;;;;x
b_baremma;Baremma;;;;;;;;;;;;;;x
b_barrak;Barrak;;;;;;;;;;;;;x
b_baruhk;Baruhk;;;;;;;;;;;;;x
b_beishan;Bei-Shan;;;;;;;;;;;;;;x
b_belesa;Belesa;;;;;;;;;;;;;;x
b_bete;Bete;;;;;;;;;;;;;;x
b_bielle;Bielle;;;;;;;;;;;;;x
b_bilamba;Bilamba;;;;;;;;;;;;;;x
b_birser;Birser;;;;;;;;;;;;;x
b_borama;Borama;;;;;;;;;;;;;;x
b_buhen;Buhen;;;;;;;;;;;;;;x
b_caomao;Caomao;;;;;;;;;;;;;x
b_caotsua;Caotsua;;;;;;;;;;;;;x
b_changhua;Chang-Hua;;;;;;;;;;;;;;x
b_changilan;Changilan;;;;;;;;;;;;;;x
b_changlan;Changlan;;;;;;;;;;;;;;x
b_changlien;Changlien;;;;;;;;;;;;;;x
b_changsiung;Changsiung;;;;;;;;;;;;;;x
b_changung;Changung;;;;;;;;;;;;;;x
b_changzi;Changzi;;;;;;;;;;;;;;x
b_chekerefta;Chekerefta;;;;;;;;;;;;;;x
b_cherkwa;Cherkwa;;;;;;;;;;;;;;x
b_chiabao;Chia-Bao;;;;;;;;;;;;;;x
b_chiachung;Chiachung;;;;;;;;;;;;;;x
b_chialien;Chialien;;;;;;;;;;;;;;x
b_chialiu;Chialiu;;;;;;;;;;;;;;x
b_chongzu;Chongzu;;;;;;;;;;;;;;x
b_chuenang;Chuenang;;;;;;;;;;;;;;x
b_chuenbao;Chuen-Bao;;;;;;;;;;;;;;x
b_chuenbo;Chuenbo;;;;;;;;;;;;;;x
b_chuenho;Chuen-Ho;;;;;;;;;;;;;;x
b_chuenliu;Chuen-Liu;;;;;;;;;;;;;;x
b_chuentou;Chuen-Tou;;;;;;;;;;;;;;x
b_chuenwan;Chuenwan;;;;;;;;;;;;;;x
b_chungan;Chungan;;;;;;;;;;;;;;x
b_chunggong;Chunggong;;;;;;;;;;;;;;x
b_chungliu;Chung-Liu;;;;;;;;;;;;;;x
b_chungyi;Chungyi;;;;;;;;;;;;;;x
b_chungyuan;Chung-Yuan;;;;;;;;;;;;;;x
b_chungzi;Chungzi;;;;;;;;;;;;;x
b_ciarveta;Ciarveta;;;;;;;;;;;;;;x
b_cuopio;Cuopio;;;;;;;;;;;;;;x
b_cyden;Cyden;;;;;;;;;;;;;x
b_cyresildor;Cyresildor;;;;;;;;;;;;;x
b_dabat;Da-Bat;;;;;;;;;;;;;;x
b_dakkar;Dakkar;;;;;;;;;;;;;;x
b_dalang;Da-Lang;;;;;;;;;;;;;;x
b_danya;Danya;;;;;;;;;;;;;;x
b_dawang;Dawang;;;;;;;;;;;;;x
b_debaysima;Debaysima;;;;;;;;;;;;;;x
b_dedai;De-Dai;;;;;;;;;;;;;;x
b_delgo;Delgo;;;;;;;;;;;;;;x
b_dessye;Dessye;;;;;;;;;;;;;;x
b_dianmong;Dianmong;;;;;;;;;;;;;x
b_dilla;Dilla;;;;;;;;;;;;;;x
b_eeleared;Eeleared;;;;;;;;;;;;;x
b_eirayab;Eirayab;;;;;;;;;;;;;;x
b_el;El;;;;;;;;;;;;;;x
b_elba;Elba;;;;;;;;;;;;;;x
b_eliyas;Eliyas;;;;;;;;;;;;;;x
b_embervein;Embervein;;;;;;;;;;;;;x
b_entier;Entier;;;;;;;;;;;;;x
b_fabao;Fabao;;;;;;;;;;;;;;x
b_failan;Failan;;;;;;;;;;;;;;x
b_falan;Fa-Lan;;;;;;;;;;;;;;x
b_fanoidig;Fanoidig;;;;;;;;;;;;;;x
b_fasha;Fasha;;;;;;;;;;;;;;x
b_fayuan;Fa-Yuan;;;;;;;;;;;;;;x
b_filakit;Fila-Kit;;;;;;;;;;;;;;x
b_fourkettle;Fourkettle;;;;;;;;;;;;;x
b_gebeit;Gebeit;;;;;;;;;;;;;;x
b_gehare;Gehare;;;;;;;;;;;;;;x
b_gereger;Gereger;;;;;;;;;;;;;;x
b_gesheng;Gesheng;;;;;;;;;;;;;;x
b_gherset;Gherset;;;;;;;;;;;;;;x
b_giordano;Giordano;;;;;;;;;;;;;x
b_godana;Godana;;;;;;;;;;;;;;x
b_godhater;Godhater;;;;;;;;;;;;;x
b_gojjam;Gojjam;;;;;;;;;;;;;;x
b_goldshoal;Goldshoal;;;;;;;;;;;;;x
b_golonco;Golonco;;;;;;;;;;;;;;x
b_habru;Habru;;;;;;;;;;;;;;x
b_haibei;Hai-Bei;;;;;;;;;;;;;;x
b_halayeb;Halayeb;;;;;;;;;;;;;;x
b_harabiri;Harabiri;;;;;;;;;;;;;x
b_hawzen;Haw-Zen;;;;;;;;;;;;;;x
b_hayya;Hayya;;;;;;;;;;;;;;x
b_henghua;Henghua;;;;;;;;;;;;;;x
b_henglan;Henglan;;;;;;;;;;;;;;x
b_henglung;Heng-Lung;;;;;;;;;;;;;;x
b_hengoli;Hengoli;;;;;;;;;;;;;;x
b_hengshan;Hengshan;;;;;;;;;;;;;;x
b_hengtou;Heng-Tou;;;;;;;;;;;;;;x
b_hengtun;Heng-Tun;;;;;;;;;;;;;;x
b_hengung;Hengung;;;;;;;;;;;;;;x
b_hengyuan;Hengyuan;;;;;;;;;;;;;;x
b_hobei;Ho-Bei;;;;;;;;;;;;;;x
b_hofa;Ho-Fa;;;;;;;;;;;;;;x
b_hombao;Hombao;;;;;;;;;;;;;;x
b_homchu;Homchu;;;;;;;;;;;;;;x
b_homgong;Hom Gong;;;;;;;;;;;;;;x
b_homlien;Homlien;;;;;;;;;;;;;;x
b_homliu;Homliu;;;;;;;;;;;;;;x
b_homnan;Homnan;;;;;;;;;;;;;x
b_homnang;Homnang;;;;;;;;;;;;;;x
b_homshing;Hom-Shing;;;;;;;;;;;;;;x
b_howan;Ho-Wan;;;;;;;;;;;;;;x
b_hoyi;Ho-Yi;;;;;;;;;;;;;;x
b_hoyuan;Hoyuan;;;;;;;;;;;;;;x
b_hsinuen;Hsinuen;;;;;;;;;;;;;;x
b_hsinung;Hsinung;;;;;;;;;;;;;;x
b_hsinwan;Hsin-Wan;;;;;;;;;;;;;;x
b_hsinzu;Hsinzu;;;;;;;;;;;;;;x
b_huangnan;Huang-Nan;;;;;;;;;;;;;;x
b_huanzi;Huan-Zi;;;;;;;;;;;;;;x
b_huashan;Huashan;;;;;;;;;;;;;;x
b_huasiung;Huasiung;;;;;;;;;;;;;;x
b_huatou;Huatou;;;;;;;;;;;;;;x
b_huauen;Huauen;;;;;;;;;;;;;;x
b_huaung;Huaung;;;;;;;;;;;;;;x
b_huazi;Huazi;;;;;;;;;;;;;;x
b_huishan;Huishan;;;;;;;;;;;;;;x
b_hulung;Hu-Lung;;;;;;;;;;;;;;x
b_hunno;Hunno;;;;;;;;;;;;;x
b_hutch;Hutch;;;;;;;;;;;;;x
b_idren;Idren;;;;;;;;;;;;;x
b_imbel;Imbel;;;;;;;;;;;;;x
b_indeher;Indeher;;;;;;;;;;;;;;x
b_jadavi;Jadavi;;;;;;;;;;;;;x
b_janfang;Janfang;;;;;;;;;;;;;x
b_janlang;Janlang;;;;;;;;;;;;;x
b_janwang;Janwang;;;;;;;;;;;;;x
b_jewaha;Jewha;;;;;;;;;;;;;;x
b_jianying;Jian-Ying;;;;;;;;;;;;;;x
b_jiavien;Jiavien;;;;;;;;;;;;;x
b_jinshu;Jinshu;;;;;;;;;;;;;;x
b_kaduqli;Kadugli;;;;;;;;;;;;;;x
b_kagnarti;Kagnarti;;;;;;;;;;;;;;x
b_kaohfa;Kaoh-Fa;;;;;;;;;;;;;;x
b_kaohli;Kaohli;;;;;;;;;;;;;;x
b_kaohong;Kao-Hung;;;;;;;;;;;;;;x
b_kaohtung;Kaohtung;;;;;;;;;;;;;;x
b_kaohzi;Kaohzi;;;;;;;;;;;;;;x
b_karima;Karima;;;;;;;;;;;;;;x
b_keechu;Keechu;;;;;;;;;;;;;;x
b_keeho;Kee-Ho;;;;;;;;;;;;;;x
b_keelan;Kee-Lan;;;;;;;;;;;;;;x
b_keewan;Keewan;;;;;;;;;;;;;;x
b_kembolcha;Kembolcha;;;;;;;;;;;;;;x
b_kerat;Kerat;;;;;;;;;;;;;;x
b_kerma;Kerma;;;;;;;;;;;;;;x
b_kingsley;Kingsley;;;;;;;;;;;;;x
b_kokong;Ko-Kong;;;;;;;;;;;;;;x
b_kokshan;Kokshan;;;;;;;;;;;;;;x
b_koktung;Koktung;;;;;;;;;;;;;;x
b_kokung;Ko-Kung;;;;;;;;;;;;;;x
b_komotit;Komotit;;;;;;;;;;;;;;x
b_koumbi;Koumbi;;;;;;;;;;;;;;x
b_kwababa;Kwababa;;;;;;;;;;;;;;x
b_lagawa;Lagawa;;;;;;;;;;;;;;x
b_lanzi;Lan-Zi;;;;;;;;;;;;;;x
b_lashwa;Lashwa;;;;;;;;;;;;;;x
b_liktaba;Liktaba;;;;;;;;;;;;;;x
b_lofefle;Lofefle;;;;;;;;;;;;;;x
b_lughaya;Lughaya;;;;;;;;;;;;;;x
b_madar;Madar;;;;;;;;;;;;;x
b_maen;Maen;;;;;;;;;;;;;;x
b_magong;Magong;;;;;;;;;;;;;;x
b_malaka;Malaka;;;;;;;;;;;;;;x
b_malbarde;Malbarde;;;;;;;;;;;;;;x
b_mali;Ma-Li;;;;;;;;;;;;;;x
b_manda;Man-Da;;;;;;;;;;;;;;x
b_mankorar;Mankorar;;;;;;;;;;;;;;x
b_maryamu;Maryamu;;;;;;;;;;;;;;x
b_massawa;Massawa;;;;;;;;;;;;;;x
b_matou;Matou-Nui;;;;;;;;;;;;;;x
b_mayi;Ma-Yi;;;;;;;;;;;;;;x
b_mergebla;Mergebla;;;;;;;;;;;;;;x
b_metene;Metene;;;;;;;;;;;;;;x
b_miaboa;Miaboa;;;;;;;;;;;;;;x
b_miaen;Miaen;;;;;;;;;;;;;;x
b_miafa;Miafa;;;;;;;;;;;;;;x
b_miaochung;Miaochung;;;;;;;;;;;;;;x
b_miaofa;Miaofa;;;;;;;;;;;;;;x
b_miaoli;Miao-Li;;;;;;;;;;;;;;x
b_miaolung;Miao-Lung;;;;;;;;;;;;;;x
b_miaonan;Miaonan;;;;;;;;;;;;;;x
b_miashan;Miashan;;;;;;;;;;;;;;x
b_miashing;Miashing;;;;;;;;;;;;;;x
b_miaung;Miaung;;;;;;;;;;;;;;x
b_miawan;Mia-Wan;;;;;;;;;;;;;;x
b_minicci;Minicci;;;;;;;;;;;;;x
b_motsua;Motsua;;;;;;;;;;;;;x
b_mowong;Mowong;;;;;;;;;;;;;x
b_muger;Muger;;;;;;;;;;;;;;x
b_mukden;Mukden;;;;;;;;;;;;;;x
b_nafab;Nafab;;;;;;;;;;;;;;x
b_nalen;Nalen;;;;;;;;;;;;;x
b_nanchung;Nanchung;;;;;;;;;;;;;;x
b_naneren;Naneren;;;;;;;;;;;;;x
b_nanhua;Nanhua;;;;;;;;;;;;;;x
b_nanilan;Nanilan;;;;;;;;;;;;;;x
b_nanli;Nan-Li;;;;;;;;;;;;;;x
b_nanshan;Nanshan;;;;;;;;;;;;;;x
b_nanuzi;Nanuzi;;;;;;;;;;;;;;x
b_nermarc;Nermarc;;;;;;;;;;;;;x
b_nohima;Nohima;;;;;;;;;;;;;x
b_nubia;Nubia;;;;;;;;;;;;;;x
b_odovien;Odovien;;;;;;;;;;;;;x
b_ofcrowhaven;Of Crowhaven;;;;;;;;;;;;;x
b_ofglassbarrow;Of Glassbarrow;;;;;;;;;;;;;x
b_ofhammerfell;Of Hammerfell;;;;;;;;;;;;;x
b_ofiliac;Ofiliac;;;;;;;;;;;;;x
b_ofstirk;Ofstirk;;;;;;;;;;;;;x
b_oivela;Oiv-Ela;;;;;;;;;;;;;;x
b_oldland;Oldland;;;;;;;;;;;;;x
b_omjerky;Omjerky;;;;;;;;;;;;;;x
b_owyren;Owyren;;;;;;;;;;;;;x
b_pagrano;Pagrano;;;;;;;;;;;;;x
b_phyllocid;Phyllocid;;;;;;;;;;;;;x
b_pinglung;Ping-Lung;;;;;;;;;;;;;;x
b_pingshan;Ping-Shan;;;;;;;;;;;;;;x
b_pingsiung;Ping-Siung;;;;;;;;;;;;;;x
b_plinian;Plinian;;;;;;;;;;;;;x
b_praene;Praene;;;;;;;;;;;;;x
b_premnis;Prem-Nis;;;;;;;;;;;;;;x
b_pubao;Pubao;;;;;;;;;;;;;;x
b_puen;Puen;;;;;;;;;;;;;;x
b_puhua;Puhua;;;;;;;;;;;;;;x
b_puma;Puma;;;;;;;;;;;;;;x
b_punbao;Pun-Bao;;;;;;;;;;;;;;x
b_punbo;Punbo;;;;;;;;;;;;;;x
b_pungong;Pungong;;;;;;;;;;;;;;x
b_punlien;Punlien;;;;;;;;;;;;;;x
b_puofima;Puo-Fima;;;;;;;;;;;;;;x
b_putou;Putou;;;;;;;;;;;;;;x
b_putung;Put-Ung;;;;;;;;;;;;;;x
b_ras;Ras;;;;;;;;;;;;;;x
b_rehayto;Rehayto;;;;;;;;;;;;;;x
b_rosentian;Rosentian;;;;;;;;;;;;;x
b_sacca;Sacca;;;;;;;;;;;;;;x
b_saibao;Sai-Bao;;;;;;;;;;;;;;x
b_saibei;Sai-Bei;;;;;;;;;;;;;;x
b_saishing;Saishing;;;;;;;;;;;;;;x
b_saiwan;Sai-Wan;;;;;;;;;;;;;;x
b_saiyuan;Saiyuan;;;;;;;;;;;;;;x
b_saizhou;Saizhou;;;;;;;;;;;;;;x
b_sekota;Sekota;;;;;;;;;;;;;;x
b_serdo;Ser-Do;;;;;;;;;;;;;;x
b_shalateen;Shalateen;;;;;;;;;;;;;;x
b_shangtu;Shang-Tu;;;;;;;;;;;;;;x
b_shendi;Shen-Di;;;;;;;;;;;;;;x
b_shien;Shien;;;;;;;;;;;;;;x
b_shiji;Shiji;;;;;;;;;;;;;;x
b_shilung;Shi-Lung;;;;;;;;;;;;;;x
b_shingen;Shingen;;;;;;;;;;;;;;x
b_shinghua;Shinghua;;;;;;;;;;;;;;x
b_shingliu;Shing-Liu;;;;;;;;;;;;;;x
b_shioli;Shio-Li;;;;;;;;;;;;;;x
b_shishing;Shi-Shing;;;;;;;;;;;;;;x
b_shiung;Shiung;;;;;;;;;;;;;;x
b_shiyi;Shi-Yi;;;;;;;;;;;;;;x
b_shizhou;Shizhou;;;;;;;;;;;;;;x
b_siuen;Siuen;;;;;;;;;;;;;;x
b_siuhua;Siu-Hua;;;;;;;;;;;;;;x
b_siunan;Siunan;;;;;;;;;;;;;;x
b_siupei;Siu-Pei;;;;;;;;;;;;;;x
b_siutung;Siutung;;;;;;;;;;;;;;x
b_siuyuan;Siuyuan;;;;;;;;;;;;;;x
b_sixfingers;Sixfingers;;;;;;;;;;;;;x
b_soleb;Soleb;;;;;;;;;;;;;;x
b_solmor;Solmor;;;;;;;;;;;;;x
b_suark;Suark;;;;;;;;;;;;;x
b_tahtani;Tahtani;;;;;;;;;;;;;;x
b_taibao;Taibao;;;;;;;;;;;;;;x
b_taichung;Taichung;;;;;;;;;;;;;;x
b_taifa;Taifa;;;;;;;;;;;;;;x
b_taiga;Tai-Ga;;;;;;;;;;;;;;x
b_tailien;Tailien;;;;;;;;;;;;;;x
b_taishing;Tai-Shing;;;;;;;;;;;;;;x
b_taitou;Tai-Tou;;;;;;;;;;;;;;x
b_taiwi;Tai-Wi;;;;;;;;;;;;;;x
b_tandalti;Tand-Alti;;;;;;;;;;;;;;x
b_taoang;Tao-Ang;;;;;;;;;;;;;;x
b_taoliu;Taoliu;;;;;;;;;;;;;;x
b_taolung;Taolung;;;;;;;;;;;;;;x
b_taoong;Taoong;;;;;;;;;;;;;;x
b_taoshan;Taoshan;;;;;;;;;;;;;;x
b_taoshing;Tao-Shing;;;;;;;;;;;;;;x
b_taotou;Tao-Tou;;;;;;;;;;;;;;x
b_taotung;Tao-Tung;;;;;;;;;;;;;;x
b_taoung;Taoung;;;;;;;;;;;;;;x
b_taris;Taris;;;;;;;;;;;;;;x
b_teb;Teb;;;;;;;;;;;;;;x
b_tebteb;Teb-Teb;;;;;;;;;;;;;;x
b_telandas;Telandas;;;;;;;;;;;;;x
b_teltele;Tel-Te-Le;;;;;;;;;;;;;;x
b_tendaho;Tendaho;;;;;;;;;;;;;;x
b_tianmei;Tian-Mei;;;;;;;;;;;;;;x
b_tigaja;Tiga-Ja;;;;;;;;;;;;;;x
b_tigrinya;Tigrin-Ya;;;;;;;;;;;;;;x
b_tinli;Tin-Li;;;;;;;;;;;;;;x
b_tinpei;Tinpei;;;;;;;;;;;;;;x
b_tinshing;Tin-Shing;;;;;;;;;;;;;;x
b_tinsiung;Tinsiung;;;;;;;;;;;;;;x
b_tinyuan;Tin-Yuan;;;;;;;;;;;;;;x
b_tisiamti;Tisiamti;;;;;;;;;;;;;;x
b_toadshield;Toadshield;;;;;;;;;;;;;x
b_tokar;Tokar;;;;;;;;;;;;;;x
b_tongbei;Tong-Bei;;;;;;;;;;;;;;x
b_tongpei;Tong-Pei;;;;;;;;;;;;;;x
b_tongshan;Tongshan;;;;;;;;;;;;;;x
b_tongtou;Tongtou;;;;;;;;;;;;;;x
b_trinkitat;Trinkitat;;;;;;;;;;;;;;x
b_tsaicha;Tsaicha;;;;;;;;;;;;;;x
b_tsaolang;Tsaolang;;;;;;;;;;;;;x
b_tsaopiang;Tsaopiang;;;;;;;;;;;;;x
b_tsinghai;Tsing-Hai;;;;;;;;;;;;;;x
b_tsuiho;Tsuiho;;;;;;;;;;;;;;x
b_tsuihua;Tsuihua;;;;;;;;;;;;;;x
b_tsuihuang;Tsui-Huang;;;;;;;;;;;;;;x
b_tsuishan;Tsuishan;;;;;;;;;;;;;;x
b_tsuishing;Tsui-Shing;;;;;;;;;;;;;;x
b_tsuiuen;Tsuiuen;;;;;;;;;;;;;;x
b_tsuiwan;Tsuiwan;;;;;;;;;;;;;;x
b_twintricked;Twintricked;;;;;;;;;;;;;x
b_tyrash;Tyrash;;;;;;;;;;;;;x
b_umm;Umm;;;;;;;;;;;;;;x
b_wanchu;Wanchu;;;;;;;;;;;;;;x
b_wanlan;Wanlan;;;;;;;;;;;;;;x
b_wanpei;Wan-Pei;;;;;;;;;;;;;;x
b_wantung;Wantung;;;;;;;;;;;;;;x
b_wanuen;Wan-Uen;;;;;;;;;;;;;;x
b_wanzi;Wanzi;;;;;;;;;;;;;;x
b_wawissi;Wawissi;;;;;;;;;;;;;;x
b_woodborne;Woodborne;;;;;;;;;;;;;x
b_wujian;Wu-Jian;;;;;;;;;;;;;;x
b_wuli;Wu-Li;;;;;;;;;;;;;;x
b_xaomiri;Xaomiri;;;;;;;;;;;;;x
b_xaoshao;Xaoshao;;;;;;;;;;;;;x
b_xiachu;Xia-Chu;;;;;;;;;;;;;;x
b_xiailan;Xiai-Lan;;;;;;;;;;;;;;x
b_xiangong;Xiangong;;;;;;;;;;;;;;x
b_xianhua;Xianhua;;;;;;;;;;;;;;x
b_xianilan;Xian-Ilan;;;;;;;;;;;;;;x
b_xianung;Xianung;;;;;;;;;;;;;;x
b_xianyi;Xian-Yi;;;;;;;;;;;;;;x
b_xiatung;Xiatung;;;;;;;;;;;;;;x
b_xiazi;Xiazi;;;;;;;;;;;;;;x
b_xifa;Xifa;;;;;;;;;;;;;;x
b_xining;Xining;;;;;;;;;;;;;;x
b_xiuen;Xiuen;;;;;;;;;;;;;;x
b_xiung;Xiung;;;;;;;;;;;;;;x
b_xizi;Xi-Zi;;;;;;;;;;;;;;x
b_yanshi;Yanshi;;;;;;;;;;;;;;x
b_yegeleka;Yegeleka;;;;;;;;;;;;;;x
b_yeha;Yeha;;;;;;;;;;;;;;x
b_yejube;Yejube;;;;;;;;;;;;;;x
b_yeomcroft;Yeomcroft;;;;;;;;;;;;;x
b_yibao;Yi-Bao;;;;;;;;;;;;;;x
b_yichung;Yi-Chung;;;;;;;;;;;;;;x
b_yiho;Yiho;;;;;;;;;;;;;;x
b_yili;Yi-Li;;;;;;;;;;;;;;x
b_yilung;Yi-Lung;;;;;;;;;;;;;;x
b_yingung;Yingung;;;;;;;;;;;;;;x
b_yinguzi;Yinguzi;;;;;;;;;;;;;;x
b_yingzi;Ying-Zi;;;;;;;;;;;;;;x
b_yinlung;Yinlung;;;;;;;;;;;;;;x
b_yinshan;Yin-Shan;;;;;;;;;;;;;;x
b_yirga;Yirga;;;;;;;;;;;;;;x
b_yiwan;Yiwan;;;;;;;;;;;;;;x
b_yiyung;Yiyung;;;;;;;;;;;;;;x
b_yiyi;Yi-Yi;;;;;;;;;;;;;;x
b_yushu;Yushu;;;;;;;;;;;;;;x
b_zabargad;Zabargad;;;;;;;;;;;;;;x
b_zadavi;Zadavi;;;;;;;;;;;;;x
b_zagamat;Zagamat;;;;;;;;;;;;;;x
b_zengfen;Zeng-Fen;;;;;;;;;;;;;;x
b_zhibao;Zhi-Bao;;;;;;;;;;;;;;x
b_zhigang;Zhi-Gang;;;;;;;;;;;;;;x
b_zhigong;Zhigong;;;;;;;;;;;;;;x
b_zhilan;Zhilan;;;;;;;;;;;;;;x
b_zhili;Zhili;;;;;;;;;;;;;;x
b_zhishou;Zhishou;;;;;;;;;;;;;;x
b_zhiung;Zhi-Ung;;;;;;;;;;;;;;x
b_zhiyi;Zhi-Yi;;;;;;;;;;;;;;x
b_zhizi;Zhizi;;;;;;;;;;;;;;x
b_zhongyi;Zhongyi;;;;;;;;;;;;;;x
b_zhouan;Zhouan;;;;;;;;;;;;;;x
b_zhuli;Zhuli;;;;;;;;;;;;;;x
b_zhung;Zhung;;;;;;;;;;;;;;x
b_zhuyi;Zhuyi;;;;;;;;;;;;;;x
b_zhuyuan;Zhu-Yuan;;;;;;;;;;;;;;x
b_zima;Zima;;;;;;;;;;;;;;x
b_ziya;Ziya;;;;;;;;;;;;;;x
b_zumbo;Zumbo;;;;;;;;;;;;;;x
b_adulis;Adulis;;;;;;;;;;;;;;x
b_qohaito;Qoh-Aito;;;;;;;;;;;;;;x
b_matara;Matara;;;;;;;;;;;;;;x
b_cheren;Cheren;;;;;;;;;;;;;;x
b_dahano;Da-Hano;;;;;;;;;;;;;;x
b_adigrat;Adigrat;;;;;;;;;;;;;;x
b_mekele;Mekele;;;;;;;;;;;;;;x
b_adwa;Adwa;;;;;;;;;;;;;;x
b_zeila;Zei-La;;;;;;;;;;;;;;x
b_shiikh;Shiikh;;;;;;;;;;;;;;x
b_daarbuduq;Daar-Buduq;;;;;;;;;;;;;;x
b_mandera;Mandera;;;;;;;;;;;;;;x
b_gabiley;Gabiley;;;;;;;;;;;;;;x
b_hadaftimo;Hadaftimo;;;;;;;;;;;;;;x
b_bandaraassim;Bandar-Aasim;;;;;;;;;;;;;;x
b_mogolo;Mogolo;;;;;;;;;;;;;;x
b_dghe;Dghe;;;;;;;;;;;;;;x
b_barentu;Baren-Tu;;;;;;;;;;;;;;x
b_teseney;Teseney;;;;;;;;;;;;;;x
b_akordat;Akor-Dat;;;;;;;;;;;;;;x
b_sembel;Sembel;;;;;;;;;;;;;;x
b_shambuko;Sham-Buko;;;;;;;;;;;;;;x
b_kombolcha;Kombolcha;;;;;;;;;;;;;;x
b_kurfachele;Kurfachele;;;;;;;;;;;;;;x
b_entoto;Entoto;;;;;;;;;;;;;;x
b_tegulet;Tegulet;;;;;;;;;;;;;;x
b_keyagebriel;Keyagebriel;;;;;;;;;;;;;;x
b_berehet;Bere-Het;;;;;;;;;;;;;;x
b_aliyuamba;Aliyuamba;;;;;;;;;;;;;;x
b_saqqa;Saqqa;;;;;;;;;;;;;;x
b_qundi;Gundi;;;;;;;;;;;;;;x
b_wawa;Wa-Wa;;;;;;;;;;;;;;x
b_semna;Semna;;;;;;;;;;;;;;x
b_ummmardi;Ummmardi;;;;;;;;;;;;;;x
b_hajaralasla;Hajaralasla;;;;;;;;;;;;;;x
b_begarawiyah;Begarawiyah;;;;;;;;;;;;;;x
b_meruwah;Meruwah;;;;;;;;;;;;;;x
b_atbara;At-Bara;;;;;;;;;;;;;;x
b_keheilli;Keheilli;;;;;;;;;;;;;;x
b_omdurman;Omdurman;;;;;;;;;;;;;;x
b_alwa;Al-Wa;;;;;;;;;;;;;;x
b_abudis;Abudis;;;;;;;;;;;;;;x
b_abbeit;Abbeit;;;;;;;;;;;;;;x
b_kosti;Kosti;;;;;;;;;;;;;;x
b_kinanah;Kinanah;;;;;;;;;;;;;;x
b_wadrawah;Wadrawah;;;;;;;;;;;;;;x
b_galgani;Galgani;;;;;;;;;;;;;;x
b_kukur;Kukur;;;;;;;;;;;;;;x
b_bakkah;Bakkah;;;;;;;;;;;;;;x
b_sinjah;Sin-Jah;;;;;;;;;;;;;;x
b_tabat;Tabat;;;;;;;;;;;;;;x
b_qubban;Qubban;;;;;;;;;;;;;;x
b_affat;Affat;;;;;;;;;;;;;;x
b_dotawo;Dot-Awo;;;;;;;;;;;;;;x
b_oromos;Oromos;;;;;;;;;;;;;;x
b_debrelibanos;Debrelibanos;;;;;;;;;;;;;;x
b_bale;Bale;;;;;;;;;;;;;;x
b_antsokia;Antsokia;;;;;;;;;;;;;;x
b_shewa;Shewa;;;;;;;;;;;;;;x
b_hayq;Hayq;;;;;;;;;;;;;;x
b_komelshokafa;Komelshokafa;;;;;;;;;;;;;;x
b_dubarua;Dubarua;;;;;;;;;;;;;;x
b_derkin;Derkin;;;;;;;;;;;;;;x
b_qasribrim;Qasribrim;;;;;;;;;;;;;;x
b_faras;Faras;;;;;;;;;;;;;;x
b_jebeladda;Jebeladda;;;;;;;;;;;;;;x
b_farata;Farata;;;;;;;;;;;;;;x
b_derri;Derri;;;;;;;;;;;;;;x
b_macina;Macina;;;;;;;;;;;;;;x
b_aftout;Aftout;;;;;;;;;;;;;;x
b_guerou;Guerou;;;;;;;;;;;;;;x
b_boumdeid;Boumdeid;;;;;;;;;;;;;;x
b_kankossa;Kanossa;;;;;;;;;;;;;;x
b_tichitt;Tichitt;;;;;;;;;;;;;;x
b_aoudaghost;Aoudaghost;;;;;;;;;;;;;;x
b_kughah;Kughah;;;;;;;;;;;;;;x
b_tirka;Tirka;;;;;;;;;;;;;;x
b_samakanda;Samakanda;;;;;;;;;;;;;;x
b_salum;Salum;;;;;;;;;;;;;;x
b_sawakin;Sawakin;;;;;;;;;;;;;;x
b_bambasi;Bambasi;;;;;;;;;;;;;;x
b_asosa;Asosa;;;;;;;;;;;;;;x
b_doqaqit;Doqaqit;;;;;;;;;;;;;;x
b_ankober;Ankober;;;;;;;;;;;;;;x
b_kormuk;Kormuk;;;;;;;;;;;;;;x
b_ketema;Ketema;;;;;;;;;;;;;;x
b_dibate;Dibate;;;;;;;;;;;;;;x
b_mankush;Mankush;;;;;;;;;;;;;;x
b_debrezeyit;Debrezeyit;;;;;;;;;;;;;;x
b_genetemariam;Genetemariam;;;;;;;;;;;;;;x
b_salala;Salala;;;;;;;;;;;;;;x
b_korti;Korti;;;;;;;;;;;;;;x
b_kanisah;Kanisah;;;;;;;;;;;;;;x
b_ghazali;Ghazali;;;;;;;;;;;;;;x
b_marawi;Mara-Wi;;;;;;;;;;;;;;x
b_gabriya;Gabri-Ya;;;;;;;;;;;;;;x
b_gishabay;Gishabay;;;;;;;;;;;;;;x
b_bonga;Bonga;;;;;;;;;;;;;;x
b_ginbo;Ginbo;;;;;;;;;;;;;;x
b_djibouti;Djibouti;;;;;;;;;;;;;;x
b_dikhil;Dikhil;;;;;;;;;;;;;;x
b_galafi;Galafi;;;;;;;;;;;;;;x
b_obock;Obock;;;;;;;;;;;;;;x
b_berenice;Berenice;;;;;;;;;;;;;;x
b_tadjoura;Tadjoura;;;;;;;;;;;;;;x
b_babile;Babile;;;;;;;;;;;;;;x
b_garo;Garo;;;;;;;;;;;;;;x
b_yadeta;Yadeta;;;;;;;;;;;;;;x
b_kaffa;Kaffa;;;;;;;;;;;;;;x
b_chiri;Chiri;;;;;;;;;;;;;;x
b_wacha;Wacha;;;;;;;;;;;;;;x
b_dembiya;Dembiya;;;;;;;;;;;;;;x
b_tanaqirqos;Tanaqirqos;;;;;;;;;;;;;;x
b_magdala;Magdala;;;;;;;;;;;;;;x
b_roha;Roha;;;;;;;;;;;;;;x
b_fasilghebbi;Fasilghebbi;;;;;;;;;;;;;;x
b_randa;Randa;;;;;;;;;;;;;;x
b_holhol;Hol-Hol;;;;;;;;;;;;;;x
b_marsaalam;Marasaalam;;;;;;;;;;;;;;x
b_troglodytica;Troglodytica;;;;;;;;;;;;;;x
b_abalessa;Abalessa;;;;;;;;;;;;;;x
b_aguelhok;Aguelhok;;;;;;;;;;;;;;x
b_tessalit;Tessalit;;;;;;;;;;;;;;x
b_araouane;Araouane;;;;;;;;;;;;;;x
b_fassekra;Fassekra;;;;;;;;;;;;;;x
b_tarhalet;Tarhalet;;;;;;;;;;;;;;x
b_tizert;Tizert;;;;;;;;;;;;;;x
b_anchawadi;Anchawadi;;;;;;;;;;;;;;x
b_gabero;Gabero;;;;;;;;;;;;;;x
b_menaka;Menaka;;;;;;;;;;;;;;x
b_ansongo;Ansongo;;;;;;;;;;;;;;x
b_bourem;Bourem;;;;;;;;;;;;;;x
b_gaosaney;Gaosaney;;;;;;;;;;;;;;x
b_sarnah;Sarnah;;;;;;;;;;;;;;x
b_konou;Konou;;;;;;;;;;;;;;x
b_neiguiat;Neiguiat;;;;;;;;;;;;;;x
b_tiguiguil;Tiguiguil;;;;;;;;;;;;;;x
b_oualata;Oualata;;;;;;;;;;;;;;x
b_aglal;Aglal;;;;;;;;;;;;;;x
b_toya;Toya;;;;;;;;;;;;;;x
b_boureminaly;Boureminaly;;;;;;;;;;;;;;x
b_reggane;Reggane;;;;;;;;;;;;;;x
b_metarta;Metarta;;;;;;;;;;;;;;x
b_kerzaz;Kerzaz;;;;;;;;;;;;;;x
b_taghaza;Taghaza;;;;;;;;;;;;;;x
b_tazrouk;Tazrouk;;;;;;;;;;;;;;x
b_tamanrasset;Tamanrasset;;;;;;;;;;;;;;x
b_guezzam;Guezzam;;;;;;;;;;;;;;x
b_tinzaouten;Tinzaouten;;;;;;;;;;;;;;x
b_silla;Silla;;;;;;;;;;;;;;x
b_alouarta;Alouarta;;;;;;;;;;;;;;x
b_charouine;Charouine;;;;;;;;;;;;;;x
b_aougrout;Aougrout;;;;;;;;;;;;;;x
b_adrar;Adrar;;;;;;;;;;;;;;x
b_idjil;Idjil;;;;;;;;;;;;;;x
b_ksaralkiali;Ksaralkiali;;;;;;;;;;;;;;x
b_azuggi;Azuggi;;;;;;;;;;;;;;x
b_wadan;Wadan;;;;;;;;;;;;;;x
b_ouadane;Ouadane;;;;;;;;;;;;;;x
b_ksarelbarka;Ksarelbarka;;;;;;;;;;;;;;x
b_moudjeria;Moudjeria;;;;;;;;;;;;;;x
b_bamako;Bamako;;;;;;;;;;;;;;x
b_niani;Niani;;;;;;;;;;;;;;x
b_boure;Boure;;;;;;;;;;;;;;x
b_fderick;Fderick;;;;;;;;;;;;;;x
b_rouessa;Rouessa;;;;;;;;;;;;;;x
b_tazadit;Tazadit;;;;;;;;;;;;;;x
b_zouerat;Zouerat;;;;;;;;;;;;;;x
b_doka;Doka;;;;;;;;;;;;;;x
b_kassala;Kassala;;;;;;;;;;;;;;x
b_kataigarsa;Kataigarsa;;;;;;;;;;;;;;x
b_sinkat;Sinkat;;;;;;;;;;;;;;x
b_musmer;Musmer;;;;;;;;;;;;;;x
b_kiffa;Kiffa;;;;;;;;;;;;;;x
b_bambuk;Bambuk;;;;;;;;;;;;;;x
b_soussa;Soussa;;;;;;;;;;;;;;x
b_bougouni;Bougouni;;;;;;;;;;;;;;x
b_dialakoro;Dialakoro;;;;;;;;;;;;;;x
b_baguineda;Baguineda;;;;;;;;;;;;;;x
b_safo;Safo;;;;;;;;;;;;;;x
b_tera;Tera;;;;;;;;;;;;;;x
b_ouallam;Ouallam;;;;;;;;;;;;;;x
b_bura;Bura;;;;;;;;;;;;;;x
b_essako;Essako;;;;;;;;;;;;;;x
b_takedda;Takedda;;;;;;;;;;;;;;x
b_agades;Agades;;;;;;;;;;;;;;x
b_tadmekka;Tadmekka;;;;;;;;;;;;;;x
b_gao;Gao;;;;;;;;;;;;;;x
b_hounde;Hounde;;;;;;;;;;;;;;x
b_zorgho;Zorgho;;;;;;;;;;;;;;x
b_gurma;Gurma;;;;;;;;;;;;;;x
b_derary;Derary;;;;;;;;;;;;;;x
b_femaye;Femaye;;;;;;;;;;;;;;x
b_pondori;Pondori;;;;;;;;;;;;;;x
b_ouroali;Ouroali;;;;;;;;;;;;;;x
b_alafia;Alafia;;;;;;;;;;;;;;x
b_timbuktu;Timbuktu;;;;;;;;;;;;;;x
b_dinder;Dinder;;;;;;;;;;;;;;x
b_kewa;Kewa;;;;;;;;;;;;;;x
b_fakala;Fakala;;;;;;;;;;;;;;x
b_singhanah;Singhanah;;;;;;;;;;;;;;x
b_birnsara;Birnsara;;;;;;;;;;;;;;x
b_ber;Ber;;;;;;;;;;;;;;x
b_lafia;Lafia;;;;;;;;;;;;;;x
b_salam;Salam;;;;;;;;;;;;;;x
b_serapeum;Serapeum;;;;;;;;;;;;;;x
b_pithom;Pithom;;;;;;;;;;;;;;x
b_said;Sa-Id;;;;;;;;;;;;;;x
b_ismaillia;Ismaillia;;;;;;;;;;;;;;x
b_sile;Sile;;;;;;;;;;;;;;x
b_alsalihiyah;Alsalihiyah;;;;;;;;;;;;;;x
b_tinis;Tinis;;;;;;;;;;;;;;x
b_pelusia;Pelusia;;;;;;;;;;;;;;x
b_maan;Maan;;;;;;;;;;;;;;x
b_judaidah;Judai-Dah;;;;;;;;;;;;;;x
b_uwayquilah;Uwayquilah;;;;;;;;;;;;;;x
b_qasa;Qa-Sa;;;;;;;;;;;;;;x
b_ruthiyah;Ruthiyah;;;;;;;;;;;;;;x
b_samar;Samar;;;;;;;;;;;;;;x
b_feifa;Feifa;;;;;;;;;;;;;;x
b_mazraa;Mazraa;;;;;;;;;;;;;;x
b_quwairah;Quwairah;;;;;;;;;;;;;;x
b_reeshah;Reeshah;;;;;;;;;;;;;;x
b_aqabah;Aqabah;;;;;;;;;;;;;;x
b_tabuk;Tabuk;;;;;;;;;;;;;;x
b_bubeita;Bubeita;;;;;;;;;;;;;;x
b_afra;Afra;;;;;;;;;;;;;;x
b_maanalhasa;Maanalhasa;;;;;;;;;;;;;;x
b_buseira;Buseira;;;;;;;;;;;;;;x
b_maanaljafr;Maanaljafr;;;;;;;;;;;;;;x
b_shubak;Shubak;;;;;;;;;;;;;;x
b_mutah;Mutah;;;;;;;;;;;;;;x
b_sharmah;Sharmah;;;;;;;;;;;;;;x
b_shaghab;Shaghab;;;;;;;;;;;;;;x
b_gabouk;Gabouk;;;;;;;;;;;;;;x
b_abu;Abu;;;;;;;;;;;;;;x
b_muwaylih;Muwaylih;;;;;;;;;;;;;;x
b_mariyiat;Mariyiat;;;;;;;;;;;;;;x
b_duba;Duba;;;;;;;;;;;;;;x
b_mekaya_4;Mekne;;;;;;;;;;;;;;x
b_mekaya_5;Meki;;;;;;;;;;;;;;x
b_mekaya_6;Meksu;;;;;;;;;;;;;;x
b_mekaya_7;Meko;;;;;;;;;;;;;;x
b_puryosu_5;Purye;;;;;;;;;;;;;;x
b_puryosu_6;Purn;;;;;;;;;;;;;;x
b_puryosu_7;Purya;;;;;;;;;;;;;;x
b_gikiro_5;Gikira;;;;;;;;;;;;;;x
b_gikiro_6;Gikisho;;;;;;;;;;;;;;x
b_gikiro_7;Gikishi;;;;;;;;;;;;;;x
b_chanubi_6;Chando;;;;;;;;;;;;;;x
b_chanubi_7;Lichan;;;;;;;;;;;;;;x
b_ijato_5;Ijai;;;;;;;;;;;;;;x
b_ijato_6;Ijae;;;;;;;;;;;;;;x
b_ijato_7;Ijao;;;;;;;;;;;;;;x
b_woshojo_5;Wohoshi;;;;;;;;;;;;;;x
b_woshojo_6;Duwoho;;;;;;;;;;;;;;x
b_woshojo_7;Duwang;;;;;;;;;;;;;;x
b_totoshi_5;Iwata;;;;;;;;;;;;;;x
b_totoshi_6;Marusume;;;;;;;;;;;;;;x
b_totoshi_7;Shinbo;;;;;;;;;;;;;;x
b_segaji_6;Seha;;;;;;;;;;;;;;x
b_segaji_7;Sein;;;;;;;;;;;;;;x
b_riryu_5;Riryo;;;;;;;;;;;;;;x
b_riryu_6;Rini;;;;;;;;;;;;;;x
b_riryu_7;Risa;;;;;;;;;;;;;;x
b_yneslea_5;Yneslea;;;;;;;;;;;;;;x
b_yneslea_6;Yna;;;;;;;;;;;;;;x
b_yneslea_7;Yneorim;;;;;;;;;;;;;;x
b_anequey_4;Dulquey;;;;;;;;;;;;;;x
b_anequey_5;Geggiss;;;;;;;;;;;;;;x
b_anequey_6;Ginnqass;;;;;;;;;;;;;;x
b_anequey_7;Nemmid;;;;;;;;;;;;;;x
b_ilaquey_6;Negteshug;;;;;;;;;;;;;;x
b_ilaquey_7;Viktud;;;;;;;;;;;;;;x
b_itil_7;Dakdrun;;;;;;;;;;;;;;x
b_alcoa_7;Acnanthig;;;;;;;;;;;;;;x
b_anakar_5;Nirgek;;;;;;;;;;;;;;x
b_anakar_6;Zallon;;;;;;;;;;;;;;x
b_anakar_7;Fanad;;;;;;;;;;;;;;x
b_adeniet_7;Veghithed;;;;;;;;;;;;;;x
b_kidal_7;Nalod;;;;;;;;;;;;;;x
b_lor_7;Virgis;;;;;;;;;;;;;;x
b_sabatra_7;Sabata;;;;;;;;;;;;;;x
b_radet_7;Radit;;;;;;;;;;;;;;x
b_nod_7;Ned;;;;;;;;;;;;;;x
b_yntao_7;Ynti;;;;;;;;;;;;;;x
b_shayfan_6;Shaytan;;;;;;;;;;;;;;x
b_shayfan_7;Shaykan;;;;;;;;;;;;;;x
b_kamery_5;Kamu;;;;;;;;;;;;;;x
b_kamery_6;Sassil;;;;;;;;;;;;;;x
b_kamery_7;Fakdru;;;;;;;;;;;;;;x
b_tulla_5;Zashir;;;;;;;;;;;;;;x
b_tulla_6;Eriash;;;;;;;;;;;;;;x
b_tulla_7;Ahid;;;;;;;;;;;;;;x
b_ceffa_6;Montan;;;;;;;;;;;;;;x
b_ceffa_7;Endravas;;;;;;;;;;;;;;x
b_zaderra;Zaderra;;;;;;;;;;;;;;x
b_alldale;Alldale;;;;;;;;;;;;;;x
b_addin;Addin;;;;;;;;;;;;;;x
b_cuddol;Cuddol;;;;;;;;;;;;;;x
b_lemrelan;Lemrelan;;;;;;;;;;;;;;x
b_hathen;Hathen;;;;;;;;;;;;;;x
b_zinrarn;Zinrarn;;;;;;;;;;;;;;x
b_vindovona;Vindovona;;;;;;;;;;;;;x
b_bart;Bart;;;;;;;;;;;;;x
b_sardon;Sardon;;;;;;;;;;;;;x
b_crifmez;Crifmez;;;;;;;;;;;;;x
b_loibyl;Loibyl;;;;;;;;;;;;;x
b_dartus;Dartus;;;;;;;;;;;;;x
b_meggedo;Meggedo;;;;;;;;;;;;;x
b_rasputia;Rasputia;;;;;;;;;;;;;x
b_nacturwal;Nacturwal;;;;;;;;;;;;;x
b_geretoul;Geretoul;;;;;;;;;;;;;x
b_ashonne;Ashonne;;;;;;;;;;;;;x
b_sachervois;Sachervois;;;;;;;;;;;;;x
b_miople;Miople;;;;;;;;;;;;;x
b_esya;Esya;;;;;;;;;;;;;x
b_jabiem;Jabiem;;;;;;;;;;;;;x
b_vasin;Vasin;;;;;;;;;;;;;x
b_nisabhan;Nisabhan;;;;;;;;;;;;;x
b_roronde;Roronde;;;;;;;;;;;;;x
b_anabhan;Anabhan;;;;;;;;;;;;;x
b_bermanchu;Bermanchu;;;;;;;;;;;;;x
b_koutkh;Koutkh;;;;;;;;;;;;;x
b_kolasin;Kolasin;;;;;;;;;;;;;x
b_saendur;Saendur;;;;;;;;;;;;;x
b_putos;Putos;;;;;;;;;;;;;x
b_tolabhan;Tolabhan;;;;;;;;;;;;;x
b_ceblint;Ceblint;;;;;;;;;;;;;x
b_brecoa;Brecoa;;;;;;;;;;;;;x
b_hamler;Hamler;;;;;;;;;;;;;x
b_hofsebland;Hofsebland;;;;;;;;;;;;;x
b_teigmins;Teigmins;;;;;;;;;;;;;x
b_derwatux;Derwatux;;;;;;;;;;;;;x
b_kyaia;Kyaia;;;;;;;;;;;;;x
b_irujuc;Irujuc;;;;;;;;;;;;;x
b_guav;Guav;;;;;;;;;;;;;x
b_zerhov;Zerhov;;;;;;;;;;;;;x
b_aglon;Aglon;;;;;;;;;;;;;x
b_leukaster;Leukaster;;;;;;;;;;;;;x
b_ruagr;Ruagr;;;;;;;;;;;;;x
b_bremozan;Bremozan;;;;;;;;;;;;;x
b_frunini;Frunini;;;;;;;;;;;;;x
b_echwatom;Echwatom;;;;;;;;;;;;;x
b_absareg;Absareg;;;;;;;;;;;;;x
b_kerchu;Kerchu;;;;;;;;;;;;;x
b_uttarsodes;Uttarsodes;;;;;;;;;;;;;x
b_momo;Momo;;;;;;;;;;;;;x
b_jurad;Jurad;;;;;;;;;;;;;x
b_oziriv;Oziriv;;;;;;;;;;;;;x
b_rarile;Rarile;;;;;;;;;;;;;x
b_thomir;Thomir;;;;;;;;;;;;;x
b_uglen;Uglen;;;;;;;;;;;;;x
b_kemael;Kamael;;;;;;;;;;;;;x
b_huipa;Huipa;;;;;;;;;;;;;x
b_qalile;Qalile;;;;;;;;;;;;;x
b_dekothan;Dekothan;;;;;;;;;;;;;x
b_tonberg;Tonberg;;;;;;;;;;;;;x
b_peuta;Peuta;;;;;;;;;;;;;x
b_xedova;Xedova;;;;;;;;;;;;;x
b_actmoran;Atmoran;;;;;;;;;;;;;x
b_bunael;Bunael;;;;;;;;;;;;;x
b_fedosberg;Fedosberg;;;;;;;;;;;;;x
b_lorot;Lorot;;;;;;;;;;;;;x
b_sibuantes;Sibuantes;;;;;;;;;;;;;x
b_tiseran;Tiseran;;;;;;;;;;;;;x
b_ojav;Ojav;;;;;;;;;;;;;x
b_decca;Decca;;;;;;;;;;;;;x
b_qurom;Qurom;;;;;;;;;;;;;x
b_liwhen;Liwhen;;;;;;;;;;;;;x
b_kanuj;Kanuj;;;;;;;;;;;;;x
b_robsana;Robsana;;;;;;;;;;;;;x
b_gheintoras;Gheintoras;;;;;;;;;;;;;x
b_hunnori;Hunnori;;;;;;;;;;;;;x
b_fugezun;Fugezun;;;;;;;;;;;;;x
b_xaddes;Xaddes;;;;;;;;;;;;;x
b_wemari;Wemari;;;;;;;;;;;;;x
b_draceborg;Draceborg;;;;;;;;;;;;;x
b_colube;Colube;;;;;;;;;;;;;x
b_lanonde;Lanonde;;;;;;;;;;;;;x
b_kolaud;Kolaud;;;;;;;;;;;;;x
b_loduga;Loduga;;;;;;;;;;;;;x
b_yeburg;Yeburg;;;;;;;;;;;;;x
b_enqot;Enqot;;;;;;;;;;;;;x
b_sarranof;Sarranof;;;;;;;;;;;;;x
b_nbonetta;Nbonetta;;;;;;;;;;;;;x
b_tanemir;Tanemir;;;;;;;;;;;;;x
b_luki;Luki;;;;;;;;;;;;;x
b_nuat;Nuat;;;;;;;;;;;;;x
b_qalaria;Qalaria;;;;;;;;;;;;;x
b_rilart;Rilart;;;;;;;;;;;;;x
b_edgon;Edgon;;;;;;;;;;;;;x
b_boreran;Boreran;;;;;;;;;;;;;x
b_asuprne;Asuprne;;;;;;;;;;;;;x
b_keinile;Keinile;;;;;;;;;;;;;x
b_siuppa;Siuppa;;;;;;;;;;;;;x
b_qonne;Qonne;;;;;;;;;;;;;x
b_elilaud;Elilaud;;;;;;;;;;;;;x
b_asuprile;Asuprile;;;;;;;;;;;;;x
b_ijuben;Ijuben;;;;;;;;;;;;;x
b_qoner;Qoner;;;;;;;;;;;;;x
b_ralasin;Ralasin;;;;;;;;;;;;;x
b_wisael;Wisael;;;;;;;;;;;;;x
b_cintra;Cintra;;;;;;;;;;;;;x
b_dolonne;Dolonne;;;;;;;;;;;;;x
b_waronde;Waronde;;;;;;;;;;;;;x
b_linaud;Linaud;;;;;;;;;;;;;x
b_tacahan;Tacahan;;;;;;;;;;;;;x
b_bilael;Bilael;;;;;;;;;;;;;x
b_qunael;Qunael;;;;;;;;;;;;;x
b_hollar;Hollar;;;;;;;;;;;;;x
b_kalbur;Kalbur;;;;;;;;;;;;;x
b_qanabor;Qanabor;;;;;;;;;;;;;x
b_wyai;Wyai;;;;;;;;;;;;;x
b_ademael;Ademael;;;;;;;;;;;;;x
b_qisiel;Qisiel;;;;;;;;;;;;;x
b_lemart;Lemart;;;;;;;;;;;;;x
b_elzion;Elzion;;;;;;;;;;;;;x
b_rubisol;Rubisol;;;;;;;;;;;;;x
b_kinudur;Kinudur;;;;;;;;;;;;;x
b_senali;Senali;;;;;;;;;;;;;x
b_wian;Wian;;;;;;;;;;;;;x
b_numali;Numali;;;;;;;;;;;;;x
b_ante-castel;Ante Castel;;;;;;;;;;;;;x
b_tince;Tince;;;;;;;;;;;;;x
b_windshore;Windshore;;;;;;;;;;;;;x
b_taetho;Taetho;;;;;;;;;;;;;x
b_castlestorm;Castlestorm;;;;;;;;;;;;;x
b_raventower;Raventower;;;;;;;;;;;;;x
b_wolfden;Wolfden;;;;;;;;;;;;;x
b_moonchurch;Moonchurch;;;;;;;;;;;;;x
b_sunkencity;Sunkencity;;;;;;;;;;;;;x
b_hawkville;Hawkville;;;;;;;;;;;;;x
b_dragonspire;Dragonspire;;;;;;;;;;;;;x
b_whitethorn;Whitethorn;;;;;;;;;;;;;x
b_frosthold;Frosthold;;;;;;;;;;;;;x
b_mistwood;Mistwood;;;;;;;;;;;;;x
b_blackpeak;Blackpeak;;;;;;;;;;;;;x
b_leqube;Leqube;;;;;;;;;;;;;x
b_moonhold;Moonhold;;;;;;;;;;;;;x
b_starwoods;Starwoods;;;;;;;;;;;;;x
b_goldenhaven;Goldenhaven;;;;;;;;;;;;;x
b_aftir;Atir;;;;;;;;;;;;;x
b_earthspire;Earthspire;;;;;;;;;;;;;x
b_skyhall;Skyhall;;;;;;;;;;;;;x
b_darkshore;Darkshore;;;;;;;;;;;;;x
b_ironfort;Ironfort;;;;;;;;;;;;;x
b_windhaven;Windhaven;;;;;;;;;;;;;x
b_emberspire;Emberspire;;;;;;;;;;;;;x
b_dewma;Dewma;;;;;;;;;;;;;x
b_thunderhold;Thunderhold;;;;;;;;;;;;;x
b_ubzen;Ubzen;;;;;;;;;;;;;x
b_starsands;Starsands;;;;;;;;;;;;;x
b_rupdala;Rupdala;;;;;;;;;;;;;x
b_sandica;Sandcica;;;;;;;;;;;;;x
b_mistpeak;Mistpeak;;;;;;;;;;;;;x
b_stonablon;Stonablon;;;;;;;;;;;;;x
b_eskotan;Eskotan;;;;;;;;;;;;;x
b_ayspire;Ayspire;;;;;;;;;;;;;x
b_moonmeadow;Moonmeadow;;;;;;;;;;;;;x
b_stormvale;Stormvale;;;;;;;;;;;;;x
b_suray;Suray;;;;;;;;;;;;;x
b_rockyridge;Rockyridge;;;;;;;;;;;;;x
b_clogen;Clogen;;;;;;;;;;;;;x
b_salabhan;Salabhan;;;;;;;;;;;;;x
b_amberhall;Amberhall;;;;;;;;;;;;;x
b_zaambet;Zaambet;;;;;;;;;;;;;x
b_lisire;Lisire;;;;;;;;;;;;;x
b_bearclaw;Bearclaw;;;;;;;;;;;;;x
b_eagleseye;Eagleseye;;;;;;;;;;;;;x
b_stormmeadow;Stormmeadow;;;;;;;;;;;;;x
b_silverfort;Silverfort;;;;;;;;;;;;;x
b_birudur;Birudur;;;;;;;;;;;;;x
b_rewdur;Rewdur;;;;;;;;;;;;;x
b_denian;Denian;;;;;;;;;;;;;x
b_kayor;Kayor;;;;;;;;;;;;;x
b_tujre;Tujre;;;;;;;;;;;;;x
b_actomel;Actomel;;;;;;;;;;;;;x
b_ramox;Ramox;;;;;;;;;;;;;x
b_luvien;Luvien;;;;;;;;;;;;;x
b_icecliff;Icecliff;;;;;;;;;;;;;x
b_sandhold;Sandhold;;;;;;;;;;;;;x
b_kimmodar;Kimmodar;;;;;;;;;;;;;x
b_qovew;Qovew;;;;;;;;;;;;;x
b_vjapine;Vjapine;;;;;;;;;;;;;x
b_nanruse;Nanruse;;;;;;;;;;;;;x
b_wononde;Wononde;;;;;;;;;;;;;x
b_emidion;Emidion;;;;;;;;;;;;;x
b_danard;Danard;;;;;;;;;;;;;x
b_brasshall;Brasshall;;;;;;;;;;;;;x
b_hobzal;Hobzal;;;;;;;;;;;;;x
b_offero;Offero;;;;;;;;;;;;;x
b_saruxo;Saruxo;;;;;;;;;;;;;x
b_tubason;Tubason;;;;;;;;;;;;;x
b_lozule;Lozule;;;;;;;;;;;;;x
b_onimat;Onimat;;;;;;;;;;;;;x
b_merat;Merat;;;;;;;;;;;;;x
b_dzuranew;Dzuranew;;;;;;;;;;;;;x
b_belorca;Belorca;;;;;;;;;;;;;x
b_duskdale;Dskdale;;;;;;;;;;;;;x
b_kalart;Kalart;;;;;;;;;;;;;x
b_bravos;Bravos;;;;;;;;;;;;;x
b_axeland;Axeland;;;;;;;;;;;;;x
b_raliel;Raliel;;;;;;;;;;;;;x
b_gosire;Gosire;;;;;;;;;;;;;x
b_rubyhan;Rubyhan;;;;;;;;;;;;;x
b_sofiante;Sofiante;;;;;;;;;;;;;x
b_vebbosa;Vebbosa;;;;;;;;;;;;;x
b_hviesd;Hviesd;;;;;;;;;;;;;x
b_toumnis;Toumnis;;;;;;;;;;;;;x
b_iskej;Iskej;;;;;;;;;;;;;x
b_efroim;Efroim;;;;;;;;;;;;;x
b_lijam;Lijam;;;;;;;;;;;;;x
b_nicia;Nicia;;;;;;;;;;;;;x
b_gersaj;Gersaj;;;;;;;;;;;;;x
b_abjon;Abjon;;;;;;;;;;;;;x
b_kazoce;Kazoce;;;;;;;;;;;;;x
b_atvuse;Atvuse;;;;;;;;;;;;;x
b_tarem;Tarem;;;;;;;;;;;;;x
b_tisonne;Tisonne;;;;;;;;;;;;;x
b_fidozen;Fidozen;;;;;;;;;;;;;x
b_agruvan;Agruvan;;;;;;;;;;;;;x
b_dolace;Dolace;;;;;;;;;;;;;x
b_gabwon;Gabwon;;;;;;;;;;;;;x
b_weceron;Weceron;;;;;;;;;;;;;x
b_nagastor;Nagastor;;;;;;;;;;;;;x
b_eliad;Eliad;;;;;;;;;;;;;x
b_trovedam;Trovedam;;;;;;;;;;;;;x
b_mnegeba;Mnegeba;;;;;;;;;;;;;x
b_caby;Caby;;;;;;;;;;;;;x
b_kodilis;Kodilis;;;;;;;;;;;;;x
b_yamur;Yamur;;;;;;;;;;;;;x
b_dedeath;Dedeath;;;;;;;;;;;;;x
b_negtevi;Negtevi;;;;;;;;;;;;;x
b_opuwo;Opuwo;;;;;;;;;;;;;x
b_justel;Justel;;;;;;;;;;;;;x
b_gatbez;Gatbez;;;;;;;;;;;;;x
b_botabes;Botabes;;;;;;;;;;;;;x
b_ibevil;Ibevil;;;;;;;;;;;;;x
b_exodis;Exodis;;;;;;;;;;;;;x
b_bolomyr;Bolomyr;;;;;;;;;;;;;x
b_cegoda;Cegoda;;;;;;;;;;;;;x
b_wurd;Wurd;;;;;;;;;;;;;x
b_azuv;Azuv;;;;;;;;;;;;;x
b_ebalart;Ebalart;;;;;;;;;;;;;x
b_uyopa;Uyopa;;;;;;;;;;;;;x
b_eddupira;Eddupira;;;;;;;;;;;;;x
b_guoz;Guoz;;;;;;;;;;;;;x
b_febbi;Febbi;;;;;;;;;;;;;x
b_mila;Mila;;;;;;;;;;;;;x
b_kosug;Kosug;;;;;;;;;;;;;x
b_cacur;Cacur;;;;;;;;;;;;;x
b_zennit;Zennit;;;;;;;;;;;;;x
b_zofar;Zofar;;;;;;;;;;;;;x
b_faleru;Faleru;;;;;;;;;;;;;x
b_ezyum;Ezyum;;;;;;;;;;;;;x
b_pronabte;Pronabte;;;;;;;;;;;;;x
b_denfis;Denfis;;;;;;;;;;;;;x
b_altose;Altose;;;;;;;;;;;;;x
b_paztu;Paztu;;;;;;;;;;;;;x
b_vitoria;Vitoria;;;;;;;;;;;;;x
b_kemaud;Kemaud;;;;;;;;;;;;;x
b_tinaud;Tinaud;;;;;;;;;;;;;x
b_kunonne;Kunonne;;;;;;;;;;;;;x
b_wupriel;Wupriel;;;;;;;;;;;;;x
b_tisabhan;Tisabhan;;;;;;;;;;;;;x
b_ranonde;Ranonde;;;;;;;;;;;;;x
b_nosart;Nosart;;;;;;;;;;;;;x
b_norile;Norile;;;;;;;;;;;;;x
b_eleran;Eleran;;;;;;;;;;;;;x
b_boladir;Boladir;;;;;;;;;;;;;x
b_balanis;Balanis;;;;;;;;;;;;;x
b_ralonne;Ralonne;;;;;;;;;;;;;x
b_esupraud;Esupraud;;;;;;;;;;;;;x
b_ryode;Ryode;;;;;;;;;;;;;x
b_wilboz;Wilboz;;;;;;;;;;;;;x
b_talabhan;Talabhan;;;;;;;;;;;;;x
b_nuznoj;Nuznoj;;;;;;;;;;;;;x
b_eloreran;Eloreran;;;;;;;;;;;;;x
b_anonde;Anonde;;;;;;;;;;;;;x
b_dinasin;Dinasin;;;;;;;;;;;;;x
b_karsfuen;Karsfuen;;;;;;;;;;;;;x
b_daud;Daud;;;;;;;;;;;;;x
b_bilart;Bilart;;;;;;;;;;;;;x
b_qalanis;Qalanis;;;;;;;;;;;;;x
b_talasin;Talasin;;;;;;;;;;;;;x
b_winaud;Winaud;;;;;;;;;;;;;x
b_walemir;Walemir;;;;;;;;;;;;;x
b_qunonne;Qunonne;;;;;;;;;;;;;x
b_bunile;Bunile;;;;;;;;;;;;;x
b_toladir;Toladir;;;;;;;;;;;;;x
b_raleran;Raleran;;;;;;;;;;;;;x
b_bolaud;Bolaud;;;;;;;;;;;;;x
b_kolabhan;Kolabhan;;;;;;;;;;;;;x
b_nalaria;Nalaria;;;;;;;;;;;;;x
b_tononde;Tononde;;;;;;;;;;;;;x
b_irroza;Irroza;;;;;;;;;;;;;x
b_wanis;Wanis;;;;;;;;;;;;;x
b_nupra;Nupra;;;;;;;;;;;;;x
b_wisonde;Wisonde;;;;;;;;;;;;;x
b_konanis;Konanis;;;;;;;;;;;;;x
b_rileran;Rileran;;;;;;;;;;;;;x
b_sanaud;Sanaud;;;;;;;;;;;;;x
b_bonaud;Bonaud;;;;;;;;;;;;;x
b_sisot;Sisot;;;;;;;;;;;;;x
b_bemaria;Bemaria;;;;;;;;;;;;;x
b_tevner;Tevner;;;;;;;;;;;;;x
b_muzad;Muzad;;;;;;;;;;;;;x
b_agjobe;Agjobe;;;;;;;;;;;;;x
b_dzavers;Dzavers;;;;;;;;;;;;;x
b_wemot;Wemot;;;;;;;;;;;;;x
b_esupra;Esupra;;;;;;;;;;;;;x
b_walasin;Walasin;;;;;;;;;;;;;x
b_dunonde;Dunonde;;;;;;;;;;;;;x
b_kinael;Kinael;;;;;;;;;;;;;x
b_demonde;Demonde;;;;;;;;;;;;;x
b_taremir;Taremir;;;;;;;;;;;;;x
b_kalemir;Kalemir;;;;;;;;;;;;;x
b_binonne;Binonne;;;;;;;;;;;;;x
b_laronde;Laronde;;;;;;;;;;;;;x
b_kolonde;Kolonde;;;;;;;;;;;;;x
b_qonaria;Qonaria;;;;;;;;;;;;;x
b_bonot;Bonot;;;;;;;;;;;;;x
b_tanabhan;Tanabhan;;;;;;;;;;;;;x
b_avaronde;Avaronde;;;;;;;;;;;;;x
b_rarael;Rarael;;;;;;;;;;;;;x
b_leran;Leran;;;;;;;;;;;;;x
b_tunile;Tunile;;;;;;;;;;;;;x
b_qadir;Qadir;;;;;;;;;;;;;x
b_tinonne;Tinonne;;;;;;;;;;;;;x
b_rinonne;Rinonne;;;;;;;;;;;;;x
b_kye;Kye;;;;;;;;;;;;;x
b_qeiner;Qeiner;;;;;;;;;;;;;x
b_ruprile;Ruprile;;;;;;;;;;;;;x
b_wile;Wile;;;;;;;;;;;;;x
b_rupraud;Rupraud;;;;;;;;;;;;;x
b_eneran;Eneran;;;;;;;;;;;;;x
b_rilaud;Rilaud;;;;;;;;;;;;;x
b_qunart;Qunart;;;;;;;;;;;;;x
b_eshemir;Eshemir;;;;;;;;;;;;;x
b_nabhan;Nabhan;;;;;;;;;;;;;x
b_talemir;Talemir;;;;;;;;;;;;;x
b_nalael;Nalael;;;;;;;;;;;;;x
b_korart;Korart;;;;;;;;;;;;;x
b_wuneran;Wuneran;;;;;;;;;;;;;x
b_konde;Konde;;;;;;;;;;;;;x
b_borer;Borer;;;;;;;;;;;;;x
b_qalart;Qalart;;;;;;;;;;;;;x
b_esyea;Esyea;;;;;;;;;;;;;x
b_remaud;Remaud;;;;;;;;;;;;;x
b_tuprne;Tuprne;;;;;;;;;;;;;x
b_dallon;Dallon;;;;;;;;;;;;;x
b_kemart;Kemart;;;;;;;;;;;;;x
b_ebalonde;Ebalonde;;;;;;;;;;;;;x
b_alinadir;Alinadir;;;;;;;;;;;;;x
b_ademonde;Ademonde;;;;;;;;;;;;;x
b_nalanis;Nalanis;;;;;;;;;;;;;x
b_qalael;Qalael;;;;;;;;;;;;;x
b_kabhan;Kabhan;;;;;;;;;;;;;x
b_wasin;Wasin;;;;;;;;;;;;;x
b_kunart;Kunart;;;;;;;;;;;;;x
b_nonaria;Nonaria;;;;;;;;;;;;;x
b_runasin;Runasin;;;;;;;;;;;;;x
b_sinonne;Sinonne;;;;;;;;;;;;;x
b_tisadir;Tisadir;;;;;;;;;;;;;x
b_demir;Demir;;;;;;;;;;;;;x
b_winot;Winot;;;;;;;;;;;;;x
b_tanot;Tanot;;;;;;;;;;;;;x
b_salile;Salile;;;;;;;;;;;;;x
b_semadir;Semadir;;;;;;;;;;;;;x
b_lemaud;Lemaud;;;;;;;;;;;;;x
b_rananis;Rananis;;;;;;;;;;;;;x
b_neiniel;Neiniel;;;;;;;;;;;;;x
b_esabhan;Esabhan;;;;;;;;;;;;;x
b_tunot;Tunot;;;;;;;;;;;;;x
b_qyie;Qyie;;;;;;;;;;;;;x
b_wolile;Wolile;;;;;;;;;;;;;x
b_nanaud;Nanaud;;;;;;;;;;;;;x
b_edemot;Edemot;;;;;;;;;;;;;x
b_wisile;Wisile;;;;;;;;;;;;;x
b_temot;Temot;;;;;;;;;;;;;x
b_rolanis;Rolanis;;;;;;;;;;;;;x
b_karemir;Karemir;;;;;;;;;;;;;x
b_temeran;Temeran;;;;;;;;;;;;;x
b_risonde;Risonde;;;;;;;;;;;;;x
b_tanart;Tanart;;;;;;;;;;;;;x
b_salael;Salael;;;;;;;;;;;;;x
b_tunabhan;Tunabhan;;;;;;;;;;;;;x
b_kilaria;Kilaria;;;;;;;;;;;;;x
b_tiel;Tiel;;;;;;;;;;;;;x
b_qarael;Qarael;;;;;;;;;;;;;x
b_wupria;Wupria;;;;;;;;;;;;;x
b_udnarc;Udnarc;;;;;;;;;;;;;x
b_balasin;Balasin;;;;;;;;;;;;;x
b_kuprati;Kuprati;;;;;;;;;;;;;x
b_sariel;Sariel;;;;;;;;;;;;;x
b_babhan;Babhan;;;;;;;;;;;;;x
b_walaria;Walaria;;;;;;;;;;;;;x
b_aloronde;Aloronde;;;;;;;;;;;;;x
b_tunonde;Tunonde;;;;;;;;;;;;;x
b_raradir;Raradir;;;;;;;;;;;;;x
b_tolart;Tolart;;;;;;;;;;;;;x
b_nalasin;Nalasin;;;;;;;;;;;;;x
b_waleran;Waleran;;;;;;;;;;;;;x
b_demiel;Demiel;;;;;;;;;;;;;x
b_lonne;Lonne;;;;;;;;;;;;;x
b_bupri;Bupri;;;;;;;;;;;;;x
b_loremir;Loremir;;;;;;;;;;;;;x
b_qarot;Qarot;;;;;;;;;;;;;x
b_talart;Talart;;;;;;;;;;;;;x
b_toner;Toner;;;;;;;;;;;;;x
b_wael;Wael;;;;;;;;;;;;;x
b_duprne;Duprne;;;;;;;;;;;;;x
b_bemonde;Bemonde;;;;;;;;;;;;;x
b_ebaladir;Ebaladir;;;;;;;;;;;;;x
b_esupriel;Esupriel;;;;;;;;;;;;;x
b_yldeca;Yldeca;;;;;;;;;;;;;x
b_cuprart;Cuprart;;;;;;;;;;;;;x
b_lyei;Lyei;;;;;;;;;;;;;x
b_roranis;Roranis;;;;;;;;;;;;;x
b_tunanis;Tunanis;;;;;;;;;;;;;x
b_qot;Qot;;;;;;;;;;;;;x
b_eloriel;Eloriel;;;;;;;;;;;;;x
b_talanis;Talanis;;;;;;;;;;;;;x
b_kaliel;Kaliel;;;;;;;;;;;;;x
b_eloronde;Eloronde;;;;;;;;;;;;;x
b_tyode;Tyode;;;;;;;;;;;;;x
b_bunaud;Bunaud;;;;;;;;;;;;;x
b_reinart;Reinart;;;;;;;;;;;;;x
b_qemer;Qemer;;;;;;;;;;;;;x
b_lilael;Lilael;;;;;;;;;;;;;x
b_kinonde;Kinonde;;;;;;;;;;;;;x
b_wilaud;Wilaud;;;;;;;;;;;;;x
b_ruprael;Ruprael;;;;;;;;;;;;;x
b_daleran;Daleran;;;;;;;;;;;;;x
b_enabhan;Enabhan;;;;;;;;;;;;;x
b_rarasin;Rarasin;;;;;;;;;;;;;x
b_ralot;Ralot;;;;;;;;;;;;;x
b_areinaud;Areinaud;;;;;;;;;;;;;x
b_rarer;Rarer;;;;;;;;;;;;;x
b_winonde;Winonde;;;;;;;;;;;;;x
b_kiliel;Kiliel;;;;;;;;;;;;;x
b_kalot;Kalot;;;;;;;;;;;;;x
b_waud;Waud;;;;;;;;;;;;;x
b_wyea;Wyea;;;;;;;;;;;;;x
b_bononne;Bononne;;;;;;;;;;;;;x
b_tupra;Tupra;;;;;;;;;;;;;x
b_balonne;Balonne;;;;;;;;;;;;;x
b_byei;Byei;;;;;;;;;;;;;x
b_febyse;Febyse;;;;;;;;;;;;;x
b_tuprati;Tuprati;;;;;;;;;;;;;x
b_tolemir;Tolemir;;;;;;;;;;;;;x
b_danabhan;Danabhan;;;;;;;;;;;;;x
b_qemadir;Qemadir;;;;;;;;;;;;;x
b_teinot;Teinot;;;;;;;;;;;;;x
b_dememir;Dememir;;;;;;;;;;;;;x
b_elinanis;Elinanis;;;;;;;;;;;;;x
b_qeinaud;Qeinaud;;;;;;;;;;;;;x
b_ruprne;Ruprne;;;;;;;;;;;;;x
b_nonile;Nonile;;;;;;;;;;;;;x
b_wanemir;Wanemir;;;;;;;;;;;;;x
b_qyode;Qyode;;;;;;;;;;;;;x
b_teinaud;Teinaud;;;;;;;;;;;;;x
b_dilael;Dilael;;;;;;;;;;;;;x
b_kanis;Kanis;;;;;;;;;;;;;x
b_talot;Talot;;;;;;;;;;;;;x
b_pajud;Pajud;;;;;;;;;;;;;x
b_qunanis;Qunanis;;;;;;;;;;;;;x
b_donot;Donot;;;;;;;;;;;;;x
b_bunonde;Bunonde;;;;;;;;;;;;;x
b_torart;Torart;;;;;;;;;;;;;x
b_temonde;Temonde;;;;;;;;;;;;;x
b_naliel;Naliel;;;;;;;;;;;;;x
b_esharia;Esharia;;;;;;;;;;;;;x
b_binael;Binael;;;;;;;;;;;;;x
b_wyode;Wyode;;;;;;;;;;;;;x
b_konaria;Konaria;;;;;;;;;;;;;x
b_disabhan;Disabhan;;;;;;;;;;;;;x
b_wyot;Wyot;;;;;;;;;;;;;x
b_koraud;Koraud;;;;;;;;;;;;;x
b_banemir;Banemir;;;;;;;;;;;;;x
b_edatatan;Edatatan;;;;;;;;;;;;;x
b_bihadda;Bihadda;;;;;;;;;;;;;x
b_narima;Narima;;;;;;;;;;;;;x
b_nihunnu;Nihunnu;;;;;;;;;;;;;x
b_longul;Longul;;;;;;;;;;;;;x
b_larunnu;Larunnu;;;;;;;;;;;;;x
b_kahan;Kahan;;;;;;;;;;;;;x
b_tatilen;Tatilen;;;;;;;;;;;;;x
b_silaria;Silaria;;;;;;;;;;;;;x
b_ninadir;Ninadir;;;;;;;;;;;;;x
b_lilart;Lilart;;;;;;;;;;;;;x
b_toranis;Toranis;;;;;;;;;;;;;x
b_wosde;Wosde;;;;;;;;;;;;;x
b_aliladir;Aliladir;;;;;;;;;;;;;x
b_kemot;Kemot;;;;;;;;;;;;;x
b_nemael;Nemael;;;;;;;;;;;;;x
b_wilonde;Wilonde;;;;;;;;;;;;;x
b_tuprde;Tuprde;;;;;;;;;;;;;x
b_tisaria;Tisaria;;;;;;;;;;;;;x
b_koremir;Koremir;;;;;;;;;;;;;x
b_ralonde;Ralonde;;;;;;;;;;;;;x
b_dinart;Dinart;;;;;;;;;;;;;x
b_narer;Narer;;;;;;;;;;;;;x
b_nanonde;Nanonde;;;;;;;;;;;;;x
b_qunadir;Qunadir;;;;;;;;;;;;;x
b_toreran;Toreran;;;;;;;;;;;;;x
b_bisaria;Bisaria;;;;;;;;;;;;;x
b_asuprael;Asuprael;;;;;;;;;;;;;x
b_athart;Athart;;;;;;;;;;;;;x
b_salaud;Salaud;;;;;;;;;;;;;x
b_wirunnu;Wirunnu;;;;;;;;;;;;;x
b_edatach;Edatach;;;;;;;;;;;;;x
b_eherma;Eherma;;;;;;;;;;;;;x
b_bihosgi;Bihosgi;;;;;;;;;;;;;x
b_barahan;Barahan;;;;;;;;;;;;;x
b_tayasgi;Tayasgi;;;;;;;;;;;;;x
b_bayarma;Bayarma;;;;;;;;;;;;;x
b_bisot;Bisot;;;;;;;;;;;;;x
b_semasin;Semasin;;;;;;;;;;;;;x
b_bemir;Bemir;;;;;;;;;;;;;x
b_lasin;Lasin;;;;;;;;;;;;;x
b_salot;Salot;;;;;;;;;;;;;x
b_lunabhan;Lunabhan;;;;;;;;;;;;;x
b_byone;Byone;;;;;;;;;;;;;x
b_tunasin;Tunasin;;;;;;;;;;;;;x
b_ronemir;Ronemir;;;;;;;;;;;;;x
b_alanis;Alanis;;;;;;;;;;;;;x
b_rilonde;Rilonde;;;;;;;;;;;;;x
b_runemir;Runemir;;;;;;;;;;;;;x
b_kalasin;Kalasin;;;;;;;;;;;;;x
b_lemile;Lemile;;;;;;;;;;;;;x
b_taria;Taria;;;;;;;;;;;;;x
b_kemanis;Kemanis;;;;;;;;;;;;;x
b_ryiel;Ryiel;;;;;;;;;;;;;x
b_ranabhan;Ranabhan;;;;;;;;;;;;;x
b_eroniel;Eroniel;;;;;;;;;;;;;x
b_kunaria;Kunaria;;;;;;;;;;;;;x
b_ereiner;Ereiner;;;;;;;;;;;;;x
b_qasin;Qasin;;;;;;;;;;;;;x
b_kuniel;Kuniel;;;;;;;;;;;;;x
b_bupra;Bupra;;;;;;;;;;;;;x
b_nilana;Nilana;;;;;;;;;;;;;x
b_nita;Nita;;;;;;;;;;;;;x
b_tozeuta;Tozeuta;;;;;;;;;;;;;x
b_qaetho;Qaetho;;;;;;;;;;;;;x
b_dillip;Dillip;;;;;;;;;;;;;x
b_tillip;Tillip;;;;;;;;;;;;;x
b_tavew;Tavew;;;;;;;;;;;;;x
b_rule;Rule;;;;;;;;;;;;;x
b_anemir;Anemir;;;;;;;;;;;;;x
b_nyode;Nyode;;;;;;;;;;;;;x
b_wadir;Wadir;;;;;;;;;;;;;x
b_kemonde;Kemonde;;;;;;;;;;;;;x
b_dolabhan;Dolabhan;;;;;;;;;;;;;x
b_tyaud;Tyaud;;;;;;;;;;;;;x
b_tupria;Tupria;;;;;;;;;;;;;x
b_elilaria;Elilaria;;;;;;;;;;;;;x
b_remonde;Remonde;;;;;;;;;;;;;x
b_balael;Balael;;;;;;;;;;;;;x
b_esonde;Esonde;;;;;;;;;;;;;x
b_ralabhan;Ralabhan;;;;;;;;;;;;;x
b_tyei;Tyei;;;;;;;;;;;;;x
b_roraud;Roraud;;;;;;;;;;;;;x
b_dunart;Dunart;;;;;;;;;;;;;x
b_sisonne;Sisonne;;;;;;;;;;;;;x
b_bavew;Bavew;;;;;;;;;;;;;x
b_kirule;Kirule;;;;;;;;;;;;;x
b_lozard;Lozard;;;;;;;;;;;;;x
b_satew;Satew;;;;;;;;;;;;;x
b_qovidon;Qovidon;;;;;;;;;;;;;x
b_latana;Latana;;;;;;;;;;;;;x
b_ezenali;Ezenali;;;;;;;;;;;;;x
b_qerim;Qerim;;;;;;;;;;;;;x
b_baria;Baria;;;;;;;;;;;;;x
b_asupri;Asupri;;;;;;;;;;;;;x
b_edemile;Edemile;;;;;;;;;;;;;x
b_aroniel;Aroniel;;;;;;;;;;;;;x
b_ranis;Ranis;;;;;;;;;;;;;x
b_ninile;Ninile;;;;;;;;;;;;;x
b_torael;Torael;;;;;;;;;;;;;x
b_lavitri;Lavitri;;;;;;;;;;;;;x
b_rahitri;Rahitri;;;;;;;;;;;;;x
b_lavosgi;Lavosgi;;;;;;;;;;;;;x
b_akosarim;Akosarim;;;;;;;;;;;;;x
b_wapana;Wapana;;;;;;;;;;;;;x
b_soditri;Soditri;;;;;;;;;;;;;x
b_qazcadon;Qazcadon;;;;;;;;;;;;;x
b_ruarm;Ruarm;;;;;;;;;;;;;x
b_savika;Savika;;;;;;;;;;;;;x
b_rinidon;Rinidon;;;;;;;;;;;;;x
b_rika;Rika;;;;;;;;;;;;;x
b_emirian;Emirian;;;;;;;;;;;;;x
b_kavana;Kavana;;;;;;;;;;;;;x
b_eniruard;Eniruard;;;;;;;;;;;;;x
b_rinew;Rinew;;;;;;;;;;;;;x
b_nory;Nory;;;;;;;;;;;;;x
b_lovian;Lovian;;;;;;;;;;;;;x
b_banory;Banory;;;;;;;;;;;;;x
b_tavian;Tavian;;;;;;;;;;;;;x
b_sulew;Sulew;;;;;;;;;;;;;x
b_nyaotar;Nyaotar;;;;;;;;;;;;;x
b_kuat;Kuat;;;;;;;;;;;;;x
b_tosidon;Tosidon;;;;;;;;;;;;;x
b_riucank;Riucank;;;;;;;;;;;;;x
b_lagana;Lagana;;;;;;;;;;;;;x
b_ledros;Ledros;;;;;;;;;;;;;x
b_kodael;Kodael;;;;;;;;;;;;;x
b_lazaret;Lazaret;;;;;;;;;;;;;x
b_ezbita;Ezbita;;;;;;;;;;;;;x
b_tyirta;Tyirta;;;;;;;;;;;;;x
b_azbaetho;Azbaetho;;;;;;;;;;;;;x
b_lanidon;Lanidon;;;;;;;;;;;;;x
b_tudur;Tudur;;;;;;;;;;;;;x
b_kindis;Kindis;;;;;;;;;;;;;x
b_lumita;Lumita;;;;;;;;;;;;;x
b_tatidon;Tatidon;;;;;;;;;;;;;x
b_tenana;Tenana;;;;;;;;;;;;;x
b_natory;Natory;;;;;;;;;;;;;x
b_kanule;Kanule;;;;;;;;;;;;;x
b_tenerim;Tenerim;;;;;;;;;;;;;x
b_kozian;Kozian;;;;;;;;;;;;;x
b_ecinew;Ecinew;;;;;;;;;;;;;x
b_qulika;Qulika;;;;;;;;;;;;;x
b_wanidon;Wanidon;;;;;;;;;;;;;x
b_tanian;Tanian;;;;;;;;;;;;;x
b_denita;Denita;;;;;;;;;;;;;x
b_rinudur;Rinudur;;;;;;;;;;;;;x
b_tenidon;Tenidon;;;;;;;;;;;;;x
b_actian;Actian;;;;;;;;;;;;;x
b_kulika;Kulika;;;;;;;;;;;;;x
b_amirew;Amirew;;;;;;;;;;;;;x
b_tinali;Tinali;;;;;;;;;;;;;x
b_ajovidon;Ajovidon;;;;;;;;;;;;;x
b_kovian;Kovian;;;;;;;;;;;;;x
b_sule;Sule;;;;;;;;;;;;;x
b_ranule;Ranule;;;;;;;;;;;;;x
b_rumory;Rumory;;;;;;;;;;;;;x
b_ezbidon;Ezbidon;;;;;;;;;;;;;x
b_nillip;Nillip;;;;;;;;;;;;;x
b_qilindis;Qilindis;;;;;;;;;;;;;x
b_kateuta;Kateuta;;;;;;;;;;;;;x
b_bulule;Bulule;;;;;;;;;;;;;x
b_emirita;Emirita;;;;;;;;;;;;;x
b_riruard;Riruard;;;;;;;;;;;;;x
b_bumule;Bumule;;;;;;;;;;;;;x
b_rilali;Rilali;;;;;;;;;;;;;x
b_biruin;Biruin;;;;;;;;;;;;;x
b_tika;Tika;;;;;;;;;;;;;x
b_nenule;Nenule;;;;;;;;;;;;;x
b_kinika;Kinika;;;;;;;;;;;;;x
b_qillip;Qillip;;;;;;;;;;;;;x
b_qanory;Qanory;;;;;;;;;;;;;x
b_ecory;Ecory;;;;;;;;;;;;;x
b_dahar;Dahar;;;;;;;;;;;;;x
b_amahitri;Amahitri;;;;;;;;;;;;;x
b_waveuta;Waveuta;;;;;;;;;;;;;x
b_tyaotank;Tyaotank;;;;;;;;;;;;;x
b_qosarim;Qosarim;;;;;;;;;;;;;x
b_qagitri;Qagitri;;;;;;;;;;;;;x
b_wiucael;Wiucael;;;;;;;;;;;;;x
b_daxank;Daxank;;;;;;;;;;;;;x
b_elovmas;Elovmas;;;;;;;;;;;;;x
b_azcatri;Azcatri;;;;;;;;;;;;;x
b_daxitri;Daxitri;;;;;;;;;;;;;x
b_ragakti;Ragakti;;;;;;;;;;;;;x
b_ravita;Ravita;;;;;;;;;;;;;x
b_qeid;Qeid;;;;;;;;;;;;;x
b_wagidon;Wagidon;;;;;;;;;;;;;x
b_tahita;Tahita;;;;;;;;;;;;;x
b_dyavita;Dyavita;;;;;;;;;;;;;x
b_dazana;Dazana;;;;;;;;;;;;;x
b_todarim;Todarim;;;;;;;;;;;;;x
b_taxita;Taxita;;;;;;;;;;;;;x
b_todeta;Todeta;;;;;;;;;;;;;x
b_lageuta;Lageuta;;;;;;;;;;;;;x
b_amahoja;Amahoja;;;;;;;;;;;;;x
b_egiucoja;Egiucoja;;;;;;;;;;;;;x
b_eneleta;Eneleta;;;;;;;;;;;;;x
b_lita;Lita;;;;;;;;;;;;;x
b_losgi;Losgi;;;;;;;;;;;;;x
b_kazeid;Kazeid;;;;;;;;;;;;;x
b_amazidon;Amazidon;;;;;;;;;;;;;x
b_agiucana;Agiucana;;;;;;;;;;;;;x
b_elitri;Elitri;;;;;;;;;;;;;x
b_rodael;Rodael;;;;;;;;;;;;;x
b_tazcasgi;Tazcasgi;;;;;;;;;;;;;x
b_kaxoja;Kaxoja;;;;;;;;;;;;;x
b_nyavosgi;Nyavosgi;;;;;;;;;;;;;x
b_akosidon;Akosidon;;;;;;;;;;;;;x
b_saveta;Saveta;;;;;;;;;;;;;x
b_sagitri;Sagitri;;;;;;;;;;;;;x
b_ruadn;Ruadn;;;;;;;;;;;;;x
b_taxita;Taxita;;;;;;;;;;;;;x
b_todeta;Todeta;;;;;;;;;;;;;x
b_amahoja;Amahoja;;;;;;;;;;;;;x
b_ageta;Ageta;;;;;;;;;;;;;x
b_todar;Todar;;;;;;;;;;;;;x
b_ehavosgi;Ehavosgi;;;;;;;;;;;;;x
b_rosidon;Rosidon;;;;;;;;;;;;;x
b_dahitri;Dahitri;;;;;;;;;;;;;x
b_saparim;Saparim;;;;;;;;;;;;;x
b_epapeuta;Epapeuta;;;;;;;;;;;;;x
b_ruakti;Ruakti;;;;;;;;;;;;;x
b_sarim;Sarim;;;;;;;;;;;;;x
b_wodoja;Wodoja;;;;;;;;;;;;;x
b_woja;Woja;;;;;;;;;;;;;x
b_telar;Telar;;;;;;;;;;;;;x
b_qiucar;Qiucar;;;;;;;;;;;;;x
b_kahar;Kahar;;;;;;;;;;;;;x
b_duart;Duart;;;;;;;;;;;;;x
b_tapar;Tapar;;;;;;;;;;;;;x
b_qosakti;Qosakti;;;;;;;;;;;;;x
b_tiucar;Tiucar;;;;;;;;;;;;;x
b_sitri;Sitri;;;;;;;;;;;;;x
b_upaly;upaly;;;;;;;;;;;;;x
b_amaheid;Amaheid;;;;;;;;;;;;;x
b_baxaret;Baxaret;;;;;;;;;;;;;x
b_baret;Baret;;;;;;;;;;;;;x
b_qijika;Qijika;;;;;;;;;;;;;x
b_ayirian;Ayirian;;;;;;;;;;;;;x
b_kovika;Kovika;;;;;;;;;;;;;x
b_ezenew;Ezenew;;;;;;;;;;;;;x
b_bijard;Bijard;;;;;;;;;;;;;x
b_dita;Dita;;;;;;;;;;;;;x
b_kerim;Kerim;;;;;;;;;;;;;x
b_evijali;Evijali;;;;;;;;;;;;;x
b_nenudur;Nenudur;;;;;;;;;;;;;x
b_seuta;Seuta;;;;;;;;;;;;;x
b_aniruory;Aniruory;;;;;;;;;;;;;x
b_lilidon;Lilidon;;;;;;;;;;;;;x
b_wijule;Wijule;;;;;;;;;;;;;x
b_lijana;Lijana;;;;;;;;;;;;;x
b_eyirana;Eyirana;;;;;;;;;;;;;x
b_tataret;Tataret;;;;;;;;;;;;;x
b_buryamal;Buryamal;;;;;;;;;;;;;x
b_wavama;Wavama;;;;;;;;;;;;;x
b_dahaton;Dahaton;;;;;;;;;;;;;x
b_qazaret;Qazaret;;;;;;;;;;;;;x
b_amazaton;Amazaton;;;;;;;;;;;;;x
b_wivama;Wivama;;;;;;;;;;;;;x
b_nyilirek;Nyilirek;;;;;;;;;;;;;x
b_katalla;Katalla;;;;;;;;;;;;;x
b_segoti;Segoti;;;;;;;;;;;;;x
b_kinar;Kinar;;;;;;;;;;;;;x
b_kaheid;Kaheid;;;;;;;;;;;;;x
b_wanush;Wanush;;;;;;;;;;;;;x
b_taheid;Taheid;;;;;;;;;;;;;x
b_rodalla;Rodalla;;;;;;;;;;;;;x
b_bazush;Bazush;;;;;;;;;;;;;x
b_elana;Elana;;;;;;;;;;;;;x
b_tory;Tory;;;;;;;;;;;;;x
b_rijeuta;Rijeuta;;;;;;;;;;;;;x
b_kavard;Kavard;;;;;;;;;;;;;x
b_tumte;Tumte;;;;;;;;;;;;;x
b_bavidon;Bavidon;;;;;;;;;;;;;x
b_riruule;Riruule;;;;;;;;;;;;;x
b_ectaetho;Ectaetho;;;;;;;;;;;;;x
b_lenidon;Lenidon;;;;;;;;;;;;;x
b_tatew;Tatew;;;;;;;;;;;;;x
b_toveuta;Toveuta;;;;;;;;;;;;;x
b_banudur;Banudur;;;;;;;;;;;;;x
b_tumana;Tumana;;;;;;;;;;;;;x
b_rirew;Rirew;;;;;;;;;;;;;x
b_tavush;Tavush;;;;;;;;;;;;;x
b_saveid;Saveid;;;;;;;;;;;;;x
b_tonalla;Tonalla;;;;;;;;;;;;;x
b_waneuta;Waneuta;;;;;;;;;;;;;x
b_linalla;Linalla;;;;;;;;;;;;;x
b_kavalla;Kavalla;;;;;;;;;;;;;x
b_wavush;Wavush;;;;;;;;;;;;;x
b_tyavarim;Tyavarim;;;;;;;;;;;;;x
b_tuarm;Tuarm;;;;;;;;;;;;;x
b_waheta;Waheta;;;;;;;;;;;;;x
b_ragitri;Ragitri;;;;;;;;;;;;;x
b_dagakti;Dagakti;;;;;;;;;;;;;x
b_sageta;Sageta;;;;;;;;;;;;;x
b_egoja;Egoja;;;;;;;;;;;;;x
b_sagarim;Sagarim;;;;;;;;;;;;;x
b_dyaoteid;Dyaoteid;;;;;;;;;;;;;x
b_bodeuta;Bodeuta;;;;;;;;;;;;;x
b_rosgi;Rosgi;;;;;;;;;;;;;x
b_tuasgi;Tuasgi;;;;;;;;;;;;;x
b_tuatri;Tuatri;;;;;;;;;;;;;x
b_wazita;Wazita;;;;;;;;;;;;;x
b_egael;Egael;;;;;;;;;;;;;x
b_qazcalar;Qazcalar;;;;;;;;;;;;;x
b_lodakti;Lodakti;;;;;;;;;;;;;x
b_wyaoteta;Wyaoteta;;;;;;;;;;;;;x
b_syavaret;Syavaret;;;;;;;;;;;;;x
b_wosgi;Wosgi;;;;;;;;;;;;;x
b_taxana;Taxana;;;;;;;;;;;;;x
b_tagitri;Tagitri;;;;;;;;;;;;;x
b_raret;Raret;;;;;;;;;;;;;x
b_bosael;Bosael;;;;;;;;;;;;;x
b_lazoti;Lazoti;;;;;;;;;;;;;x
b_bahar;Bahar;;;;;;;;;;;;;x
b_qevalla;Qevalla;;;;;;;;;;;;;x
b_ruisama;Ruisama;;;;;;;;;;;;;x
b_tiveid;Tiveid;;;;;;;;;;;;;x
b_wureid;Wureid;;;;;;;;;;;;;x
b_tuisama;Tuisama;;;;;;;;;;;;;x
b_sahama;Sahama;;;;;;;;;;;;;x
b_turena;Turena;;;;;;;;;;;;;x
b_ebineid;Ebineid;;;;;;;;;;;;;x
b_dodoti;Dodoti;;;;;;;;;;;;;x
b_binama;Binama;;;;;;;;;;;;;x
b_quisama;Quisama;;;;;;;;;;;;;x
b_kyilirek;Kyilirek;;;;;;;;;;;;;x
b_razoti;Razoti;;;;;;;;;;;;;x
b_qiseid;Qiseid;;;;;;;;;;;;;x
b_etateuta;Etateuta;;;;;;;;;;;;;x
b_winaret;Winaret;;;;;;;;;;;;;x
b_tazama;Tazama;;;;;;;;;;;;;x
b_emevoti;Emevoti;;;;;;;;;;;;;x
b_kazalla;Kazalla;;;;;;;;;;;;;x
b_lahirek;Lahirek;;;;;;;;;;;;;x
b_kivama;Kivama;;;;;;;;;;;;;x
b_surush;Surush;;;;;;;;;;;;;x
b_livaret;Livaret;;;;;;;;;;;;;x
b_lataton;Lataton;;;;;;;;;;;;;x
b_navirek;Navirek;;;;;;;;;;;;;x
b_tyilalla;Tyilalla;;;;;;;;;;;;;x
b_areid;Areid;;;;;;;;;;;;;x
b_ejajar;Ejajar;;;;;;;;;;;;;x
b_wegama;Wegama;;;;;;;;;;;;;x
b_toneuta;Toneuta;;;;;;;;;;;;;x
b_regama;Regama;;;;;;;;;;;;;x
b_nivalla;Nivalla;;;;;;;;;;;;;x
b_qajama;Qajama;;;;;;;;;;;;;x
b_byiloti;Byiloti;;;;;;;;;;;;;x
b_tivaret;Tivaret;;;;;;;;;;;;;x
b_kavoti;Kavoti;;;;;;;;;;;;;x
b_tevar;Tevar;;;;;;;;;;;;;x
b_erivalla;Erivalla;;;;;;;;;;;;;x
b_riseid;Riseid;;;;;;;;;;;;;x
b_suisar;Suisar;;;;;;;;;;;;;x
b_qegoti;Qegoti;;;;;;;;;;;;;x
b_rajalla;Rajalla;;;;;;;;;;;;;x
b_jengu;Jengu;;;;;;;;;;;;;x
b_tegaret;Tegaret;;;;;;;;;;;;;x
b_sureuta;Sureuta;;;;;;;;;;;;;x
b_burirek;Burirek;;;;;;;;;;;;;x
b_negama;Negama;;;;;;;;;;;;;x
b_rimush;Rimush;;;;;;;;;;;;;x
b_bataret;Bataret;;;;;;;;;;;;;x
b_tonena;Tonena;;;;;;;;;;;;;x
b_livar;Livar;;;;;;;;;;;;;x
b_luisar;Luisar;;;;;;;;;;;;;x
b_kazoti;Kazoti;;;;;;;;;;;;;x
b_lajama;Lajama;;;;;;;;;;;;;x
b_savulger;Savulger;;;;;;;;;;;;;x
b_wazalla;Wazalla;;;;;;;;;;;;;x
b_qyilaret;Qyilaret;;;;;;;;;;;;;x
b_enanalla;Enanalla;;;;;;;;;;;;;x
b_najama;Najama;;;;;;;;;;;;;x
b_elush;Elush;;;;;;;;;;;;;x
b_satena;Satena;;;;;;;;;;;;;x
b_timena;Timena;;;;;;;;;;;;;x
b_nineuta;Nineuta;;;;;;;;;;;;;x
b_duismal;Duismal;;;;;;;;;;;;;x
b_nisoti;Nisoti;;;;;;;;;;;;;x
b_lavulger;Lavulger;;;;;;;;;;;;;x
b_duraret;Duraret;;;;;;;;;;;;;x
b_qegena;Qegena;;;;;;;;;;;;;x
b_kimaton;Kimaton;;;;;;;;;;;;;x
b_qyilena;Qyilena;;;;;;;;;;;;;x
b_luisoti;Luisoti;;;;;;;;;;;;;x
b_kiveuta;Kiveuta;;;;;;;;;;;;;x
b_tegeid;Tegeid;;;;;;;;;;;;;x
b_regar;Regar;;;;;;;;;;;;;x
b_ananaret;Ananaret;;;;;;;;;;;;;x
b_kureid;Kureid;;;;;;;;;;;;;x
b_konama;Konama;;;;;;;;;;;;;x
b_negirek;Negirek;;;;;;;;;;;;;x
b_nahama;Nahama;;;;;;;;;;;;;x
b_avyamal;Avyamal;;;;;;;;;;;;;x
b_qisalla;Qisalla;;;;;;;;;;;;;x
b_rimeuta;Rimeuta;;;;;;;;;;;;;x
b_tinama;Tinama;;;;;;;;;;;;;x
b_amevush;Amevush;;;;;;;;;;;;;x
b_naheid;Naheid;;;;;;;;;;;;;x
b_ariveuta;Ariveuta;;;;;;;;;;;;;x
b_evaton;Evaton;;;;;;;;;;;;;x
b_egeta;Egeta;;;;;;;;;;;;;x
b_kazcakti;Kazcakti;;;;;;;;;;;;;x
b_ascita;Ascita;;;;;;;;;;;;;x
b_astovmas;Astovmas;;;;;;;;;;;;;x
b_lapank;Lapank;;;;;;;;;;;;;x
b_teloja;Teloja;;;;;;;;;;;;;x
b_taxoja;Taxoja;;;;;;;;;;;;;x
b_woseuta;Woseuta;;;;;;;;;;;;;x
b_navoti;Navoti;;;;;;;;;;;;;x
b_kivoti;Kivoti;;;;;;;;;;;;;x
b_wonama;Wonama;;;;;;;;;;;;;x
b_kuraton;Kuraton;;;;;;;;;;;;;x
b_begeid;Begeid;;;;;;;;;;;;;x
b_tavadeva;Tavadeva;;;;;;;;;;;;;x
b_rineid;Rineid;;;;;;;;;;;;;x
b_donaton;Donaton;;;;;;;;;;;;;x
b_rapar;Rapar;;;;;;;;;;;;;x
b_rael;Rael;;;;;;;;;;;;;x
b_syaoteta;Syaoteta;;;;;;;;;;;;;x
b_tazcadon;Tazcadon;;;;;;;;;;;;;x
b_kuart;Kuart;;;;;;;;;;;;;x
b_qapeid;Qapeid;;;;;;;;;;;;;x
b_baharim;Baharim;;;;;;;;;;;;;x
b_relank;Relank;;;;;;;;;;;;;x
b_emazaret;Emazaret;;;;;;;;;;;;;x
b_savaret;Savaret;;;;;;;;;;;;;x
b_bapeid;Bapeid;;;;;;;;;;;;;x
b_syavar;Syavar;;;;;;;;;;;;;x
b_lyaotael;Lyaotael;;;;;;;;;;;;;x
b_wuart;Wuart;;;;;;;;;;;;;x
b_qaheid;Qaheid;;;;;;;;;;;;;x
b_tazcatri;Tazcatri;;;;;;;;;;;;;x
b_anelarim;Anelarim;;;;;;;;;;;;;x
b_kuarm;Kuarm;;;;;;;;;;;;;x
b_amaheuta;Amaheuta;;;;;;;;;;;;;x
b_ravidon;Ravidon;;;;;;;;;;;;;x
b_elank;Elank;;;;;;;;;;;;;x
b_dedros;Dedros;;;;;;;;;;;;;x
b_qelael;Qelael;;;;;;;;;;;;;x
b_waxeid;Waxeid;;;;;;;;;;;;;x
b_davael;Davael;;;;;;;;;;;;;x
b_raxitri;Raxitri;;;;;;;;;;;;;x
b_kaharet;Kaharet;;;;;;;;;;;;;x
b_taparim;Taparim;;;;;;;;;;;;;x
b_abodank;Abodank;;;;;;;;;;;;;x
b_kapeid;Kapeid;;;;;;;;;;;;;x
b_ryaotael;Ryaotael;;;;;;;;;;;;;x
b_razcadon;Razcadon;;;;;;;;;;;;;x
b_beleta;Beleta;;;;;;;;;;;;;x
b_wyaotita;Wyaotita;;;;;;;;;;;;;x
b_qelar;Qelar;;;;;;;;;;;;;x
b_kiuceid;Kiuceid;;;;;;;;;;;;;x
b_lavaret;Lavaret;;;;;;;;;;;;;x
b_navulger;Navulger;;;;;;;;;;;;;x
b_eryamal;Eryamal;;;;;;;;;;;;;x
b_segama;Segama;;;;;;;;;;;;;x
b_wiveuta;Wiveuta;;;;;;;;;;;;;x
b_dodar;Dodar;;;;;;;;;;;;;x
b_ruisar;Ruisar;;;;;;;;;;;;;x
b_rahalla;Rahalla;;;;;;;;;;;;;x
b_sinalla;Sinalla;;;;;;;;;;;;;x
b_sivoti;Sivoti;;;;;;;;;;;;;x
b_ekonama;Ekonama;;;;;;;;;;;;;x
b_emazeid;Emazeid;;;;;;;;;;;;;x
b_amodalla;Amodalla;;;;;;;;;;;;;x
b_segeuta;Segeuta;;;;;;;;;;;;;x
b_deuta;Deuta;;;;;;;;;;;;;x
b_raposgi;Raposgi;;;;;;;;;;;;;x
b_liucar;Liucar;;;;;;;;;;;;;x
b_relar;Relar;;;;;;;;;;;;;x
b_wavakti;Wavakti;;;;;;;;;;;;;x
b_diuceid;Diuceid;;;;;;;;;;;;;x
b_ravaret;Ravaret;;;;;;;;;;;;;x
b_kateid;Kateid;;;;;;;;;;;;;x
b_ejajalla;Ejajalla;;;;;;;;;;;;;x
b_kinaton;Kinaton;;;;;;;;;;;;;x
b_levena;Levena;;;;;;;;;;;;;x
b_deveuta;Deveuta;;;;;;;;;;;;;x
b_niveid;Niveid;;;;;;;;;;;;;x
b_kavulger;Kavulger;;;;;;;;;;;;;x
b_sirgon;Sirgon;;;;;;;;;;;;;x
b_gomwana;Gomwana;;;;;;;;;;;;;x
b_abutny;Abutny;;;;;;;;;;;;;x
b_ostople;Ostople;;;;;;;;;;;;;x
b_zehusa;Zehusa;;;;;;;;;;;;;x
b_iztoren;Iztoren;;;;;;;;;;;;;x
b_zoyaton;Zoyaton;;;;;;;;;;;;;x
b_labuther;Labuther;;;;;;;;;;;;;x
b_ragerta;Ragerta;;;;;;;;;;;;;x
b_kaoffis;Kaoffis;;;;;;;;;;;;;x
b_torgensa;Torgensa;;;;;;;;;;;;;x
b_gamaxo;Gamaxo;;;;;;;;;;;;;x
b_jalwaroz;Jalwaroz;;;;;;;;;;;;;x
b_voapes;Voapes;;;;;;;;;;;;;x
b_etroyi;Etroyi;;;;;;;;;;;;;x
b_caltach;Caltach;;;;;;;;;;;;;x
b_zazzanu;Zazzanu;;;;;;;;;;;;;x
b_bomein;Bomein;;;;;;;;;;;;;x
b_enelitri;Enelitri;;;;;;;;;;;;;x
b_suarm;Suarm;;;;;;;;;;;;;x
b_daxosgi;Daxosgi;;;;;;;;;;;;;x
b_ebodaret;Ebodaret;;;;;;;;;;;;;x
b_qyavoja;Qyavoja;;;;;;;;;;;;;x
b_arivirek;Arivirek;;;;;;;;;;;;;x
b_bajama;Bajama;;;;;;;;;;;;;x
b_avama;Avama;;;;;;;;;;;;;x
b_risama;Risama;;;;;;;;;;;;;x
b_enanush;Enanush;;;;;;;;;;;;;x
b_kivar;Kivar;;;;;;;;;;;;;x
b_tajeid;Tajeid;;;;;;;;;;;;;x
b_tevirek;Tevirek;;;;;;;;;;;;;x
b_kaxank;Kaxank;;;;;;;;;;;;;x
b_delaret;Delaret;;;;;;;;;;;;;x
b_kodeid;Kodeid;;;;;;;;;;;;;x
b_kazcata;Kazcata;;;;;;;;;;;;;x
b_karet;Karet;;;;;;;;;;;;;x
b_kahana;Kahana;;;;;;;;;;;;;x
b_weta;Weta;;;;;;;;;;;;;x
b_eloti;Eloti;;;;;;;;;;;;;x
b_qazama;Qazama;;;;;;;;;;;;;x
b_tavaton;Tavaton;;;;;;;;;;;;;x
b_kodama;Kodama;;;;;;;;;;;;;x
b_dyilena;Dyilena;;;;;;;;;;;;;x
b_rajush;Rajush;;;;;;;;;;;;;x
b_kazama;Kazama;;;;;;;;;;;;;x
b_wateuta;Wateuta;;;;;;;;;;;;;x
b_lazcadon;Lazcadon;;;;;;;;;;;;;x
b_niucita;Niucita;;;;;;;;;;;;;x
b_kosaret;Kosaret;;;;;;;;;;;;;x
b_tosaret;Tosaret;;;;;;;;;;;;;x
b_astaret;Astaret;;;;;;;;;;;;;x
b_daret;Daret;;;;;;;;;;;;;x
b_razcakti;Razcakti;;;;;;;;;;;;;x
b_telidon;Telidon;;;;;;;;;;;;;x
b_nank;Nank;;;;;;;;;;;;;x
b_keta;Keta;;;;;;;;;;;;;x
b_sazcatri;Sazcatri;;;;;;;;;;;;;x
b_bavael;Bavael;;;;;;;;;;;;;x
b_biuceta;Biuceta;;;;;;;;;;;;;x
b_welana;Welana;;;;;;;;;;;;;x
b_lisoti;Lisoti;;;;;;;;;;;;;x
b_ninama;Ninama;;;;;;;;;;;;;x
b_bureuta;Bureuta;;;;;;;;;;;;;x
b_kuredros;Kuredros;;;;;;;;;;;;;x
b_lodena;Lodena;;;;;;;;;;;;;x
b_bavadeva;Bavadeva;;;;;;;;;;;;;x
b_bahama;Bahama;;;;;;;;;;;;;x
b_rodoti;Rodoti;;;;;;;;;;;;;x
b_tazalla;Tazalla;;;;;;;;;;;;;x
b_tinoti;Tinoti;;;;;;;;;;;;;x
b_wanama;Wanama;;;;;;;;;;;;;x
b_ruisoti;Ruisoti;;;;;;;;;;;;;x
b_evisush;Evisush;;;;;;;;;;;;;x
b_tajeuta;Tajeuta;;;;;;;;;;;;;x
b_qegama;Qegama;;;;;;;;;;;;;x
b_nonalla;Nonalla;;;;;;;;;;;;;x
b_bonama;Bonama;;;;;;;;;;;;;x
b_risirek;Risirek;;;;;;;;;;;;;x
b_legirek;Legirek;;;;;;;;;;;;;x
b_wahama;Wahama;;;;;;;;;;;;;x
b_wurama;Wurama;;;;;;;;;;;;;x
b_lidon;Lidon;;;;;;;;;;;;;x
b_roditri;Roditri;;;;;;;;;;;;;x
b_lazcalar;Lazcalar;;;;;;;;;;;;;x
b_lazidon;Lazidon;;;;;;;;;;;;;x
b_tuakti;Tuakti;;;;;;;;;;;;;x
b_agoja;Agoja;;;;;;;;;;;;;x
b_ryavitri;Ryavitri;;;;;;;;;;;;;x
b_esceta;Esceta;;;;;;;;;;;;;x
b_aquahr;Aquahr;;;;;;;;;;;;;x
b_qagarim;Qagarim;;;;;;;;;;;;;x
b_waparim;Waparim;;;;;;;;;;;;;x
b_dank;Dank;;;;;;;;;;;;;x
b_laxana;Laxana;;;;;;;;;;;;;x
b_ryaotar;Ryaotar;;;;;;;;;;;;;x
b_bodar;Bodar;;;;;;;;;;;;;x
b_kavoja;Kavoja;;;;;;;;;;;;;x
b_kaxaret;Kaxaret;;;;;;;;;;;;;x
b_qiucank;Qiucank;;;;;;;;;;;;;x
b_qyaotar;Qyaotar;;;;;;;;;;;;;x
b_napeid;Napeid;;;;;;;;;;;;;x
b_razita;Razita;;;;;;;;;;;;;x
b_ryaveuta;Ryaveuta;;;;;;;;;;;;;x
b_dyavakti;Dyavakti;;;;;;;;;;;;;x
b_qavidon;Qavidon;;;;;;;;;;;;;x
b_kitri;Kitri;;;;;;;;;;;;;x
b_kageid;Kageid;;;;;;;;;;;;;x
b_amaxeid;Amaxeid;;;;;;;;;;;;;x
b_qageta;Qageta;;;;;;;;;;;;;x
b_saheta;Saheta;;;;;;;;;;;;;x
b_kovmas;Kovmas;;;;;;;;;;;;;x
b_enelosgi;Enelosgi;;;;;;;;;;;;;x
b_rositri;Rositri;;;;;;;;;;;;;x
b_dahita;Dahita;;;;;;;;;;;;;x
b_astael;Astael;;;;;;;;;;;;;x
b_amaxar;Amaxar;;;;;;;;;;;;;x
b_saxakti;Saxakti;;;;;;;;;;;;;x
b_nazcata;Nazcata;;;;;;;;;;;;;x
b_ruart;Ruart;;;;;;;;;;;;;x
b_lagita;Lagita;;;;;;;;;;;;;x
b_duatti;Duatti;;;;;;;;;;;;;x
b_feccezoja;Feccezoja;;;;;;;;;;;;;x
b_raxoja;Raxoja;;;;;;;;;;;;;x
b_kodeuta;Kodeuta;;;;;;;;;;;;;x
b_bazarim;Bazarim;;;;;;;;;;;;;x
b_kuadn;Kuadn;;;;;;;;;;;;;x
b_tageid;Tageid;;;;;;;;;;;;;x
b_kajama;Kajama;;;;;;;;;;;;;x
b_nurulger;Nurulger;;;;;;;;;;;;;x
b_ariveid;Ariveid;;;;;;;;;;;;;x
b_bisama;Bisama;;;;;;;;;;;;;x
b_etatama;Etatama;;;;;;;;;;;;;x
b_ezuismal;Ezuismal;;;;;;;;;;;;;x
b_tahar;Tahar;;;;;;;;;;;;;x
b_sazael;Sazael;;;;;;;;;;;;;x
b_bosidon;Bosidon;;;;;;;;;;;;;x
b_sosoja;Sosoja;;;;;;;;;;;;;x
b_rahar;Rahar;;;;;;;;;;;;;x
b_davidon;Davidon;;;;;;;;;;;;;x
b_todank;Todank;;;;;;;;;;;;;x
b_bazoja;Bazoja;;;;;;;;;;;;;x
b_laret;Laret;;;;;;;;;;;;;x
b_beid;Beid;;;;;;;;;;;;;x
b_syavosgi;Syavosgi;;;;;;;;;;;;;x
b_srugon;Srugon;;;;;;;;;;;;;x
b_bagitri;Bagitri;;;;;;;;;;;;;x
b_nael;Nael;;;;;;;;;;;;;x
b_seloja;Seloja;;;;;;;;;;;;;x
b_sahar;Sahar;;;;;;;;;;;;;x
b_wurush;Wurush;;;;;;;;;;;;;x
b_qivaton;Qivaton;;;;;;;;;;;;;x
b_degaret;Degaret;;;;;;;;;;;;;x
b_tuisush;Tuisush;;;;;;;;;;;;;x
b_diseuta;Diseuta;;;;;;;;;;;;;x
b_aloti;Aloti;;;;;;;;;;;;;x
b_liveid;Liveid;;;;;;;;;;;;;x
b_kazush;Kazush;;;;;;;;;;;;;x
b_sisama;Sisama;;;;;;;;;;;;;x
b_ekonalla;Ekonalla;;;;;;;;;;;;;x
b_sazush;Sazush;;;;;;;;;;;;;x
b_wateid;Wateid;;;;;;;;;;;;;x
b_qodama;Qodama;;;;;;;;;;;;;x
b_levama;Levama;;;;;;;;;;;;;x
b_ryilama;Ryilama;;;;;;;;;;;;;x
b_aboden;Aboden;;;;;;;;;;;;;x
b_kavarim;Kavarim;;;;;;;;;;;;;x
b_qavitri;Qavitri;;;;;;;;;;;;;x
b_wazarim;Wazarim;;;;;;;;;;;;;x
b_bosaret;Bosaret;;;;;;;;;;;;;x
b_kagovmas;Kagovmas;;;;;;;;;;;;;x
b_isaton_2;Isaton_2;;;;;;;;;;;;;x
b_ryaotank;Ryaotank;;;;;;;;;;;;;x
b_soga;Soga;;;;;;;;;;;;;x
b_wuat;Wuat;;;;;;;;;;;;;x
b_tuart;Tuart;;;;;;;;;;;;;x
b_kahank;Kahank;;;;;;;;;;;;;x
b_qapeta;Qapeta;;;;;;;;;;;;;x
b_ageuta;Ageuta;;;;;;;;;;;;;x
b_nagaret;Nagaret;;;;;;;;;;;;;x
b_dosaret;Dosaret;;;;;;;;;;;;;x
b_lagovmas;Lagovmas;;;;;;;;;;;;;x
b_tapeta;Tapeta;;;;;;;;;;;;;x
b_kazcatri;Kazcatri;;;;;;;;;;;;;x
b_nageta;Nageta;;;;;;;;;;;;;x
b_tazcaret;Tazcaret;;;;;;;;;;;;;x
b_kuisena;Kuisena;;;;;;;;;;;;;x
b_rurama;Rurama;;;;;;;;;;;;;x
b_qonaton;Qonaton;;;;;;;;;;;;;x
b_nodama;Nodama;;;;;;;;;;;;;x
b_enanama;Enanama;;;;;;;;;;;;;x
b_zopr;Zopr;;;;;;;;;;;;;x
b_qatalla;Qatalla;;;;;;;;;;;;;x
b_toja;Toja;;;;;;;;;;;;;x
b_sahakti;Sahakti;;;;;;;;;;;;;x
b_lazoja;Lazoja;;;;;;;;;;;;;x
b_sazcasgi;Sazcasgi;;;;;;;;;;;;;x
b_kedros;Kedros;;;;;;;;;;;;;x
b_ascank;Ascank;;;;;;;;;;;;;x
b_rahana;Rahana;;;;;;;;;;;;;x
b_nyavitri;Nyavitri;;;;;;;;;;;;;x
b_turedros;Turedros;;;;;;;;;;;;;x
b_turalla;Turalla;;;;;;;;;;;;;x
b_wisama;Wisama;;;;;;;;;;;;;x
b_bisush;Bisush;;;;;;;;;;;;;x
b_ezuisush;Ezuisush;;;;;;;;;;;;;x
b_sodalla;Sodalla;;;;;;;;;;;;;x
b_nevar;Nevar;;;;;;;;;;;;;x
b_kurama;Kurama;;;;;;;;;;;;;x
b_daasul;Daasul;;;;;;;;;;;;;x
b_turush;Turush;;;;;;;;;;;;;x
b_sazena;Sazena;;;;;;;;;;;;;x
b_risoti;Risoti;;;;;;;;;;;;;x
b_rimama;Rimama;;;;;;;;;;;;;x
b_wuisama;Wuisama;;;;;;;;;;;;;x
b_revush;Revush;;;;;;;;;;;;;x
b_tegirek;Tegirek;;;;;;;;;;;;;x
b_nuradeva;Nuradeva;;;;;;;;;;;;;x
b_elaton;Elaton;;;;;;;;;;;;;x
b_kegalla;Kegalla;;;;;;;;;;;;;x
b_xolenz;Xolenz;;;;;;;;;;;;;x
b_qisaret;Qisaret;;;;;;;;;;;;;x
b_abahaton;Abahaton;;;;;;;;;;;;;x
b_ekegeid;Ekegeid;;;;;;;;;;;;;x
b_navadeva;Navadeva;;;;;;;;;;;;;x
b_kavedros;Kavedros;;;;;;;;;;;;;x
b_koneuta;Koneuta;;;;;;;;;;;;;x
b_donirek;Donirek;;;;;;;;;;;;;x
b_syilama;Syilama;;;;;;;;;;;;;x
b_gonc;Gonc;;;;;;;;;;;;;x
b_evadeva;Evadeva;;;;;;;;;;;;;x
b_davyamal;Davyamal;;;;;;;;;;;;;x
b_davalla;Davalla;;;;;;;;;;;;;x
b_razama;Razama;;;;;;;;;;;;;x
b_bimaret;Bimaret;;;;;;;;;;;;;x
b_sonalla;Sonalla;;;;;;;;;;;;;x
b_dajaret;Dajaret;;;;;;;;;;;;;x
b_ekonirek;Ekonirek;;;;;;;;;;;;;x
b_nivirek;Nivirek;;;;;;;;;;;;;x
b_elama;Elama;;;;;;;;;;;;;x
b_kegush;Kegush;;;;;;;;;;;;;x
b_begoti;Begoti;;;;;;;;;;;;;x
b_qataton;Qataton;;;;;;;;;;;;;x
b_tavoti;Tavoti;;;;;;;;;;;;;x
b_elendor;elendor;;;;;;;;;;;;;x
b_emodeuta;Emodeuta;;;;;;;;;;;;;x
b_biseid;Biseid;;;;;;;;;;;;;x
b_taveid;Taveid;;;;;;;;;;;;;x
b_suroti;Suroti;;;;;;;;;;;;;x
b_qivar;Qivar;;;;;;;;;;;;;x
b_evisama;Evisama;;;;;;;;;;;;;x
b_syileid;Syileid;;;;;;;;;;;;;x
b_satalla;Satalla;;;;;;;;;;;;;x
b_livama;Livama;;;;;;;;;;;;;x
b_kuisar;Kuisar;;;;;;;;;;;;;x
b_sinama;Sinama;;;;;;;;;;;;;x
b_napama;Napama;;;;;;;;;;;;;x
b_riveid;Riveid;;;;;;;;;;;;;x
b_segena;Segena;;;;;;;;;;;;;x
b_evirek;Evirek;;;;;;;;;;;;;x
b_suraret;Suraret;;;;;;;;;;;;;x
b_divirek;Divirek;;;;;;;;;;;;;x
b_tevush;Tevush;;;;;;;;;;;;;x
b_nodoti;Nodoti;;;;;;;;;;;;;x
b_qazoti;Qazoti;;;;;;;;;;;;;x
b_kyilar;Kyilar;;;;;;;;;;;;;x
b_nodar;Nodar;;;;;;;;;;;;;x
b_divama;Divama;;;;;;;;;;;;;x
b_evalla;Evalla;;;;;;;;;;;;;x
b_turoti;Turoti;;;;;;;;;;;;;x
b_ninaret;Ninaret;;;;;;;;;;;;;x
b_abahoti;Abahoti;;;;;;;;;;;;;x
b_wodar;Wodar;;;;;;;;;;;;;x
b_surama;Surama;;;;;;;;;;;;;x
b_tegena;Tegena;;;;;;;;;;;;;x
b_turaton;Turaton;;;;;;;;;;;;;x
b_ezuisena;Ezuisena;;;;;;;;;;;;;x
b_kuradeva;Kuradeva;;;;;;;;;;;;;x
b_rajena;Rajena;;;;;;;;;;;;;x
b_qahalla;Qahalla;;;;;;;;;;;;;x
b_qatama;Qatama;;;;;;;;;;;;;x
b_simeid;Simeid;;;;;;;;;;;;;x
b_tuisoti;Tuisoti;;;;;;;;;;;;;x
b_simoti;Simoti;;;;;;;;;;;;;x
b_sajar;Sajar;;;;;;;;;;;;;x
b_ruryamal;Ruryamal;;;;;;;;;;;;;x
b_kegama;Kegama;;;;;;;;;;;;;x
b_regalla;Regalla;;;;;;;;;;;;;x
b_ravadeva;Ravadeva;;;;;;;;;;;;;x
b_lodama;Lodama;;;;;;;;;;;;;x
b_limush;Limush;;;;;;;;;;;;;x
b_atatama;Atatama;;;;;;;;;;;;;x
b_nuisush;Nuisush;;;;;;;;;;;;;x
b_bemaud;Bemaud;;;;;;;;;;;;;x
b_reiner;Reiner;;;;;;;;;;;;;x
b_semaria;Semaria;;;;;;;;;;;;;x
b_raria;Raria;;;;;;;;;;;;;x
b_boranis;Boranis;;;;;;;;;;;;;x
b_solonde;Solonde;;;;;;;;;;;;;x
b_dunanis;Dunanis;;;;;;;;;;;;;x
b_taler;Taler;;;;;;;;;;;;;x
b_torile;Torile;;;;;;;;;;;;;x
b_qalemir;Qalemir;;;;;;;;;;;;;x
b_talonde;Talonde;;;;;;;;;;;;;x
b_dinaria;Dinaria;;;;;;;;;;;;;x
b_nyone;Nyone;;;;;;;;;;;;;x
b_athot;Athot;;;;;;;;;;;;;x
b_dzupre;Dzupre;;;;;;;;;;;;;x
b_wemonne;Wemonne;;;;;;;;;;;;;x
b_tuprile;Tuprile;;;;;;;;;;;;;x
b_nunabhan;Nunabhan;;;;;;;;;;;;;x
b_golemir;Golemir;;;;;;;;;;;;;x
b_temadir;Temadir;;;;;;;;;;;;;x
b_konadir;Konadir;;;;;;;;;;;;;x
b_winonne;Winonne;;;;;;;;;;;;;x
b_aronot;Aronot;;;;;;;;;;;;;x
b_wunabhan;Wunabhan;;;;;;;;;;;;;x
b_wineran;Wineran;;;;;;;;;;;;;x
b_bupraud;Bupraud;;;;;;;;;;;;;x
b_ashadir;Ashadir;;;;;;;;;;;;;x
b_rolot;Rolot;;;;;;;;;;;;;x
b_duprart;Duprart;;;;;;;;;;;;;x
b_dunabhan;Dunabhan;;;;;;;;;;;;;x
b_teinael;Teinael;;;;;;;;;;;;;x
b_teini;Teini;;;;;;;;;;;;;x
b_tonaria;Tonaria;;;;;;;;;;;;;x
b_kalaud;Kalaud;;;;;;;;;;;;;x
b_walabhan;Walabhan;;;;;;;;;;;;;x
b_runot;Runot;;;;;;;;;;;;;x
b_taldut;Taldut;;;;;;;;;;;;;x
b_enile;Enile;;;;;;;;;;;;;x
b_edemonde;Edemonde;;;;;;;;;;;;;x
b_banabhan;Banabhan;;;;;;;;;;;;;x
b_koner;Koner;;;;;;;;;;;;;x
b_keinaud;Keinaud;;;;;;;;;;;;;x
b_kidon;Kidon;;;;;;;;;;;;;x
b_zlory;Zlory;;;;;;;;;;;;;x
b_abozidon;Abozidon;;;;;;;;;;;;;x
b_saard;Saard;;;;;;;;;;;;;x
b_liruule;Liruule;;;;;;;;;;;;;x
b_direw;Direw;;;;;;;;;;;;;x
b_niruta;Niruta;;;;;;;;;;;;;x
b_banali;Banali;;;;;;;;;;;;;x
b_katard;Katard;;;;;;;;;;;;;x
b_akulita;Akulita;;;;;;;;;;;;;x
b_siveridon;Siveridon;;;;;;;;;;;;;x
b_acule;Acule;;;;;;;;;;;;;x
b_qirurim;Qirurim;;;;;;;;;;;;;x
b_daliel;Daliel;;;;;;;;;;;;;x
b_diner;Diner;;;;;;;;;;;;;x
b_tilonde;Tilonde;;;;;;;;;;;;;x
b_laglot;Laglot;;;;;;;;;;;;;x
b_wemonde;Wemonde;;;;;;;;;;;;;x
b_seppis;Seppis;;;;;;;;;;;;;x
b_byaveid;Byaveid;;;;;;;;;;;;;x
b_rodaret;Rodaret;;;;;;;;;;;;;x
b_biucoja;Biucoja;;;;;;;;;;;;;x
b_koditri;Koditri;;;;;;;;;;;;;x
b_aquat;Aquat;;;;;;;;;;;;;x
b_kahael;Kahael;;;;;;;;;;;;;x
b_qyaveta;Qyaveta;;;;;;;;;;;;;x
b_kavakti;Kavakti;;;;;;;;;;;;;x
b_qapar;Qapar;;;;;;;;;;;;;x
b_quat;Quat;;;;;;;;;;;;;x
b_rodoja;Rodoja;;;;;;;;;;;;;x
b_novmas;Novmas;;;;;;;;;;;;;x
b_aquatri;Aquatri;;;;;;;;;;;;;x
b_naveta;Naveta;;;;;;;;;;;;;x
b_saxosgi;Saxosgi;;;;;;;;;;;;;x
b_dageta;Dageta;;;;;;;;;;;;;x
b_todita;Todita;;;;;;;;;;;;;x
b_taparet;Taparet;;;;;;;;;;;;;x
b_raheid;Raheid;;;;;;;;;;;;;x
b_safiden;Safiden;;;;;;;;;;;;;x
b_taposgi;Taposgi;;;;;;;;;;;;;x
b_roseid;Roseid;;;;;;;;;;;;;x
b_dodeta;Dodeta;;;;;;;;;;;;;x
b_amazeuta;Amazeuta;;;;;;;;;;;;;x
b_razank;Razank;;;;;;;;;;;;;x
b_losar;Losar;;;;;;;;;;;;;x
b_lagank;Lagank;;;;;;;;;;;;;x
b_alana;Alana;;;;;;;;;;;;;x
b_kiucana;Kiucana;;;;;;;;;;;;;x
b_bososgi;Bososgi;;;;;;;;;;;;;x
b_dodoja;Dodoja;;;;;;;;;;;;;x
b_saret;Saret;;;;;;;;;;;;;x
b_asteid;Asteid;;;;;;;;;;;;;x
b_razeuta;Razeuta;;;;;;;;;;;;;x
b_bapar;Bapar;;;;;;;;;;;;;x
b_kaxidon;Kaxidon;;;;;;;;;;;;;x
b_todeid;Todeid;;;;;;;;;;;;;x
b_amaxita;Amaxita;;;;;;;;;;;;;x
b_rosaret;Rosaret;;;;;;;;;;;;;x
b_dapana;Dapana;;;;;;;;;;;;;x
b_agaret;Agaret;;;;;;;;;;;;;x
b_byaotar;Byaotar;;;;;;;;;;;;;x
b_buahr;Buahr;;;;;;;;;;;;;x
b_luart;Luart;;;;;;;;;;;;;x
b_kamdu;Kamdu;;;;;;;;;;;;;x
b_bavar;Bavar;;;;;;;;;;;;;x
b_wazcatri;Wazcatri;;;;;;;;;;;;;x
b_savar;Savar;;;;;;;;;;;;;x
b_sakti;Sakti;;;;;;;;;;;;;x
b_seffime;Seffime;;;;;;;;;;;;;x
b_wyaotar;Wyaotar;;;;;;;;;;;;;x
b_timzen;Timzen;;;;;;;;;;;;;x
b_selana;Selana;;;;;;;;;;;;;x
b_qositri;Qositri;;;;;;;;;;;;;x
b_bapeta;Bapeta;;;;;;;;;;;;;x
b_telitri;Telitri;;;;;;;;;;;;;x
b_kodank;Kodank;;;;;;;;;;;;;x
b_kaxael;Kaxael;;;;;;;;;;;;;x
b_delana;Delana;;;;;;;;;;;;;x
b_qapeuta;Qapeuta;;;;;;;;;;;;;x
b_belitri;Belitri;;;;;;;;;;;;;x
b_jazank;Jazank;;;;;;;;;;;;;x
b_poztun;Poztun;;;;;;;;;;;;;x
b_tiuceid;Tiuceid;;;;;;;;;;;;;x
b_ragarim;Ragarim;;;;;;;;;;;;;x
b_bufeda;Bufeda;;;;;;;;;;;;;x
b_nagoja;Nagoja;;;;;;;;;;;;;x
b_agarim;Agarim;;;;;;;;;;;;;x
b_escael;Escael;;;;;;;;;;;;;x
b_epapar;Epapar;;;;;;;;;;;;;x
b_renudur;Renudur;;;;;;;;;;;;;x
b_dirudur;Dirudur;;;;;;;;;;;;;x
b_qulita;Qulita;;;;;;;;;;;;;x
b_aniruule;Aniruule;;;;;;;;;;;;;x
b_alita;Alita;;;;;;;;;;;;;x
b_saluda;Saluda;;;;;;;;;;;;;x
b_qoseid;Qoseid;;;;;;;;;;;;;x
b_giedon;Giedon;;;;;;;;;;;;;x
b_tagael;Tagael;;;;;;;;;;;;;x
b_juatri;Juatri;;;;;;;;;;;;;x
b_kahoja;Kahoja;;;;;;;;;;;;;x
b_boseid;Boseid;;;;;;;;;;;;;x
b_qaharet;Qaharet;;;;;;;;;;;;;x
b_qedros;Qedros;;;;;;;;;;;;;x
b_navar;Navar;;;;;;;;;;;;;x
b_nazcarim;Nazcarim;;;;;;;;;;;;;x
b_akositri;Akositri;;;;;;;;;;;;;x
b_avoja;Avoja;;;;;;;;;;;;;x
b_tapael;Tapael;;;;;;;;;;;;;x
b_hivar;Hivar;;;;;;;;;;;;;x
b_buatri;Buatri;;;;;;;;;;;;;x
b_tarim;Tarim;;;;;;;;;;;;;x
b_equadn;Equadn;;;;;;;;;;;;;x
b_nagitri;Nagitri;;;;;;;;;;;;;x
b_wivar;Wivar;;;;;;;;;;;;;x
b_ulamiren;Ulamiren;;;;;;;;;;;;;x
b_arama;Arama;;;;;;;;;;;;;x
b_caoptel;Caoptel;;;;;;;;;;;;;x
b_sedros;Sedros;;;;;;;;;;;;;x
b_soseid;Soseid;;;;;;;;;;;;;x
b_wosaret;Wosaret;;;;;;;;;;;;;x
b_delarim;Delarim;;;;;;;;;;;;;x
b_emazosgi;Emazosgi;;;;;;;;;;;;;x
b_akonar;Akonar;;;;;;;;;;;;;x
b_kinush;Kinush;;;;;;;;;;;;;x
b_tavena;Tavena;;;;;;;;;;;;;x
b_qodalla;Qodalla;;;;;;;;;;;;;x
b_kurena;Kurena;;;;;;;;;;;;;x
b_evyamal;Evyamal;;;;;;;;;;;;;x
b_kagank;Kagank;;;;;;;;;;;;;x
b_tagedros;Tagedros;;;;;;;;;;;;;x
b_razana;Razana;;;;;;;;;;;;;x
b_qagakti;Qagakti;;;;;;;;;;;;;x
b_sahitri;Sahitri;;;;;;;;;;;;;x
b_akosana;Akosana;;;;;;;;;;;;;x
b_bapoja;Bapoja;;;;;;;;;;;;;x
b_banoti;Banoti;;;;;;;;;;;;;x
b_qevirek;Qevirek;;;;;;;;;;;;;x
b_rajama;Rajama;;;;;;;;;;;;;x
b_sahoti;Sahoti;;;;;;;;;;;;;x
b_ravoti;Ravoti;;;;;;;;;;;;;x
b_wavyamal;Wavyamal;;;;;;;;;;;;;x
b_tagana;Tagana;;;;;;;;;;;;;x
b_kazcaret;Kazcaret;;;;;;;;;;;;;x
b_kazeta;Kazeta;;;;;;;;;;;;;x
b_wazaret;Wazaret;;;;;;;;;;;;;x
b_equahr;Equahr;;;;;;;;;;;;;x
b_dyaveta;Dyaveta;;;;;;;;;;;;;x
b_wositri;Wositri;;;;;;;;;;;;;x
b_egidon;Egidon;;;;;;;;;;;;;x
b_dazcalar;Dazcalar;;;;;;;;;;;;;x
b_bottana;Bottana;;;;;;;;;;;;;x
b_edimoti;Edimoti;;;;;;;;;;;;;x
b_ameveid;Ameveid;;;;;;;;;;;;;x
b_burama;Burama;;;;;;;;;;;;;x
b_begama;Begama;;;;;;;;;;;;;x
b_tyilar;Tyilar;;;;;;;;;;;;;x
b_regoti;Regoti;;;;;;;;;;;;;x
b_nureid;Nureid;;;;;;;;;;;;;x
b_sisush;Sisush;;;;;;;;;;;;;x
b_devirek;Devirek;;;;;;;;;;;;;x
b_rajaret;Rajaret;;;;;;;;;;;;;x
b_sonaton;Sonaton;;;;;;;;;;;;;x
b_erivaton;Erivaton;;;;;;;;;;;;;x
b_levush;Levush;;;;;;;;;;;;;x
b_pantu;Pantu;;;;;;;;;;;;;x
b_bevama;Bevama;;;;;;;;;;;;;x
b_laveny;Laveny;;;;;;;;;;;;;x
b_dajirek;Dajirek;;;;;;;;;;;;;x
b_abineid;Abineid;;;;;;;;;;;;;x
b_danaton;Danaton;;;;;;;;;;;;;x
b_wataton;Wataton;;;;;;;;;;;;;x
b_tavtubar;Tavtubar;;;;;;;;;;;;;x
b_jorbuti;Jorbuti;;;;;;;;;;;;;x
b_sisena;Sisena;;;;;;;;;;;;;x
b_luryamal;Luryamal;;;;;;;;;;;;;x
b_tyiloti;Tyiloti;;;;;;;;;;;;;x
b_kajush;Kajush;;;;;;;;;;;;;x
b_rataton;Rataton;;;;;;;;;;;;;x
b_kacelat;Kacelat;;;;;;;;;;;;;x
b_adimena;Adimena;;;;;;;;;;;;;x
b_tyilush;Tyilush;;;;;;;;;;;;;x
b_timoti;Timoti;;;;;;;;;;;;;x
b_akegama;Akegama;;;;;;;;;;;;;x
b_buroti;Buroti;;;;;;;;;;;;;x
b_sateid;Sateid;;;;;;;;;;;;;x
b_datush;Datush;;;;;;;;;;;;;x
b_gmecey;Gmecey;;;;;;;;;;;;;x
b_erivena;Erivena;;;;;;;;;;;;;x
b_sivena;Sivena;;;;;;;;;;;;;x
b_syilalla;Syilalla;;;;;;;;;;;;;x
b_nivaton;Nivaton;;;;;;;;;;;;;x
b_tahirek;Tahirek;;;;;;;;;;;;;x
b_durulger;Durulger;;;;;;;;;;;;;x
b_emevalla;Emevalla;;;;;;;;;;;;;x
b_katush;Katush;;;;;;;;;;;;;x
b_rodar;Rodar;;;;;;;;;;;;;x
b_arivena;Arivena;;;;;;;;;;;;;x
b_kodush;Kodush;;;;;;;;;;;;;x
b_tyileuta;Tyileuta;;;;;;;;;;;;;x
b_konirek;Konirek;;;;;;;;;;;;;x
b_timirek;Timirek;;;;;;;;;;;;;x
b_tatama;Tatama;;;;;;;;;;;;;x
b_happejade;Happejade;;;;;;;;;;;;;x
b_legejos;Legejos;;;;;;;;;;;;;x
b_bhat;Bhat;;;;;;;;;;;;;x
b_suumen;Suumen;;;;;;;;;;;;;x
b_noferand;Noferand;;;;;;;;;;;;;x
b_margon;Margon;;;;;;;;;;;;;x
b_margon_2;Margon_2;;;;;;;;;;;;;x
b_dofa;Dofa;;;;;;;;;;;;;x
b_noabell;Noabell;;;;;;;;;;;;;x
b_myutto;Myutto;;;;;;;;;;;;;x
b_gebic;Gebic;;;;;;;;;;;;;x
b_vejjelaros;Vejjelaros;;;;;;;;;;;;;x
b_sekner;Sekner;;;;;;;;;;;;;x
b_sekner_2;Sekner_2;;;;;;;;;;;;;x
b_kezpafol;Kezpafol;;;;;;;;;;;;;x
b_ocal;Ocal;;;;;;;;;;;;;x
b_sadlen;Sadlen;;;;;;;;;;;;;x
b_jicesid;Jicesid;;;;;;;;;;;;;x
b_cartum;Cartum;;;;;;;;;;;;;x
b_lyowin;Lyowin;;;;;;;;;;;;;x
b_lyowin_2;Lyowin_2;;;;;;;;;;;;;x
b_tesga;Tesga;;;;;;;;;;;;;x
b_gungore;Gungore;;;;;;;;;;;;;x
b_ihblanat;Ihblanat;;;;;;;;;;;;;x
b_huboca;Huboca;;;;;;;;;;;;;x
b_ropadan;Ropadan;;;;;;;;;;;;;x
b_nelweni;Nelweni;;;;;;;;;;;;;x
b_nelweni_2;Nelweni_2;;;;;;;;;;;;;x
b_rivush;Rivush;;;;;;;;;;;;;x
b_zobon;Zobon;;;;;;;;;;;;;x
b_nivamer;Nivamer;;;;;;;;;;;;;x
b_minea;Minea;;;;;;;;;;;;;x
b_ebahama;Ebahama;;;;;;;;;;;;;x
b_kegoti;Kegoti;;;;;;;;;;;;;x
b_avena;Avena;;;;;;;;;;;;;x
b_savadeva;Savadeva;;;;;;;;;;;;;x
b_egufan;Egufan;;;;;;;;;;;;;x
b_tyilaret;Tyilaret;;;;;;;;;;;;;x
b_revar;Revar;;;;;;;;;;;;;x
b_kegsel;Kegsel;;;;;;;;;;;;;x
b_finnula;Finnula;;;;;;;;;;;;;x
b_cahen;Cahen;;;;;;;;;;;;;x
b_akonalla;Akonalla;;;;;;;;;;;;;x
b_isaton;Isaton;;;;;;;;;;;;;x
b_katropi;Katropi;;;;;;;;;;;;;x
b_avedsi;Avedsi;;;;;;;;;;;;;x
b_eviseid;Eviseid;;;;;;;;;;;;;x
b_zsamur;Zsamur;;;;;;;;;;;;;x
b_emvidob;Emvidob;;;;;;;;;;;;;x
b_surynamek;Surynamek;;;;;;;;;;;;;x
b_najeid;Najeid;;;;;;;;;;;;;x
b_timama;Timama;;;;;;;;;;;;;x
b_isiral;Isiral;;;;;;;;;;;;;x
b_adimar;Adimar;;;;;;;;;;;;;x
b_tonfuabe;Tonfuabe;;;;;;;;;;;;;x
b_waucerbok;Waucerbok;;;;;;;;;;;;;x
b_kyiloti;Kyiloti;;;;;;;;;;;;;x
b_quisut;Quisut;;;;;;;;;;;;;x
b_tajoti;Tajoti;;;;;;;;;;;;;x
b_katoma;Katoma;;;;;;;;;;;;;x
b_tivarsac;Tivarsac;;;;;;;;;;;;;x
b_riwabes;Riwabes;;;;;;;;;;;;;x
b_weccej;Weccej;;;;;;;;;;;;;x
b_ewoti;Ewoti;;;;;;;;;;;;;x
b_davush;Davush;;;;;;;;;;;;;x
b_ratama;Ratama;;;;;;;;;;;;;x
b_datar;Datar;;;;;;;;;;;;;x
b_tatena;Tatena;;;;;;;;;;;;;x
b_tabeid;Tabeid;;;;;;;;;;;;;x
b_byilaton;Byilaton;;;;;;;;;;;;;x
b_rinoty;Rinoty;;;;;;;;;;;;;x
b_tegama;Tegama;;;;;;;;;;;;;x
b_qimice;Qimice;;;;;;;;;;;;;x
b_tajey;Tajey;;;;;;;;;;;;;x
b_wodund;Wodund;;;;;;;;;;;;;x
b_ryud;Ryud;;;;;;;;;;;;;x
b_byilama;Byilama;;;;;;;;;;;;;x
b_radund;Radund;;;;;;;;;;;;;x
b_tatsus;Tatsus;;;;;;;;;;;;;x
b_sevoti;Sevoti;;;;;;;;;;;;;x
b_bimufor;Bimufor;;;;;;;;;;;;;x
b_rubart;Rubart;;;;;;;;;;;;;x
b_xevaut;Xevaut;;;;;;;;;;;;;x
b_akegoti;Akegoti;;;;;;;;;;;;;x
b_zimedros;Zimedros;;;;;;;;;;;;;x
b_degaton;Degaton;;;;;;;;;;;;;x
b_ronena;Ronena;;;;;;;;;;;;;x
b_wyiloti;Wyiloti;;;;;;;;;;;;;x
b_amodeid;Amodeid;;;;;;;;;;;;;x
b_biveuta;Biveuta;;;;;;;;;;;;;x
b_cromi;Cromi;;;;;;;;;;;;;x
b_zugdepisa;Zugdepisa;;;;;;;;;;;;;x
b_kuntofu;Kuntofu;;;;;;;;;;;;;x
b_gavison;Gavison;;;;;;;;;;;;;x
b_nruty;Nruty;;;;;;;;;;;;;x
b_qivama;Qivama;;;;;;;;;;;;;x
b_qivama_2;Qivama_2;;;;;;;;;;;;;x
b_syublen;Syublen;;;;;;;;;;;;;x
b_formindos;Formindos;;;;;;;;;;;;;x
b_zapiped;Zapiped;;;;;;;;;;;;;x
b_bavirek;Bavirek;;;;;;;;;;;;;x
b_degoti;Degoti;;;;;;;;;;;;;x
b_abinama;Abinama;;;;;;;;;;;;;x
b_abinama_2;Abinama_2;;;;;;;;;;;;;x
b_luwedun;Luwedun;;;;;;;;;;;;;x
b_ibofis;Ibofis;;;;;;;;;;;;;x
b_wavena;Wavena;;;;;;;;;;;;;x
b_kuryamal;Kuryamal;;;;;;;;;;;;;x
b_bodirek;Bodirek;;;;;;;;;;;;;x
b_erivama;Erivama;;;;;;;;;;;;;x
b_erivama_2;Erivama_2;;;;;;;;;;;;;x
b_krofendau;Krofendau;;;;;;;;;;;;;x
b_ozden;Ozden;;;;;;;;;;;;;x
b_tecwidi;Tecwidi;;;;;;;;;;;;;x
b_qimirek;Qimirek;;;;;;;;;;;;;x
b_revama;Revama;;;;;;;;;;;;;x
b_ruroti;Ruroti;;;;;;;;;;;;;x
b_ruroti_2;Ruroti_2;;;;;;;;;;;;;x
b_dozana;Dozana;;;;;;;;;;;;;x
b_ectudur;Ectudur;;;;;;;;;;;;;x
b_tilard;Tilard;;;;;;;;;;;;;x
b_rilaetho;Rilaetho;;;;;;;;;;;;;x
b_wirita;Wirita;;;;;;;;;;;;;x
b_kozidon;Kozidon;;;;;;;;;;;;;x
b_kozidon_2;Kozidon_2;;;;;;;;;;;;;x
b_wozika;Wozika;;;;;;;;;;;;;x
b_danidon;Danidon;;;;;;;;;;;;;x
b_direuta;Direuta;;;;;;;;;;;;;x
b_tenali;Tenali;;;;;;;;;;;;;x
b_navidon;Navidon;;;;;;;;;;;;;x
b_dilana;Dilana;;;;;;;;;;;;;x
b_kurgan;Kurgan;;;;;;;;;;;;;x
b_lirory;Lirory;;;;;;;;;;;;;x
b_dulita;Dulita;;;;;;;;;;;;;x
b_nurama;Nurama;;;;;;;;;;;;;x
b_bazeid;Bazeid;;;;;;;;;;;;;x
b_wazush;Wazush;;;;;;;;;;;;;x
b_wazush_2;Wazush_2;;;;;;;;;;;;;x
b_berim;Berim;;;;;;;;;;;;;x
b_lumika;Lumika;;;;;;;;;;;;;x
b_wijeuta;Wijeuta;;;;;;;;;;;;;x
b_kanard;Kanard;;;;;;;;;;;;;x
b_dyirule;Dyirule;;;;;;;;;;;;;x
b_banian;Banian;;;;;;;;;;;;;x
b_banian_2;Banian_2;;;;;;;;;;;;;x
b_qanali;Qanali;;;;;;;;;;;;;x
b_dafen;Dafen;;;;;;;;;;;;;x
b_katew;Katew;;;;;;;;;;;;;x
b_ronaton;Ronaton;;;;;;;;;;;;;x
b_avoja;Avoja;;;;;;;;;;;;;x
b_qanaetho;Qanaetho;;;;;;;;;;;;;x
b_qanaetho_2;Qanaetho_2;;;;;;;;;;;;;x
b_lavika;Lavika;;;;;;;;;;;;;x
b_kozory;Kozory;;;;;;;;;;;;;x
b_kyirew;Kyirew;;;;;;;;;;;;;x
b_kudur;Kudur;;;;;;;;;;;;;x
b_luraton;Luraton;;;;;;;;;;;;;x
b_rirudon;Rirudon;;;;;;;;;;;;;x
b_rirudon_2;Rirudon_2;;;;;;;;;;;;;x
b_pavis;Pavis;;;;;;;;;;;;;x
b_jevora;Jevora;;;;;;;;;;;;;x
b_portalegre;Portalegre;;;;;;;;;;;;;x
b_marvao;Marvao;;;;;;;;;;;;;x
b_castelodevide;Castelodevide;;;;;;;;;;;;;x
b_crato;Crato;;;;;;;;;;;;;x
b_monforte;Monforte;;;;;;;;;;;;;x
b_fuguela;Fuguela;;;;;;;;;;;;;x
b_mertola;Mertola;;;;;;;;;;;;;x
b_honsaraz;Honsaraz;;;;;;;;;;;;;x
b_bejadonis;Bejadonis;;;;;;;;;;;;;x
b_noudal;Noudal;;;;;;;;;;;;;x
b_mourao;Mourao;;;;;;;;;;;;;x
b_portel;Portel;;;;;;;;;;;;;x
b_mourazi;Mourazi;;;;;;;;;;;;;x
b_zantarem;Zantarem;;;;;;;;;;;;;x
b_alcobaca;Alcobaca;;;;;;;;;;;;;x
b_xintelda;Xintelda;;;;;;;;;;;;;x
b_alenquer;Alenquer;;;;;;;;;;;;;x
b_atoug;Atoug;;;;;;;;;;;;;x
b_setomar;Setomar;;;;;;;;;;;;;x
b_batalho;Batalho;;;;;;;;;;;;;x
b_dinian;Dinian;;;;;;;;;;;;;x
b_rumule;Rumule;;;;;;;;;;;;;x
b_tanerim;Tanerim;;;;;;;;;;;;;x
b_sanian;Sanian;;;;;;;;;;;;;x
b_wavidon;Wavidon;;;;;;;;;;;;;x
b_ajovard;Ajovard;;;;;;;;;;;;;x
b_amatew;Amatew;;;;;;;;;;;;;x
b_alpuente;Alpuente;;;;;;;;;;;;;x
b_nufles;Nufles;;;;;;;;;;;;;x
b_vinaros;Vinaros;;;;;;;;;;;;;x
b_morella;Morella;;;;;;;;;;;;;x
b_vilarreal;Vilarreal;;;;;;;;;;;;;x
b_burriana;Burriana;;;;;;;;;;;;;x
b_alcalaten;Alcalaten;;;;;;;;;;;;;x
b_segovia;Segovia;;;;;;;;;;;;;x
b_medinadelcampo;Medinadelcampo;;;;;;;;;;;;;x
b_simancas;Simancas;;;;;;;;;;;;;x
b_penafiel;Penafiel;;;;;;;;;;;;;x
b_gormaz;Gormaz;;;;;;;;;;;;;x
b_castromoro;Castromoro;;;;;;;;;;;;;x
b_medinacelli;Medinacelli;;;;;;;;;;;;;x
b_covaleda;Covaleda;;;;;;;;;;;;;x
b_laredo;Laredo;;;;;;;;;;;;;x
b_santona;Santona;;;;;;;;;;;;;x
b_reinosa;Reinosa;;;;;;;;;;;;;x
b_suances;Suances;;;;;;;;;;;;;x
b_famargo;Famargo;;;;;;;;;;;;;x
b_teruel;Teruel;;;;;;;;;;;;;x
b_hijarudur;Hijarudur;;;;;;;;;;;;;x
b_ecin;Ecin;;;;;;;;;;;;;x
b_lavule;Lavule;;;;;;;;;;;;;x
b_bozew;Bozew;;;;;;;;;;;;;x
b_tovian;Tovian;;;;;;;;;;;;;x
b_dozard;Dozard;;;;;;;;;;;;;x
b_derim;Derim;;;;;;;;;;;;;x
b_utrillas;Utrillas;;;;;;;;;;;;;x
b_calanda;Calanda;;;;;;;;;;;;;x
b_montalban;Montalban;;;;;;;;;;;;;x
b_alcaniz;Alcaniz;;;;;;;;;;;;;x
b_calamocha;Calamocha;;;;;;;;;;;;;x
b_nuevalos;Nuevalos;;;;;;;;;;;;;x
b_daroca;Daroca;;;;;;;;;;;;;x
b_numebrega;Numbrega;;;;;;;;;;;;;x
b_calmarza;Calmarza;;;;;;;;;;;;;x
b_pallars;Pallars;;;;;;;;;;;;;x
b_urgell;Urgell;;;;;;;;;;;;;x
b_vuerta;Vuerta;;;;;;;;;;;;;x
b_sieny;Sieny;;;;;;;;;;;;;x
b_girona;Girona;;;;;;;;;;;;;x
b_igueras;Igueras;;;;;;;;;;;;;x
b_cerdana;Cerdana;;;;;;;;;;;;;x
b_besalu;Besalu;;;;;;;;;;;;;x
b_banyoles;Banyoles;;;;;;;;;;;;;x
b_castelldaro;Castelldaro;;;;;;;;;;;;;x
b_empuries;Empuries;;;;;;;;;;;;;x
b_solsona;Solsona;;;;;;;;;;;;;x
b_agramunt;Agramunt;;;;;;;;;;;;;x
b_tarrega;Tarrega;;;;;;;;;;;;;x
b_balaguer;Balaguer;;;;;;;;;;;;;x
b_wule;Wule;;;;;;;;;;;;;x
b_kyirita;Kyirita;;;;;;;;;;;;;x
b_nijory;Nijory;;;;;;;;;;;;;x
b_nilerim;Nilerim;;;;;;;;;;;;;x
b_tyirard;Tyirard;;;;;;;;;;;;;x
b_tovew;Tovew;;;;;;;;;;;;;x
b_rozita;Rozita;;;;;;;;;;;;;x
b_watali;Watali;;;;;;;;;;;;;x
b_danory;Danory;;;;;;;;;;;;;x
b_amposta;Amposta;;;;;;;;;;;;;x
b_sancugat;Sancugat;;;;;;;;;;;;;x
b_renana;Renana;;;;;;;;;;;;;x
b_algaida;Algaida;;;;;;;;;;;;;x
b_latali;Latali;;;;;;;;;;;;;x
b_felanitx;Felanitx;;;;;;;;;;;;;x
b_santaponsa;Santaponsa;;;;;;;;;;;;;x
b_eivissa;Eivissa;;;;;;;;;;;;;x
b_manacor;Manacor;;;;;;;;;;;;;x
b_formentera;Formentera;;;;;;;;;;;;;x
b_eibar;Eibar;;;;;;;;;;;;;x
b_onate;Onate;;;;;;;;;;;;;x
b_tolosa;Tolosa;;;;;;;;;;;;;x
b_bilbao;Bilbao;;;;;;;;;;;;;x
b_guernica;Guernica;;;;;;;;;;;;;x
b_kijeuta;Kijeuta;;;;;;;;;;;;;x
b_killip;Killip;;;;;;;;;;;;;x
b_novard;Novard;;;;;;;;;;;;;x
b_raterim;Raterim;;;;;;;;;;;;;x
b_azbian;Azbian;;;;;;;;;;;;;x
b_akulidon;Akulidon;;;;;;;;;;;;;x
b_lavudur;Lavudur;;;;;;;;;;;;;x
b_bory;Bory;;;;;;;;;;;;;x
b_pamplona;Pamplona;;;;;;;;;;;;;x
b_leyre;Leyre;;;;;;;;;;;;;x
b_tudela;Tudela;;;;;;;;;;;;;x
b_olite;Olite;;;;;;;;;;;;;x
b_carcastillo;Carcastillo;;;;;;;;;;;;;x
b_sanguesa;Sanguesa;;;;;;;;;;;;;x
b_kijory;Kijory;;;;;;;;;;;;;x
b_harole;Harole;;;;;;;;;;;;;x
b_logrone;Logrone;;;;;;;;;;;;;x
b_calahorra;Calahorra;;;;;;;;;;;;;x
b_najera;Najera;;;;;;;;;;;;;x
b_arnedo;Arnedo;;;;;;;;;;;;;x
b_alfara;Alfara;;;;;;;;;;;;;x
b_zizurmayor;Zizurmayor;;;;;;;;;;;;;x
b_kozika;Kozika;;;;;;;;;;;;;x
b_alard;Alard;;;;;;;;;;;;;x
b_ematian;Ematian;;;;;;;;;;;;;x
b_naetho;Naetho;;;;;;;;;;;;;x
b_kumana;Kumana;;;;;;;;;;;;;x
b_abozudur;Abozudur;;;;;;;;;;;;;x
b_luarca;Luarca;;;;;;;;;;;;;x
b_norena;Norena;;;;;;;;;;;;;x
b_ponferrada;Ponferrada;;;;;;;;;;;;;x
b_bembibre;Bembibre;;;;;;;;;;;;;x
b_cacabelos;Cacabelos;;;;;;;;;;;;;x
b_fabero;Fabero;;;;;;;;;;;;;x
b_astorga;Astorga;;;;;;;;;;;;;x
b_nulika;Nulika;;;;;;;;;;;;;x
b_rumeuta;Rumeuta;;;;;;;;;;;;;x
b_kumudur;Kumudur;;;;;;;;;;;;;x
b_rozana;Rozana;;;;;;;;;;;;;x
b_wijard;Wijard;;;;;;;;;;;;;x
b_ecidon;Ecidon;;;;;;;;;;;;;x
b_zopar;Zopar;;;;;;;;;;;;;x
b_giapelda;Giapelda;;;;;;;;;;;;;x
b_natudur;Natudur;;;;;;;;;;;;;x
b_ectard;Ectard;;;;;;;;;;;;;x
b_rilika;Rilika;;;;;;;;;;;;;x
b_amidon;Amidon;;;;;;;;;;;;;x
b_roduster;Roduster;;;;;;;;;;;;;x
b_dozeuta;Dozeuta;;;;;;;;;;;;;x
b_windis;Windis;;;;;;;;;;;;;x
b_pedgal;Pedgal;;;;;;;;;;;;;x
b_sovule;Sovule;;;;;;;;;;;;;x
b_maldarit;Maldarit;;;;;;;;;;;;;x
b_tijew;Tijew;;;;;;;;;;;;;x
b_azbory;Azbory;;;;;;;;;;;;;x
b_rumard;Rumard;;;;;;;;;;;;;x
b_fadhoz;Fadhoz;;;;;;;;;;;;;x
b_kinzhala;Kinzhala;;;;;;;;;;;;;x
b_amahael;Amahael;;;;;;;;;;;;;x
b_nazcasgi;Nazcasgi;;;;;;;;;;;;;x
b_amaxarim;Amaxarim;;;;;;;;;;;;;x
b_kumdoben;Kumdoben;;;;;;;;;;;;;x
b_sahita;Sahita;;;;;;;;;;;;;x
b_pitkosgi;Pitkosgi;;;;;;;;;;;;;x
b_bunezo;Bunezo;;;;;;;;;;;;;x
b_liupen;Liupen;;;;;;;;;;;;;x
b_nozallo;Nozallo;;;;;;;;;;;;;x
b_bojadolid;Bojadolid;;;;;;;;;;;;;x
b_linerim;Linerim;;;;;;;;;;;;;x
b_ejovidon;Ejovidon;;;;;;;;;;;;;x
b_dian;Dian;;;;;;;;;;;;;x
b_bian;Bian;;;;;;;;;;;;;x
b_ampuries;Ampuries;;;;;;;;;;;;;x
b_nuoved;Nuoved;;;;;;;;;;;;;x
b_ezbana;Ezbana;;;;;;;;;;;;;x
b_tiruard;Tiruard;;;;;;;;;;;;;x
b_padory;Padory;;;;;;;;;;;;;x
b_xirc;Xirc;;;;;;;;;;;;;x
b_hicadinnos;Hicadinnos;;;;;;;;;;;;;x
b_tiruita;Tiruita;;;;;;;;;;;;;x
b_tijerim;Tijerim;;;;;;;;;;;;;x
b_sanule;Sanule;;;;;;;;;;;;;x
b_ijumberg;Ijumberg;;;;;;;;;;;;;x
b_tremona;Tremona;;;;;;;;;;;;;x
b_santejory;Santejory;;;;;;;;;;;;;x
b_bavory;Bavory;;;;;;;;;;;;;x
b_akulew;Akulew;;;;;;;;;;;;;x
b_prescia;Prescia;;;;;;;;;;;;;x
b_ceissen;Ceissen;;;;;;;;;;;;;x
b_vagliari;Vagliari;;;;;;;;;;;;;x
b_wyirrim;Wyirrim;;;;;;;;;;;;;x
b_dinali;Dinali;;;;;;;;;;;;;x
b_gopazia;Gopazia;;;;;;;;;;;;;x
b_tidaon;Tidaon;;;;;;;;;;;;;x
b_fenjis;Fenjis;;;;;;;;;;;;;x
b_rillip;Rillip;;;;;;;;;;;;;x
b_renian;Renian;;;;;;;;;;;;;x
b_rireng;Rireng;;;;;;;;;;;;;x
b_tirew;Tirew;;;;;;;;;;;;;x
b_kinule;Kinule;;;;;;;;;;;;;x
b_tiruana;Tiruana;;;;;;;;;;;;;x
b_tanew;Tanew;;;;;;;;;;;;;x
b_fiobeld;Fiobeld;;;;;;;;;;;;;x
b_ahavank;Ahavank;;;;;;;;;;;;;x
b_dosoja;Dosoja;;;;;;;;;;;;;x
b_wuatri;Wuatri;;;;;;;;;;;;;x
b_ezcaret;Ezcaret;;;;;;;;;;;;;x
b_belita;Belita;;;;;;;;;;;;;x
b_pantusec;Pantusec;;;;;;;;;;;;;x
b_nosank;Nosank;;;;;;;;;;;;;x
b_byaotael;Byaotael;;;;;;;;;;;;;x
b_sazcadon;Sazcadon;;;;;;;;;;;;;x
b_leuta;Leuta;;;;;;;;;;;;;x
b_tavank;Tavank;;;;;;;;;;;;;x
b_isveib;Isveib;;;;;;;;;;;;;x
b_razidon;Razidon;;;;;;;;;;;;;x
b_kelaret;Kelaret;;;;;;;;;;;;;x
b_kaxar;Kaxar;;;;;;;;;;;;;x
b_fuknar;Fuknar;;;;;;;;;;;;;x
b_drimea;Drimea;;;;;;;;;;;;;x
b_ehavule;Ehavule;;;;;;;;;;;;;x
b_kirudur;Kirudur;;;;;;;;;;;;;x
b_lorirma;Lorirma;;;;;;;;;;;;;x
b_votga;Votga;;;;;;;;;;;;;x
b_hyazma;Hyazma;;;;;;;;;;;;;x
b_qidon;Qidon;;;;;;;;;;;;;x
b_sillip;Sillip;;;;;;;;;;;;;x
b_ninan;Ninan;;;;;;;;;;;;;x
b_tuceava;Tuceava;;;;;;;;;;;;;x
b_oglich;Oglich;;;;;;;;;;;;;x
b_kory;Kory;;;;;;;;;;;;;x
b_silaetho;Silaetho;;;;;;;;;;;;;x
b_qililen;Qililen;;;;;;;;;;;;;x
b_meresty;Meresty;;;;;;;;;;;;;x
b_ibodank;Ibodank;;;;;;;;;;;;;x
b_ritri;Ritri;;;;;;;;;;;;;x
b_lagedros;Lagedros;;;;;;;;;;;;;x
b_rinaziz;Rinaziz;;;;;;;;;;;;;x
b_bernigov;Bernigov;;;;;;;;;;;;;x
b_cryansk;Cryansk;;;;;;;;;;;;;x
b_tavoja;Tavoja;;;;;;;;;;;;;x
b_liucank;Liucank;;;;;;;;;;;;;x
b_walesto;Walesto;;;;;;;;;;;;;x
b_zegen;Zegen;;;;;;;;;;;;;x
b_habul;Habul;;;;;;;;;;;;;x
b_drivna;Drivna;;;;;;;;;;;;;x
b_dyaotar;Dyaotar;;;;;;;;;;;;;x
b_warim;Warim;;;;;;;;;;;;;x
b_warim_2;Warim 2;;;;;;;;;;;;;x
b_warim_3;Warim 3;;;;;;;;;;;;;x
b_updar;Updar;;;;;;;;;;;;;x
b_sodes;Sodes;;;;;;;;;;;;;x
b_timam;Timam;;;;;;;;;;;;;x
b_ezcaret;Ezcaret;;;;;;;;;;;;;x
b_ecineuta;Ecineuta;;;;;;;;;;;;;x
b_ecineuta_2;Ecineuta 2;;;;;;;;;;;;;x
b_hoeltos;Hoeltos;;;;;;;;;;;;;x
b_beretia;Beretia;;;;;;;;;;;;;x
b_megorlyk;Megorlyk;;;;;;;;;;;;;x
b_lolghar;Lolghar;;;;;;;;;;;;;x
b_pilyar;Pilyar;;;;;;;;;;;;;x
b_baanud;Baanud;;;;;;;;;;;;;x
b_baanud_2;Baanud 2;;;;;;;;;;;;;x
b_baanud_3;Baanud 3;;;;;;;;;;;;;x
b_vuram;Vuram;;;;;;;;;;;;;x
b_tenian;Tenian;;;;;;;;;;;;;x
b_ityrau;Ityrau;;;;;;;;;;;;;x
b_zechrus;Zechrus;;;;;;;;;;;;;x
b_qiwanard;Qiwanard;;;;;;;;;;;;;x
b_qiwanard_2;Qiwanard 2;;;;;;;;;;;;;x
b_qiwanard_3;Qiwanard 3;;;;;;;;;;;;;x
b_gesturt;Gesturt;;;;;;;;;;;;;x
b_durgan;Durgan;;;;;;;;;;;;;x
b_sangly;Sangly;;;;;;;;;;;;;x
b_rishapur;Rishapur;;;;;;;;;;;;;x
b_amirory;Amirory;;;;;;;;;;;;;x
b_amirory_2;Amirory 2;;;;;;;;;;;;;x
b_amirory_3;Amirory 3;;;;;;;;;;;;;x
b_timpala;Timpala;;;;;;;;;;;;;x
b_idsar;Idsar;;;;;;;;;;;;;x
b_gobon-ju;Gobon-ju;;;;;;;;;;;;;x
b_afovex;Afovex;;;;;;;;;;;;;x
b_fissi;Fissi;;;;;;;;;;;;;x
b_fissi_2;Fissi 2;;;;;;;;;;;;;x
b_fissi_3;Fissi 3;;;;;;;;;;;;;x
b_vedden;Vedden;;;;;;;;;;;;;x
b_evorost;Evorost;;;;;;;;;;;;;x
b_sraha;Sraha;;;;;;;;;;;;;x
b_primda;Primda;;;;;;;;;;;;;x
b_radecko;Radecko;;;;;;;;;;;;;x
b_radecko_2;Radecko 2;;;;;;;;;;;;;x
b_radecko_3;Radecko 3;;;;;;;;;;;;;x
b_tippod;Tippod;;;;;;;;;;;;;x
b_zleby;Zleby;;;;;;;;;;;;;x
b_chrudim;Chrudim;;;;;;;;;;;;;x
b_caslav;Caslav;;;;;;;;;;;;;x
b_plasy;Plasy;;;;;;;;;;;;;x
b_plasy_2;Plasy 2;;;;;;;;;;;;;x
b_plasy_3;Plasy 3;;;;;;;;;;;;;x
b_morian;Morian;;;;;;;;;;;;;x
b_wesagalm;Wesagalm;;;;;;;;;;;;;x
b_diazma;Diazma;;;;;;;;;;;;;x
b_klatovy;Klatovy;;;;;;;;;;;;;x
b_vranov;Vranov;;;;;;;;;;;;;x
b_cirsola;Cirsola;;;;;;;;;;;;;x
b_offobut;Offobut;;;;;;;;;;;;;x
b_stribo;Stribo;;;;;;;;;;;;;x
b_bilina;Bilina;;;;;;;;;;;;;x
b_eibenshitz;Eibenshitz;;;;;;;;;;;;;x
b_imursen;Imursen;;;;;;;;;;;;;x
b_chrudim;Chrudim;;;;;;;;;;;;;x
b_teplice;Teplice;;;;;;;;;;;;;x
b_pohansko;Pohansko;;;;;;;;;;;;;x
b_hradiste;Hradiste;;;;;;;;;;;;;x
b_hroldeven;Hroldeven;;;;;;;;;;;;;x
b_litomysl;Litomysl;;;;;;;;;;;;;x
b_chomutov;Chomutov;;;;;;;;;;;;;x
b_prerov;Prerov;;;;;;;;;;;;;x
b_mikulov;Mikulov;;;;;;;;;;;;;x
b_awtor;Awtor;;;;;;;;;;;;;x
b_sasumar;Sasumar;;;;;;;;;;;;;x
b_lipdeuchen;Lipdeuchen;;;;;;;;;;;;;x
b_svitavy;Svitavy;;;;;;;;;;;;;x
b_rajhrad;Rajhrad;;;;;;;;;;;;;x
b_pernstejn;Pernstejn;;;;;;;;;;;;;x
b_hodonin;Hodonin;;;;;;;;;;;;;x
b_zabreh;Zabreh;;;;;;;;;;;;;x
b_kaltun;Kaltun;;;;;;;;;;;;;x
b_derbne;Derbne;;;;;;;;;;;;;x
b_dendet;Dendet;;;;;;;;;;;;;x
b_mavuporti;Mavuporti;;;;;;;;;;;;;x
b_fejjam;Fejjam;;;;;;;;;;;;;x
b_gottegar;Gottegar;;;;;;;;;;;;;x
b_huartes;Huartes;;;;;;;;;;;;;x
b_zoikr;Zoikr;;;;;;;;;;;;;x
b_jossa;Jossa;;;;;;;;;;;;;x
b_tennuba;Tennuba;;;;;;;;;;;;;x
b_vuldat;Vuldat;;;;;;;;;;;;;x
b_nevuika;Nevuika;;;;;;;;;;;;;x
b_soabell;Soabell;;;;;;;;;;;;;x
b_kantelot;Kantelot;;;;;;;;;;;;;x
b_amacezda;Amacezda;;;;;;;;;;;;;x
b_mdanis;Mdanis;;;;;;;;;;;;;x
b_deols;Deols;;;;;;;;;;;;;x
b_kapisa;Kapisa;;;;;;;;;;;;;x
b_lampara;Lampara;;;;;;;;;;;;;x
b_istalif;Istalif;;;;;;;;;;;;;x
b_zakhak;Zakhak;;;;;;;;;;;;;x
b_shibar;Shibar;;;;;;;;;;;;;x
b_toeweddir;Toeweddir;;;;;;;;;;;;;x
b_galdos;Galdos;;;;;;;;;;;;;x
b_seilz;Seilz;;;;;;;;;;;;;x
b_undark;Undark;;;;;;;;;;;;;x
b_anhoyantis;Anhoyantis;;;;;;;;;;;;;x
b_anhoyantis_2;Anhoyantis;;;;;;;;;;;;;x
b_kauseter_2;Kauseter_2;;;;;;;;;;;;;x
b_qerenr;Qerenr;;;;;;;;;;;;;x
b_lard;Lard;;;;;;;;;;;;;x
b_rerenr;Rerenr;;;;;;;;;;;;;x
b_kogiam;Kogiam;;;;;;;;;;;;;x
b_erard;Erard;;;;;;;;;;;;;x
b_kauseter;Kauseter;;;;;;;;;;;;;x
b_lafard;Lafard;;;;;;;;;;;;;x
b_tuigl;Tuigl;;;;;;;;;;;;;x
b_pejv;Pejv;;;;;;;;;;;;;x
b_qutan;Qutan;;;;;;;;;;;;;x
b_avnube;Avnube;;;;;;;;;;;;;x
b_balmon;Balmon;;;;;;;;;;;;;x
b_luronas;Luronas;;;;;;;;;;;;;x
b_tuupo;Tuupo;;;;;;;;;;;;;x
b_ricia;Ricia;;;;;;;;;;;;;x
b_zebberan;Zebberan;;;;;;;;;;;;;x
b_kunedyad;Kunedyad;;;;;;;;;;;;;x
b_esalos;Esalos;;;;;;;;;;;;;x
b_qediva;Qediva;;;;;;;;;;;;;x
b_dyuriza;Dyuriza;;;;;;;;;;;;;x
b_wiza;Wiza;;;;;;;;;;;;;x
b_talodis;Talodis;;;;;;;;;;;;;x
b_kerafer;Kerafer;;;;;;;;;;;;;x
b_nubodis;Nubodis;;;;;;;;;;;;;x
b_sogard;Sogard;;;;;;;;;;;;;x
b_ruird;Ruird;;;;;;;;;;;;;x
b_duneter;Duneter;;;;;;;;;;;;;x
b_tudald;Tudald;;;;;;;;;;;;;x
b_tariam;Tariam;;;;;;;;;;;;;x
b_kafina;Kafina;;;;;;;;;;;;;x
b_siula-va;Siula-va;;;;;;;;;;;;;x
b_tionyak;Tionyak;;;;;;;;;;;;;x
b_afyka;Afyka;;;;;;;;;;;;;x
b_tepigel;Tepigel;;;;;;;;;;;;;x
b_emicyak;Emicyak;;;;;;;;;;;;;x
b_baride;Baride;;;;;;;;;;;;;x
b_ehenea;Ehenea;;;;;;;;;;;;;x
b_rokaul;Rokaul;;;;;;;;;;;;;x
b_suyasz;Suyasz;;;;;;;;;;;;;x
b_qililia;Qililia;;;;;;;;;;;;;x
b_bucurla;Bucurla;;;;;;;;;;;;;x
b_rokanca;Rokanca;;;;;;;;;;;;;x
b_qucurla;Qucurla;;;;;;;;;;;;;x
b_emaleshi;Emaleshi;;;;;;;;;;;;;x
b_adrucha;Adrucha;;;;;;;;;;;;;x
b_larman;Larman;;;;;;;;;;;;;x
b_qavid;Qavid;;;;;;;;;;;;;x
b_emenavid;Emenavid;;;;;;;;;;;;;x
b_letoan;Letoan;;;;;;;;;;;;;x
b_kanuyi;Kanuyi;;;;;;;;;;;;;x
b_roriek;Roriek;;;;;;;;;;;;;x
b_noriyah;Noriyah;;;;;;;;;;;;;x
b_ebasada;Ebasada;;;;;;;;;;;;;x
b_bogonel;Bogonel;;;;;;;;;;;;;x
b_emanigo;Emanigo;;;;;;;;;;;;;x
b_korilan;Korilan;;;;;;;;;;;;;x
b_sanacik;Sanacik;;;;;;;;;;;;;x
b_edudanga;Edudanga;;;;;;;;;;;;;x
b_temme;Temme;;;;;;;;;;;;;x
b_welachos;Welachos;;;;;;;;;;;;;x
b_ritirje;Ritirje;;;;;;;;;;;;;x
b_nirelg;Nirelg;;;;;;;;;;;;;x
b_turiur;Turiur;;;;;;;;;;;;;x
b_wayanda;Wayanda;;;;;;;;;;;;;x
b_nanache;Nanache;;;;;;;;;;;;;x
b_achamite;Achamite;;;;;;;;;;;;;x
b_ejayae;Ejayae;;;;;;;;;;;;;x
b_tonachos;Tonachos;;;;;;;;;;;;;x
b_saarie;Saarie;;;;;;;;;;;;;x
b_beiragan;Beiragan;;;;;;;;;;;;;x
b_tonengo;Tonengo;;;;;;;;;;;;;x
b_karia;Karia;;;;;;;;;;;;;x
b_kolam;Kolam;;;;;;;;;;;;;x
b_benam;Benam;;;;;;;;;;;;;x
b_eleoxa;Eleoxa;;;;;;;;;;;;;x
b_qathuoch;Qathuoch;;;;;;;;;;;;;x
b_tarele;Tarele;;;;;;;;;;;;;x
b_sathe;Sathe;;;;;;;;;;;;;x
b_kieti;Kieti;;;;;;;;;;;;;x
b_wohmas;Wohmas;;;;;;;;;;;;;x
b_kogapur;Kogapur;;;;;;;;;;;;;x
b_arosapur;Arosapur;;;;;;;;;;;;;x
b_licabet;Licabet;;;;;;;;;;;;;x
b_taladih;Taladih;;;;;;;;;;;;;x
b_aneri;Aneri;;;;;;;;;;;;;x
b_akasipan;Akasipan;;;;;;;;;;;;;x
b_angipan;Angipan;;;;;;;;;;;;;x
b_qabyau;Qabyau;;;;;;;;;;;;;x
b_kopat;Kopat;;;;;;;;;;;;;x
b_tilyau;Tilyau;;;;;;;;;;;;;x
b_kudusa;Kudusa;;;;;;;;;;;;;x
b_renaya;Renaya;;;;;;;;;;;;;x
b_tudana;Tudana;;;;;;;;;;;;;x
b_damana;Damana;;;;;;;;;;;;;x
b_ekasita;Ekasita;;;;;;;;;;;;;x
b_rabyau;Rabyau;;;;;;;;;;;;;x
b_nudita;Nudita;;;;;;;;;;;;;x
b_kaqube;Kaqube;;;;;;;;;;;;;x
b_amsoj;Amsoj;;;;;;;;;;;;;x
b_ratal;Ratal;;;;;;;;;;;;;x
b_tiroj;Tiroj;;;;;;;;;;;;;x
b_nataya;Nataya;;;;;;;;;;;;;x
b_basusa;Basusa;;;;;;;;;;;;;x
b_taboj;Taboj;;;;;;;;;;;;;x
b_sonlin;Sonlin;;;;;;;;;;;;;x
b_liripan;Liripan;;;;;;;;;;;;;x
b_simhi;Simhi;;;;;;;;;;;;;x
b_kusa;Kusa;;;;;;;;;;;;;x
b_wenana;Wenana;;;;;;;;;;;;;x
b_bamita;Bamita;;;;;;;;;;;;;x
b_budana;Budana;;;;;;;;;;;;;x
b_bedana;Bedana;;;;;;;;;;;;;x
b_talaya;Talaya;;;;;;;;;;;;;x
b_tengiga;Tengiga;;;;;;;;;;;;;x
b_biviga;Biviga;;;;;;;;;;;;;x
b_nelor;Nelor;;;;;;;;;;;;;x
b_lakuifr;Lakuifr;;;;;;;;;;;;;x
b_aqutohn;Aqutohn;;;;;;;;;;;;;x
b_runod;Runod;;;;;;;;;;;;;x
b_luzick;Luzick;;;;;;;;;;;;;x
b_kalulam;Kalulam;;;;;;;;;;;;;x
b_lerali;Lerali;;;;;;;;;;;;;x
b_agreik;Agreik;;;;;;;;;;;;;x
b_taluci;Taluci;;;;;;;;;;;;;x
b_toanapa;Toanapa;;;;;;;;;;;;;x
b_nerapa;Nerapa;;;;;;;;;;;;;x
b_raaruci;Raaruci;;;;;;;;;;;;;x
b_nulam;Nulam;;;;;;;;;;;;;x
b_qausasa;Qausasa;;;;;;;;;;;;;x
b_lakelek;Lakelek;;;;;;;;;;;;;x
b_tamana;Tamana;;;;;;;;;;;;;x
b_kelana;Kelana;;;;;;;;;;;;;x
b_qesezh;Qesezh;;;;;;;;;;;;;x
b_kakezh;Kakezh;;;;;;;;;;;;;x
b_qiyuina;Qiyuina;;;;;;;;;;;;;x
b_ekamacja;Ekamacja;;;;;;;;;;;;;x
b_besayel;Besayel;;;;;;;;;;;;;x
b_elelosgi;Elelosgi;;;;;;;;;;;;;x
b_bausian;Bausian;;;;;;;;;;;;;x
b_bogava;Bogava;;;;;;;;;;;;;x
b_bamacja;Bamacja;;;;;;;;;;;;;x
b_rausana;Rausana;;;;;;;;;;;;;x
b_taleik;Taleik;;;;;;;;;;;;;x
b_balilia;Balilia;;;;;;;;;;;;;x
b_ahory;Ahory;;;;;;;;;;;;;x
b_kinora;Kinora;;;;;;;;;;;;;x
b_sasawa;Sasawa;;;;;;;;;;;;;x
b_kinacja;Kinacja;;;;;;;;;;;;;x
b_alotian;Alotian;;;;;;;;;;;;;x
b_teusz;Teusz;;;;;;;;;;;;;x
b_rinory;Rinory;;;;;;;;;;;;;x
b_sekomas;Sekomas;;;;;;;;;;;;;x
b_laytiza;Laytiza;;;;;;;;;;;;;x
b_rulili;Rulili;;;;;;;;;;;;;x
b_qeradga;Qeradga;;;;;;;;;;;;;x
b_rubiza;Rubiza;;;;;;;;;;;;;x
b_rulomas;Rulomas;;;;;;;;;;;;;x
b_atekaih;Atekaih;;;;;;;;;;;;;x
b_narilie;Narilie;;;;;;;;;;;;;x
b_athamzeh;Athamzeh;;;;;;;;;;;;;x
b_ejaletri;Ejaletri;;;;;;;;;;;;;x
b_doini;Doini;;;;;;;;;;;;;x
b_talamr;Talamr;;;;;;;;;;;;;x
b_sidadih;Sidadih;;;;;;;;;;;;;x
b_kidapur;Kidapur;;;;;;;;;;;;;x
b_rogeri;Rogeri;;;;;;;;;;;;;x
b_egalehua;Egalehua;;;;;;;;;;;;;x
b_kulaule;Kulaule;;;;;;;;;;;;;x
b_toloatl;Toloatl;;;;;;;;;;;;;x
b_neroatl;Neroatl;;;;;;;;;;;;;x
b_ralagh;Ralagh;;;;;;;;;;;;;x
b_alehua;Alehua;;;;;;;;;;;;;x
b_tosorso;Tosorso;;;;;;;;;;;;;x
b_midzia;Midzia;;;;;;;;;;;;;x
b_atara-va;Atara-va;;;;;;;;;;;;;x
b_ademein;Ademein;;;;;;;;;;;;;x
b_tacotil;Tacotil;;;;;;;;;;;;;x
b_nipide;Nipide;;;;;;;;;;;;;x
b_tafiake;Tafiake;;;;;;;;;;;;;x
b_narodin;Narodin;;;;;;;;;;;;;x
b_lamek;Lamek;;;;;;;;;;;;;x
b_laul;Laul;;;;;;;;;;;;;x
b_taaela;Taaela;;;;;;;;;;;;;x
b_kideald;Kideald;;;;;;;;;;;;;x
b_diseric;Diseric;;;;;;;;;;;;;x
b_avisuigi;Avisuigi;;;;;;;;;;;;;x
b_ratinda;Ratinda;;;;;;;;;;;;;x
b_haanok;Haanok;;;;;;;;;;;;;x
b_rietatu;Rietatu;;;;;;;;;;;;;x
b_kuick;Kuick;;;;;;;;;;;;;x
b_runius;Runius;;;;;;;;;;;;;x
b_agiazatu;Agiazatu;;;;;;;;;;;;;x
b_segica;Segica;;;;;;;;;;;;;x
b_efaqamne;Efaqamne;;;;;;;;;;;;;x
b_raqinda;Raqinda;;;;;;;;;;;;;x
b_damiyahu;Damiyahu;;;;;;;;;;;;;x
b_kaniyahu;Kaniyahu;;;;;;;;;;;;;x
b_wamuozhe;Wamuozhe;;;;;;;;;;;;;x
b_rurel;Rurel;;;;;;;;;;;;;x
b_qonarie;Qonarie;;;;;;;;;;;;;x
b_ebaiyuan;Ebaiyuan;;;;;;;;;;;;;x
b_romaury;Romaury;;;;;;;;;;;;;x
b_seroo;Seroo;;;;;;;;;;;;;x
b_wirisa;Wirisa;;;;;;;;;;;;;x
b_kyousart;Kyousart;;;;;;;;;;;;;x
b_nitabzal;Nitabzal;;;;;;;;;;;;;x
b_karesa;Karesa;;;;;;;;;;;;;x
b_niramur;Niramur;;;;;;;;;;;;;x
b_ranuno;Ranuno;;;;;;;;;;;;;x
b_byousesa;Byousesa;;;;;;;;;;;;;x
b_tosail;Tosail;;;;;;;;;;;;;x
b_selg;Selg;;;;;;;;;;;;;x
b_kyaila;Kyaila;;;;;;;;;;;;;x
b_syoit;Syoit;;;;;;;;;;;;;x
b_wundes;Wundes;;;;;;;;;;;;;x
b_niutus;Niutus;;;;;;;;;;;;;x
b_niiam;Niiam;;;;;;;;;;;;;x
b_wanail;Wanail;;;;;;;;;;;;;x
b_raigelve;Raigelve;;;;;;;;;;;;;x
b_nosutus;Nosutus;;;;;;;;;;;;;x
b_syamiz;Syamiz;;;;;;;;;;;;;x
b_amirelve;Amirelve;;;;;;;;;;;;;x
b_bomez;Bomez;;;;;;;;;;;;;x
b_daila;Daila;;;;;;;;;;;;;x
b_anarie;Anarie;;;;;;;;;;;;;x
b_ralagan;Ralagan;;;;;;;;;;;;;x
b_keirite;Keirite;;;;;;;;;;;;;x
b_ramel;Ramel;;;;;;;;;;;;;x
b_lonise;Lonise;;;;;;;;;;;;;x
b_bamote;Bamote;;;;;;;;;;;;;x
b_anaury;Anaury;;;;;;;;;;;;;x
b_kunoan;Kunoan;;;;;;;;;;;;;x
b_kiyuan;Kiyuan;;;;;;;;;;;;;x
b_quyi;Quyi;;;;;;;;;;;;;x
b_wetiuva;Wetiuva;;;;;;;;;;;;;x
b_tachos;Tachos;;;;;;;;;;;;;x
b_tyaririn;Tyaririn;;;;;;;;;;;;;x
b_setuyi;Setuyi;;;;;;;;;;;;;x
b_teudiva;Teudiva;;;;;;;;;;;;;x
b_kisuyi;Kisuyi;;;;;;;;;;;;;x
b_tiutta;Tiutta;;;;;;;;;;;;;x
b_ekida;Ekida;;;;;;;;;;;;;x
b_eciva;Eciva;;;;;;;;;;;;;x
b_lardus;Lardus;;;;;;;;;;;;;x
b_keslav;Keslav;;;;;;;;;;;;;x
b_koreslav;Koreslav;;;;;;;;;;;;;x
b_qubatu;Qubatu;;;;;;;;;;;;;x
b_avarune;Avarune;;;;;;;;;;;;;x
b_baroman;Baroman;;;;;;;;;;;;;x
b_lusanz;Lusanz;;;;;;;;;;;;;x
b_tuopa;Tuopa;;;;;;;;;;;;;x
b_nubosir;Nubosir;;;;;;;;;;;;;x
b_ricoa;Ricoa;;;;;;;;;;;;;x
b_nucurla;Nucurla;;;;;;;;;;;;;x
b_kulisek;Kulisek;;;;;;;;;;;;;x
b_eruirta;Eruirta;;;;;;;;;;;;;x
b_buyanda;Buyanda;;;;;;;;;;;;;x
b_taaul;Taaul;;;;;;;;;;;;;x
b_nuinda;Nuinda;;;;;;;;;;;;;x
b_romisek;Romisek;;;;;;;;;;;;;x
b_linateh;Linateh;;;;;;;;;;;;;x
b_bageid;Bageid;;;;;;;;;;;;;x
b_qinam;Qinam;;;;;;;;;;;;;x
b_teufiat;Teufiat;;;;;;;;;;;;;x
b_tapuala;Tapuala;;;;;;;;;;;;;x
b_keram;Keram;;;;;;;;;;;;;x
b_rager;Rager;;;;;;;;;;;;;x
b_leid;Leid;;;;;;;;;;;;;x
b_kasani;Kasani;;;;;;;;;;;;;x
b_liat;Liat;;;;;;;;;;;;;x
b_sinani;Sinani;;;;;;;;;;;;;x
b_baeth;Baeth;;;;;;;;;;;;;x
b_teid;Teid;;;;;;;;;;;;;x
b_sacabai;Sacabai;;;;;;;;;;;;;x
b_laeth;Laeth;;;;;;;;;;;;;x
b_beonl;Beonl;;;;;;;;;;;;;x
b_watan;Watan;;;;;;;;;;;;;x
b_rilamba;Rilamba;;;;;;;;;;;;;x
b_qolacik;Qolacik;;;;;;;;;;;;;x
b_kurugel;Kurugel;;;;;;;;;;;;;x
b_natugel;Natugel;;;;;;;;;;;;;x
b_enurapur;Enurapur;;;;;;;;;;;;;x
b_nbalena;Nbalena;;;;;;;;;;;;;x
b_banemid;Banemid;;;;;;;;;;;;;x
b_dohn;Dohn;;;;;;;;;;;;;x
b_lugisey;Lugisey;;;;;;;;;;;;;x
b_nugena;Nugena;;;;;;;;;;;;;x
b_akusha;Akusha;;;;;;;;;;;;;x
b_begisey;Begisey;;;;;;;;;;;;;x
b_barolk;Barolk;;;;;;;;;;;;;x
b_weralia;Weralia;;;;;;;;;;;;;x
b_tafava;Tafava;;;;;;;;;;;;;x
b_tereloc;Tereloc;;;;;;;;;;;;;x
b_ralaide;Ralaide;;;;;;;;;;;;;x
b_buisas;Buisas;;;;;;;;;;;;;x
b_larusha;Larusha;;;;;;;;;;;;;x
b_lahto;Lahto;;;;;;;;;;;;;x
b_tugopluk;Tugopluk;;;;;;;;;;;;;x
b_enirker;Enirker;;;;;;;;;;;;;x
b_naleloc;Naleloc;;;;;;;;;;;;;x
b_aberusha;Aberusha;;;;;;;;;;;;;x
b_kugalia;Kugalia;;;;;;;;;;;;;x
b_rokena;Rokena;;;;;;;;;;;;;x
b_nolobedta;Nolobedta;;;;;;;;;;;;;x
b_qegeloc;Qegeloc;;;;;;;;;;;;;x
b_qarnas;Qarnas;;;;;;;;;;;;;x
b_ralolk;Ralolk;;;;;;;;;;;;;x
b_nosopluk;Nosopluk;;;;;;;;;;;;;x
b_tafaria;Tafaria;;;;;;;;;;;;;x
b_wugusha;Wugusha;;;;;;;;;;;;;x
b_difar;Difar;;;;;;;;;;;;;x
b_ahamusha;Ahamusha;;;;;;;;;;;;;x
b_egaria;Egaria;;;;;;;;;;;;;x
b_ahamimia;Ahamimia;;;;;;;;;;;;;x
b_luisohn;Luisohn;;;;;;;;;;;;;x
b_lokohn;Lokohn;;;;;;;;;;;;;x
b_obusha;Obusha;;;;;;;;;;;;;x
b_ekava;Ekava;;;;;;;;;;;;;x
b_kaneloc;Kaneloc;;;;;;;;;;;;;x
b_baloi;Baloi;;;;;;;;;;;;;x
b_rilemid;Rilemid;;;;;;;;;;;;;x
b_kugillip;Kugillip;;;;;;;;;;;;;x
b_derena;Derena;;;;;;;;;;;;;x
b_kafoi;Kafoi;;;;;;;;;;;;;x
b_qilohn;Qilohn;;;;;;;;;;;;;x
b_nalu-rezda;Nalu-Rezda;;;;;;;;;;;;;x
b_kalalia;Kalalia;;;;;;;;;;;;;x
b_tigeloc;Tigeloc;;;;;;;;;;;;;x
b_kyllip;Kyllip;;;;;;;;;;;;;x
b_aberiva;Aberiva;;;;;;;;;;;;;x
b_safemid;Safemid;;;;;;;;;;;;;x
b_walzim;Walzim;;;;;;;;;;;;;x
b_tilisey;Tilisey;;;;;;;;;;;;;x
b_bugas;Bugas;;;;;;;;;;;;;x
b_tasolk;Tasolk;;;;;;;;;;;;;x
b_esalemid;Esalemid;;;;;;;;;;;;;x
b_amaide;Amaide;;;;;;;;;;;;;x
b_nasava;Nasava;;;;;;;;;;;;;x
b_qerker;Qerker;;;;;;;;;;;;;x
b_nalolk;Nalolk;;;;;;;;;;;;;x
b_bafun;Bafun;;;;;;;;;;;;;x
b_nugusha;Nugusha;;;;;;;;;;;;;x
b_tugolk;Tugolk;;;;;;;;;;;;;x
b_amafas;Amafas;;;;;;;;;;;;;x
b_qasusha;Qasusha;;;;;;;;;;;;;x
b_zegava;Zegava;;;;;;;;;;;;;x
b_kokimia;Kokimia;;;;;;;;;;;;;x
b_vatapolk;Vatapolk;;;;;;;;;;;;;x
b_bamusha;Bamusha;;;;;;;;;;;;;x
b_lugaide;Lugaide;;;;;;;;;;;;;x
b_kilava;Kilava;;;;;;;;;;;;;x
b_laremid;Laremid;;;;;;;;;;;;;x
b_kanim;Kanim;;;;;;;;;;;;;x
b_zuttor;Zuttor;;;;;;;;;;;;;x
b_safisey;Safisey;;;;;;;;;;;;;x
b_pantela;Pantela;;;;;;;;;;;;;x
b_qalena;Qalena;;;;;;;;;;;;;x
b_limia;Limia;;;;;;;;;;;;;x
b_rugaria;Rugaria;;;;;;;;;;;;;x
b_doharb;Doharb;;;;;;;;;;;;;x
b_berusha;Berusha;;;;;;;;;;;;;x
b_gamaria;Gamaria;;;;;;;;;;;;;x
b_angusha;Angusha;;;;;;;;;;;;;x
b_kugemid;Kugemid;;;;;;;;;;;;;x
b_bankolk;Bankolk;;;;;;;;;;;;;x
b_qerohn;Qerohn;;;;;;;;;;;;;x
b_nokitta;Nokitta;;;;;;;;;;;;;x
b_talis;Talis;;;;;;;;;;;;;x
b_kikuk;Kikuk;;;;;;;;;;;;;x
b_wisetten;Wisetten;;;;;;;;;;;;;x
b_kerard;Kerard;;;;;;;;;;;;;x
b_sukalis;Sukalis;;;;;;;;;;;;;x
b_qikais;Qikais;;;;;;;;;;;;;x
b_nerisey;Nerisey;;;;;;;;;;;;;x
b_waldis;Waldis;;;;;;;;;;;;;x
b_tarolk;Tarolk;;;;;;;;;;;;;x
b_bugohn;Bugohn;;;;;;;;;;;;;x
b_qegema;Qegema;;;;;;;;;;;;;x
b_dugillip;Dugillip;;;;;;;;;;;;;x
b_ralpehn;Ralpehn;;;;;;;;;;;;;x
b_poltera;Poltera;;;;;;;;;;;;;x
b_kaisas;Kaisas;;;;;;;;;;;;;x
b_ekugon;Ekugon;;;;;;;;;;;;;x
b_tokusha;Tokusha;;;;;;;;;;;;;x
b_jeras;Jeras;;;;;;;;;;;;;x
b_qugali;Qugali;;;;;;;;;;;;;x
b_kojib;Kojib;;;;;;;;;;;;;x
b_tenerga;Tenerga;;;;;;;;;;;;;x
b_wenulf;Wenulf;;;;;;;;;;;;;x
b_adutsen;Adutsen;;;;;;;;;;;;;x
b_lojnor;Lojnor;;;;;;;;;;;;;x
b_dulakra;Dulakra;;;;;;;;;;;;;x
b_arupuba;Arupuba;;;;;;;;;;;;;x
b_deculf;Deculf;;;;;;;;;;;;;x
b_tezeib;Tezeib;;;;;;;;;;;;;x
b_kevesla;Kevesla;;;;;;;;;;;;;x
b_wularga;Wularga;;;;;;;;;;;;;x
b_bojeib;Bojeib;;;;;;;;;;;;;x
b_qalt;Qalt;;;;;;;;;;;;;x
b_rupalt;Rupalt;;;;;;;;;;;;;x
b_rupalt_2;Rupalt_2;;;;;;;;;;;;;x
b_agohn;Agoihn;;;;;;;;;;;;;x
b_agohn_2;Agoihn_2;;;;;;;;;;;;;x
b_keroi;Keroi;;;;;;;;;;;;;x
b_revimia;Revimia;;;;;;;;;;;;;x
b_sugimia;Sugimia;;;;;;;;;;;;;x
b_reroi;Reroi;;;;;;;;;;;;;x
b_lokemid;Lokemid;;;;;;;;;;;;;x
b_nalalia;Nalalia;;;;;;;;;;;;;x
b_wemid;Wemid;;;;;;;;;;;;;x
b_dafaide;Dafaide;;;;;;;;;;;;;x
b_safohn;Safohn;;;;;;;;;;;;;x
b_rokohn;Rokohn;;;;;;;;;;;;;x
b_tokopluk;Tokopluk;;;;;;;;;;;;;x
b_nafolk;Nafolk;;;;;;;;;;;;;x
b_tuisohn;Tuisohn;;;;;;;;;;;;;x
b_efais;Efais;;;;;;;;;;;;;
b_darotra;Darotra;;;;;;;;;;;;;
b_rilolf;Rilolf;;;;;;;;;;;;;
b_wibora;Wibora;;;;;;;;;;;;;
b_sitora;Sitora;;;;;;;;;;;;;
b_iladra;Iladra;;;;;;;;;;;;;
b_evukora;Evukora;;;;;;;;;;;;;
b_beneld;Beneld;;;;;;;;;;;;;
b_lanort;Lanort;;;;;;;;;;;;;
b_baqis;Baqis;;;;;;;;;;;;;
b_wetadra;Wetadra;;;;;;;;;;;;;
b_negedey;Negedey;;;;;;;;;;;;;
b_taredey;Taredey;;;;;;;;;;;;;
b_asularse;Asularse;;;;;;;;;;;;;
b_kaledey;Kaledey;;;;;;;;;;;;;
b_degosh;Degosh;;;;;;;;;;;;;
b_abiladra;Abiladra;;;;;;;;;;;;;
b_dulakva;Dulakva;;;;;;;;;;;;;
b_atedey;Atedey;;;;;;;;;;;;;
b_kayarse;Kayarse;;;;;;;;;;;;;
b_ubnosh;Ubnosh;;;;;;;;;;;;;
b_cikort;Cikort;;;;;;;;;;;;;
b_tukadra;Tukadra;;;;;;;;;;;;;
b_kiyava;Kiyava;;;;;;;;;;;;;
b_echort;Echort;;;;;;;;;;;;;
b_baysuba;Baysuba;;;;;;;;;;;;;
b_saysa;Saysa;;;;;;;;;;;;;
b_nanadra;Nanadra;;;;;;;;;;;;;
b_ocar;Ocar;;;;;;;;;;;;;
b_wutsen;Wutsen;;;;;;;;;;;;;
b_dyose;Dyose;;;;;;;;;;;;;
b_tezolk;Tezolk;;;;;;;;;;;;;
b_anuba;Anuba;;;;;;;;;;;;;
b_karze;Karze;;;;;;;;;;;;;
b_enyaina;Enyaina;;;;;;;;;;;;;
b_kisonne;Kisonne;;;;;;;;;;;;;
b_sariel_2;Sariel_2;;;;;;;;;;;;;
b_tunabhan_2;Tunabhan_2;;;;;;;;;;;;;
b_talart_2;Talart_2;;;;;;;;;;;;;
b_temonde_2;Temonde_2;;;;;;;;;;;;;
b_balonne_2;Balonne_2;;;;;;;;;;;;;
b_teinot_2;Teinot_2;;;;;;;;;;;;;
b_koraud_2;Koraud_2;;;;;;;;;;;;;
b_byeld;Byeld;;;;;;;;;;;;;
b_wilaud_2;Wilaud_2;;;;;;;;;;;;;
b_nazcata_2;Nazcata_2;;;;;;;;;;;;;
b_welana_2;Welana_2;;;;;;;;;;;;;
b_welana_3;Welana_3;;;;;;;;;;;;;
b_todank_2;Todank_2;;;;;;;;;;;;;
b_rahar_2;Rahar_2;;;;;;;;;;;;;
b_liveid_2;Liveid_2;;;;;;;;;;;;;
b_qodama_2;Qodama_2;;;;;;;;;;;;;
b_qapeta_2;Qapeta_2;;;;;;;;;;;;;
b_tazcaret_2;Tazcaret_2;;;;;;;;;;;;;
b_pentre_2;Pentre_2;;;;;;;;;;;;;
b_sodalla_2;Sodalla_2;;;;;;;;;;;;;
b_daasul_2;Daasul_2;;;;;;;;;;;;;
b_turalla_2;Turalla_2;;;;;;;;;;;;;
b_kurama_2;Kurama_2;;;;;;;;;;;;;
b_ekonirek_2;Ekonirek_2;;;;;;;;;;;;;
b_tavoti_2;Tavoti_2;;;;;;;;;;;;;
b_qivar_2;Qivar_2;;;;;;;;;;;;;
b_nodoti_2;Nodoti_2;;;;;;;;;;;;;
b_ezuisush_2;Ezuisush_2;;;;;;;;;;;;;
b_nodar_2;Nodar_2;;;;;;;;;;;;;
b_luo-dezo;Luo Dezo;;;;;;;;;;;;;
b_dyaveta_2;Dyaveta_2;;;;;;;;;;;;;
b_dazcalar_2;Dazcalar_2;;;;;;;;;;;;;
b_aquat_2;Aquat_2;;;;;;;;;;;;;
b_rodoja_2;Rodoja_2;;;;;;;;;;;;;
b_taparet_2;Taparet_2;;;;;;;;;;;;;
b_bososgi_2;Bososgi_2;;;;;;;;;;;;;
b_kaxidon_2;Kaxidon_2;;;;;;;;;;;;;
b_buahr_2;Buahr_2;;;;;;;;;;;;;
b_astovmas_2;Astovmas_2;;;;;;;;;;;;;
b_wazcatri_2;Wazcatri_2;;;;;;;;;;;;;
b_kaxael_2;Kaxael_2;;;;;;;;;;;;;
b_tiuceid_2;Tiuceid_2;;;;;;;;;;;;;
b_alita_2;Alita_2;;;;;;;;;;;;;
b_boseid_2;Boseid_2;;;;;;;;;;;;;
b_amazeuta_2;Amazeuta_2;;;;;;;;;;;;;
b_nagitri_2;Nagitri_2;;;;;;;;;;;;;
b_tapael_2;Tapael_2;;;;;;;;;;;;;
b_wenana_2;Wenana_2;;;;;;;;;;;;;
b_qodalla_2;Qodalla_2;;;;;;;;;;;;;
b_sahitri_2;Sahitri_2;;;;;;;;;;;;;
b_ezuisena_2;Ezuisena_2;;;;;;;;;;;;;
b_tuisoti_2;Tuisoti_2;;;;;;;;;;;;;
b_regoti_2;Regoti_2;;;;;;;;;;;;;
b_erivaton_2;Erivaton_2;;;;;;;;;;;;;
b_akositri_2;Akositri_2;;;;;;;;;;;;;
b_kajush_2;Kajush_2;;;;;;;;;;;;;
b_buroti_2;Buroti_2;;;;;;;;;;;;;
b_nivaton_2;Nivaton_2;;;;;;;;;;;;;
b_syilalla_2;Syilalla_2;;;;;;;;;;;;;
b_rivush_2;Rivush_2;;;;;;;;;;;;;
b_kegsel_2;Kegsel_2;;;;;;;;;;;;;
b_isiral_2;Isiral_2;;;;;;;;;;;;;
b_tajoti_2;Tajoti_2;;;;;;;;;;;;;
b_ratama_2;Ratama_2;;;;;;;;;;;;;
b_tegama_2;Tegama_2;;;;;;;;;;;;;
b_radund_2;Radund_2;;;;;;;;;;;;;
b_akegoti_2;Akegoti_2;;;;;;;;;;;;;
b_biveuta_2;Biveuta_2;;;;;;;;;;;;;
b_lazaret_2;Lazaret_2;;;;;;;;;;;;;
b_enanush_2;Enanush_2;;;;;;;;;;;;;
b_kahana_2;Kahana_2;;;;;;;;;;;;;
b_dyilena_2;Dyilena_2;;;;;;;;;;;;;
b_bavadeva_2;Bavadeva_2;;;;;;;;;;;;;
b_nank;Nank;;;;;;;;;;;;;
b_qyavoja_2;Qyavoja_2;;;;;;;;;;;;;
b_lodena_2;Lodena_2;;;;;;;;;;;;;
b_razeuta_2;Razeuta_2;;;;;;;;;;;;;
b_wahama_2;Wahama_2;;;;;;;;;;;;;
b_bazarim_2;Bazarim_2;;;;;;;;;;;;;
b_kavulger_2;Kavulger_2;;;;;;;;;;;;;
b_roditri_2;Roditri_2;;;;;;;;;;;;;
b_ryaotar_2;Ryaotar_2;;;;;;;;;;;;;
b_napeid_2;Napeid_2;;;;;;;;;;;;;
b_qageta_2;Qageta_2;;;;;;;;;;;;;
b_ryilama_2;Ryilama_2;;;;;;;;;;;;;
b_dunanis_2;Dunanis_2;;;;;;;;;;;;;
b_semaria_2;Semaria_2;;;;;;;;;;;;;
b_reiner_2;Reiner_2;;;;;;;;;;;;;
b_iztoren_2;Iztoren_2;;;;;;;;;;;;;
b_gamaxo_2;Gamaxo_2;;;;;;;;;;;;;
b_bomein_2;Bomein_2;;;;;;;;;;;;;
b_tofeid;Tofeid;;;;;;;;;;;;;
b_tofeid_2;Tofeid_2;;;;;;;;;;;;;
b_hollowhill_2;Hollowhill_2;;;;;;;;;;;;;
b_mourao_2;Mourao_2;;;;;;;;;;;;;
b_rumule_2;Rumule_2;;;;;;;;;;;;;
b_alpuente_2;Alpuente_2;;;;;;;;;;;;;
b_alcalaten_2;Alcalaten_2;;;;;;;;;;;;;
b_alcalaten_3;Alcalaten_3;;;;;;;;;;;;;
b_castromoro_2;Castromoro_2;;;;;;;;;;;;;
b_suances_2;Suances_2;;;;;;;;;;;;;
b_bozew_2;Bozew_2;;;;;;;;;;;;;
b_montalban_2;Montalban_2;;;;;;;;;;;;;
b_montalban_3;Montalban_3;;;;;;;;;;;;;
b_calmarza_2;Calmarza_2;;;;;;;;;;;;;
b_igueras_2;Igueras_2;;;;;;;;;;;;;
b_solsona_2;Solsona_2;;;;;;;;;;;;;
b_wijard_2;Wijard_2;;;;;;;;;;;;;
b_danory_2;Danory_2;;;;;;;;;;;;;
b_manacor_2;Manacor_2;;;;;;;;;;;;;
b_bilbao_2;Bilbao_2;;;;;;;;;;;;;
b_azbian_2;Azbian_2;;;;;;;;;;;;;
b_tudela_2;Tudela_2;;;;;;;;;;;;;
b_logrone_2;Logrone_2;;;;;;;;;;;;;
b_kozika_2;Kozika_2;;;;;;;;;;;;;
b_rumeuta_2;Rumeuta_2;;;;;;;;;;;;;
b_rozana_2;Rozana_2;;;;;;;;;;;;;
b_luarca_2;Luarca_2;;;;;;;;;;;;;
b_windis_2;Windis_2;;;;;;;;;;;;;
b_kozyulino_2;Kozyulino_2;;;;;;;;;;;;;
b_tupeza_2;Tupeza 2;;;;;;;;;;;;;x
b_erseos_2;Erseos 2;;;;;;;;;;;;;x
b_nenmael_2;Nenmael 2;;;;;;;;;;;;;x
b_hlasthyn_2;Hlasthyn 2;;;;;;;;;;;;;x
b_sdebalun;Sdebalun;;;;;;;;;;;;;x
b_chiboi_2;Chiboi 2;;;;;;;;;;;;;x
b_azbory_2;Azbory_2;;;;;;;;;;;;;
b_azbory_3;Azbory_3;;;;;;;;;;;;;
b_amaxarim_2;Amaxarim_2;;;;;;;;;;;;;
b_bunezo_2;Bunezo_2;;;;;;;;;;;;;
b_dian_2;Dian_2;;;;;;;;;;;;;
b_padory_2;Padory_2;;;;;;;;;;;;;
b_sanule_2;Sanule_2;;;;;;;;;;;;;
b_sanule_3;Sanule_3;;;;;;;;;;;;;
b_akulew_2;Akulew_2;;;;;;;;;;;;;
b_akulew_3;Akulew_3;;;;;;;;;;;;;
b_dinali_2;Dinali_2;;;;;;;;;;;;;
b_dinali_3;Dinali_3;;;;;;;;;;;;;
b_renian_2;Renian_2;;;;;;;;;;;;;
b_renian_3;Renian_3;;;;;;;;;;;;;
b_tanew_2;Tanew_2;;;;;;;;;;;;;
b_tanew_3;Tanew_3;;;;;;;;;;;;;
b_belita_2;Belita_2;;;;;;;;;;;;;
b_leuta_2;Leuta_2;;;;;;;;;;;;;
b_leuta_3;Leuta_3;;;;;;;;;;;;;
b_kaxar_2;Kaxar_2;;;;;;;;;;;;;
b_kaxar_3;Kaxar_3;;;;;;;;;;;;;
b_lorirma_2;Lorirma_2;;;;;;;;;;;;;
b_lorirma_3;Lorirma_3;;;;;;;;;;;;;
b_ninan_2;Ninan_2;;;;;;;;;;;;;
b_ninan_3;Ninan_3;;;;;;;;;;;;;
b_qililen_2;Qililen_2;;;;;;;;;;;;;
b_qililen_3;Qililen_3;;;;;;;;;;;;;
b_rinaziz_2;Rinaziz_2;;;;;;;;;;;;;
b_rinaziz_3;Rinaziz_3;;;;;;;;;;;;;
b_walesto_2;Walesto_2;;;;;;;;;;;;;
b_walesto_3;Walesto_3;;;;;;;;;;;;;
b_dalabet;Dalabet;;;;;;;;;;;;;
b_vranov_2;Vranov_2;;;;;;;;;;;;;
b_eibenshitz_2;Eibenshitz_2;;;;;;;;;;;;;
b_hradiste_2;Hradiste_2;;;;;;;;;;;;;
b_hradiste_3;Hradiste_3;;;;;;;;;;;;;
b_mikulov_2;Mikulov_2;;;;;;;;;;;;;
b_mikulov_3;Mikulov_3;;;;;;;;;;;;;
b_fejjam_2;Fejjam_2;;;;;;;;;;;;;
b_fejjam_3;Fejjam_3;;;;;;;;;;;;;
b_tennuba_2;Tennuba_2;;;;;;;;;;;;;
b_tennuba_3;Tennuba_3;;;;;;;;;;;;;
b_amacezda_2;Amacezda_2;;;;;;;;;;;;;
b_amacezda_3;Amacezda_3;;;;;;;;;;;;;
b_harmugstalh_7;Harmugstalh_7;;;;;;;;;;;;;
b_bleakwind_7;Bleakwind_7;;;;;;;;;;;;;
b_zima_2;Zima_2;;;;;;;;;;;;;
b_izmilatya_2;Izmilatya_2;;;;;;;;;;;;;
b_gharmen_2;Gharmen_2;;;;;;;;;;;;;
b_manasya_2;Manasya_2;;;;;;;;;;;;;
b_kahramangol_2;Kahramangol_2;;;;;;;;;;;;;
b_kahregli_2;Kahregli_2;;;;;;;;;;;;;
b_yesilvadi_2;Yesilvadi_2;;;;;;;;;;;;;
b_kwababa_2;Kwababa_2;;;;;;;;;;;;;
b_istanarsus_2;Istanarsus_2;;;;;;;;;;;;;
b_zavakh_2;Zavakh_2;;;;;;;;;;;;;
b_karapchi_2;Karapchi_2;;;;;;;;;;;;;
b_isfara_2;Isfara_2;;;;;;;;;;;;;
b_purishan_2;Purishan_2;;;;;;;;;;;;;
b_roshor_2;Roshor_2;;;;;;;;;;;;;
b_lakkon_2;Lakkon_2;;;;;;;;;;;;;
b_khovaling_2;Khovaling_2;;;;;;;;;;;;;
b_dabat_2;Dabat_2;;;;;;;;;;;;;
b_dabat_3;Dabat_3;;;;;;;;;;;;;
b_sarathana_2;Sarathana_2;;;;;;;;;;;;;
b_geretoul_2;Geretoul_2;;;;;;;;;;;;;
b_talaya_2;Talaya_2;;;;;;;;;;;;;
b_esyat;Esyat;;;;;;;;;;;;;
b_asyai;Asyai;;;;;;;;;;;;;
b_miople_2;Miople_2;;;;;;;;;;;;;
b_vale_of_haruz;Vale of Haruz;;;;;;;;;;;;;
b_kyie;Kyie;;;;;;;;;;;;;
b_ranaria;Ranaria;;;;;;;;;;;;;
b_koutkh_2;Koutkh_2;;;;;;;;;;;;;
b_abuginah_2;Abuginah_2;;;;;;;;;;;;;
b_putos_2;Putos_2;;;;;;;;;;;;;
b_malution;Malution;;;;;;;;;;;;;
b_rinot;Rinot;;;;;;;;;;;;;
b_malution_2;Malution_2;;;;;;;;;;;;;
b_olati-bora;Olati-Bora;;;;;;;;;;;;;
b_qateuta;Qateuta;;;;;;;;;;;;;
b_olati-bora_2;Olati-Bora_2;;;;;;;;;;;;;
b_olati-bora_3;Olati-Bora_3;;;;;;;;;;;;;
b_vasabun;Vasabun;;;;;;;;;;;;;
b_lulew;Lulew;;;;;;;;;;;;;
b_vasabun_2;Vasabun_2;;;;;;;;;;;;;
b_vasabun_3;Vasabun_3;;;;;;;;;;;;;
b_sardon_2;Sardon_2;;;;;;;;;;;;;
b_sardon_3;Sardon_3;;;;;;;;;;;;;
b_brecoa_2;Brecoa_2;;;;;;;;;;;;;
b_brecoa_3;Brecoa_3;;;;;;;;;;;;;
b_hosekrancz;Hosekrancz;;;;;;;;;;;;;
b_sirurim;Sirurim;;;;;;;;;;;;;
b_hosekrancz_2;Hosekrancz_2;;;;;;;;;;;;;
b_hosekrancz_3;Hosekrancz_3;;;;;;;;;;;;;
b_sooven;Sooven;;;;;;;;;;;;;
b_ezenilen;Ezenilen;;;;;;;;;;;;;
b_sooven_2;Sooven_2;;;;;;;;;;;;;
b_tunlobor;Tunlobor;;;;;;;;;;;;;
b_tunlobor_2;Tunlobor_2;;;;;;;;;;;;;
b_tunlobor_3;Tunlobor_3;;;;;;;;;;;;;
b_raslagar;Raslagar;;;;;;;;;;;;;
b_raslagar_2;Raslagar_2;;;;;;;;;;;;;
b_jukaten;Jukaten;;;;;;;;;;;;;
b_jukaten_2;Jukaten_2;;;;;;;;;;;;;
b_plitegra;Plitegra;;;;;;;;;;;;;
b_plitegra_2;Plitegra_2;;;;;;;;;;;;;
b_plitegra_3;Plitegra_3;;;;;;;;;;;;;
b_druam;Druam;;;;;;;;;;;;;
b_druam_2;Druam_2;;;;;;;;;;;;;
b_druam_3;Druam_3;;;;;;;;;;;;;
b_vaussa;Vaussa;;;;;;;;;;;;;
b_vaussa_2;Vaussa_2;;;;;;;;;;;;;
b_vaussa_3;Vaussa_3;;;;;;;;;;;;;
b_ebtifu;Ebtifu;;;;;;;;;;;;;
b_ebtifu_2;Ebtifu_2;;;;;;;;;;;;;
b_ebtifu_3;Ebtifu_3;;;;;;;;;;;;;
b_zog;Zog;;;;;;;;;;;;;
b_zog_2;Zog_2;;;;;;;;;;;;;
b_zog_3;Zog_3;;;;;;;;;;;;;
b_dekothan_2;Dekothan_2;;;;;;;;;;;;;
b_dekothan_3;Dekothan_3;;;;;;;;;;;;;
b_daleran_2;Daleran_2;;;;;;;;;;;;;
b_daleran_3;Daleran_3;;;;;;;;;;;;;
b_odden;Odden;;;;;;;;;;;;;
b_odden_2;Odden_2;;;;;;;;;;;;;
b_lithost;Lithost;;;;;;;;;;;;;
b_siefur;Siefur;;;;;;;;;;;;;
b_siefur_2;Siefur_2;;;;;;;;;;;;;
b_siefur_3;Siefur_3;;;;;;;;;;;;;
b_necova;Necova;;;;;;;;;;;;;
b_necova_2;Necova_2;;;;;;;;;;;;;
b_necova_3;Necova_3;;;;;;;;;;;;;
b_lameluk;Lameluk;;;;;;;;;;;;;
b_lameluk_2;Lameluk_2;;;;;;;;;;;;;
b_clorhir;Clorhir;;;;;;;;;;;;;
b_fedosberg_2;Fedosberg_2;;;;;;;;;;;;;
b_imwaka;Imwaka;;;;;;;;;;;;;
b_ojav_2;Ojav_2;;;;;;;;;;;;;
b_uglen_2;Uglen_2;;;;;;;;;;;;;
b_uglen_3;Uglen_3;;;;;;;;;;;;;
b_bannafur;Bannafur;;;;;;;;;;;;;
b_bannafur_2;Bannafur_2;;;;;;;;;;;;;
b_fubre;Fubre;;;;;;;;;;;;;
b_fubre_2;Fubre_2;;;;;;;;;;;;;
b_zendarfell_2;Zendarfell_2;;;;;;;;;;;;;
b_wajozin;Wajozin;;;;;;;;;;;;;
b_wajozin_2;Wajozin_2;;;;;;;;;;;;;
b_wajozin_3;Wajozin_3;;;;;;;;;;;;;
b_mpebau;Mpebau;;;;;;;;;;;;;
b_mpebau_2;Mpebau_2;;;;;;;;;;;;;
b_lurjo;Lurjo;;;;;;;;;;;;;
b_rakkalos;Rakkalos;;;;;;;;;;;;;
b_rakkalos_2;Rakkalos_2;;;;;;;;;;;;;
b_rakkalos_3;Rakkalos_3;;;;;;;;;;;;;
b_qizobl;Qizobl;;;;;;;;;;;;;
b_qizobl_2;Qizobl_2;;;;;;;;;;;;;
b_qizobl_3;Qizobl_3;;;;;;;;;;;;;
b_liwhed;Liwhed;;;;;;;;;;;;;
b_kamur;Kamur;;;;;;;;;;;;;
b_kamur_2;Kamur_2;;;;;;;;;;;;;
b_kamur_3;Kamur_3;;;;;;;;;;;;;
b_sedarbon;Sedarbon;;;;;;;;;;;;;
b_sedarbon_2;Sedarbon_2;;;;;;;;;;;;;
b_sedarbon_3;Sedarbon_3;;;;;;;;;;;;;
b_asuprile_2;Asuprile_2;;;;;;;;;;;;;
b_asuprile_3;Asuprile_3;;;;;;;;;;;;;
b_cegoda_2;Cegoda_2;;;;;;;;;;;;;
b_zoyabron;Zoyabron;;;;;;;;;;;;;
b_zoyabron_2;Zoyabron_2;;;;;;;;;;;;;
b_nalael_2;Nalael_2;;;;;;;;;;;;;
b_nalael_3;Nalael_3;;;;;;;;;;;;;
b_draceborg_2;Draceborg_2;;;;;;;;;;;;;
b_draceborg_3;Draceborg_3;;;;;;;;;;;;;
b_kolaud_2;Kolaud_2;;;;;;;;;;;;;
b_kolaud_3;Kolaud_3;;;;;;;;;;;;;
b_loibyl_2;Loibyl_2;;;;;;;;;;;;;
b_loibyl_3;Loibyl_3;;;;;;;;;;;;;
b_aftir_2;Aftir_2;;;;;;;;;;;;;
b_aftir_3;Aftir_3;;;;;;;;;;;;;
b_nuat_2;Nuat_2;;;;;;;;;;;;;
b_nuat_3;Nuat_3;;;;;;;;;;;;;
b_keinile_2;Keinile_2;;;;;;;;;;;;;
b_tesoris;Tesoris;;;;;;;;;;;;;
b_wisael_2;Wisael_2;;;;;;;;;;;;;
b_yeburg_2;Yeburg_2;;;;;;;;;;;;;
b_nbonetta_2;Nbonetta_2;;;;;;;;;;;;;
b_nbonetta_3;Nbonetta_3;;;;;;;;;;;;;
b_saint_glaven;Saint Glaven;;;;;;;;;;;;;
b_senali_2;Senali_2;;;;;;;;;;;;;
b_jendali;Jendali;;;;;;;;;;;;;
b_numali_2;Numali_2;;;;;;;;;;;;;
b_kosuzed;Kosuzed;;;;;;;;;;;;;
b_taetho_2;Taetho_2;;;;;;;;;;;;;
b_taetho_3;Taetho_3;;;;;;;;;;;;;
b_dragonspire_2;Dragonspire_2;;;;;;;;;;;;;
b_dragonspire_3;Dragonspire_3;;;;;;;;;;;;;
b_blackpeak_2;Blackpeak_2;;;;;;;;;;;;;
b_blackpeak_3;Blackpeak_3;;;;;;;;;;;;;
b_leqube_2;Leqube_2;;;;;;;;;;;;;
b_leqube_3;Leqube_3;;;;;;;;;;;;;
b_clogen_2;Clogen_2;;;;;;;;;;;;;
b_clogen_3;Clogen_3;;;;;;;;;;;;;
b_dewma_2;Dewma_2;;;;;;;;;;;;;
b_dewma_3;Dewma_3;;;;;;;;;;;;;
b_ebalart_2;Ebalart_2;;;;;;;;;;;;;
b_linaud_2;Linaud_2;;;;;;;;;;;;;
b_lemart_2;Lemart_2;;;;;;;;;;;;;
b_lemart_3;Lemart_3;;;;;;;;;;;;;
b_rupdala_2;Rupdala_2;;;;;;;;;;;;;
b_rupdala_3;Rupdala_3;;;;;;;;;;;;;
b_eskotan_2;Eskotan_2;;;;;;;;;;;;;
b_eskotan_3;Eskotan_3;;;;;;;;;;;;;
b_denian_2;Denian_2;;;;;;;;;;;;;
b_denian_3;Denian_3;;;;;;;;;;;;;
b_actomel_2;Actomel_2;;;;;;;;;;;;;
b_actomel_3;Actomel_3;;;;;;;;;;;;;
b_weceron_2;Weceron_2;;;;;;;;;;;;;
b_weceron_3;Weceron_3;;;;;;;;;;;;;
b_vjapine_2;Vjapine_2;;;;;;;;;;;;;
b_vjapine_3;Vjapine_3;;;;;;;;;;;;;
b_hobzal_2;Hobzal_2;;;;;;;;;;;;;
b_hobzal_3;Hobzal_3;;;;;;;;;;;;;
b_kalart_2;Kalart_2;;;;;;;;;;;;;
b_kalart_3;Kalart_3;;;;;;;;;;;;;
b_axeland_2;Axeland_2;;;;;;;;;;;;;
b_axeland_3;Axeland_3;;;;;;;;;;;;;
b_saruxo_2;Saruxo_2;;;;;;;;;;;;;
b_saruxo_3;Saruxo_3;;;;;;;;;;;;;
b_eagleseye_2;Eagleseye_2;;;;;;;;;;;;;
b_sandhold_2;Sandhold_2;;;;;;;;;;;;;
b_hawkville_2;Hawkville_2;;;;;;;;;;;;;
b_hawkville_3;Hawkville_3;;;;;;;;;;;;;
b_kanaetho;Kanaetho;;;;;;;;;;;;;
b_kazoce_2;Kazoce_2;;;;;;;;;;;;;
b_kazoce_3;Kazoce_3;;;;;;;;;;;;;
b_babhan_2;Babhan_2;;;;;;;;;;;;;
b_babhan_3;Babhan_3;;;;;;;;;;;;;
b_merat_2;Merat_2;;;;;;;;;;;;;
b_merat_3;Merat_3;;;;;;;;;;;;;
b_trovedam_2;Trovedam_2;;;;;;;;;;;;;
b_trovedam_3;Trovedam_3;;;;;;;;;;;;;
b_aronot_2;Aronot_2;;;;;;;;;;;;;
b_bupraud_2;Bupraud_2;;;;;;;;;;;;;
b_teinael_2;Teinael_2;;;;;;;;;;;;;
b_banabhan_2;Banabhan_2;;;;;;;;;;;;;
b_winonne_2;Winonne_2;;;;;;;;;;;;;
b_qajama_2;Qajama_2;;;;;;;;;;;;;
b_tegaret_2;Tegaret_2;;;;;;;;;;;;;
b_wazalla_2;Wazalla_2;;;;;;;;;;;;;
b_elush_2;Elush_2;;;;;;;;;;;;;
b_rael_2;Rael_2;;;;;;;;;;;;;
b_lyaotael_2;Lyaotael_2;;;;;;;;;;;;;
b_mnegeba_2;Mnegeba_2;;;;;;;;;;;;;
b_mnegeba_3;Mnegeba_3;;;;;;;;;;;;;
b_ranonde_2;Ranonde_2;;;;;;;;;;;;;
b_ranonde_3;Ranonde_3;;;;;;;;;;;;;
b_bilart_2;Bilart_2;;;;;;;;;;;;;
b_raleran_2;Raleran_2;;;;;;;;;;;;;
b_wisonde_2;Wisonde_2;;;;;;;;;;;;;
b_bemaria_2;Bemaria_2;;;;;;;;;;;;;
b_irujuc_2;Irujuc_2;;;;;;;;;;;;;
b_irujuc_3;Irujuc_3;;;;;;;;;;;;;
b_xelebic;Xelebic;;;;;;;;;;;;;
b_xelebic_2;Xelebic_2;;;;;;;;;;;;;
b_xelebic_3;Xelebic_3;;;;;;;;;;;;;
b_leccori;Leccori;;;;;;;;;;;;;
b_leccori_2;Leccori_2;;;;;;;;;;;;;
b_remaud_2;Remaud_2;;;;;;;;;;;;;
b_kalemir_2;Kalemir_2;;;;;;;;;;;;;
b_rupraud_2;Rupraud_2;;;;;;;;;;;;;
b_kemot_2;Kemot_2;;;;;;;;;;;;;
b_narer_2;Narer_2;;;;;;;;;;;;;
b_athart_2;Athart_2;;;;;;;;;;;;;
b_bayarma_2;Bayarma_2;;;;;;;;;;;;;
b_dol_entar;Dol Entar;;;;;;;;;;;;;
b_kirian;Kirian;;;;;;;;;;;;;
b_riridon;Riridon;;;;;;;;;;;;;
b_tilita;Tilita;;;;;;;;;;;;;
b_sijew;Sijew;;;;;;;;;;;;;
b_sijew_2;Sijew_2;;;;;;;;;;;;;
b_kongul;Kongul;;;;;;;;;;;;;
b_poylesa;Poylesa;;;;;;;;;;;;;
b_letahan;Letahan;;;;;;;;;;;;;
b_raod;Raod;;;;;;;;;;;;;
b_aharahan;Aharahan;;;;;;;;;;;;;
b_sacilen;Sacilen;;;;;;;;;;;;;
b_sacilen_2;Sacilen_2;;;;;;;;;;;;;
b_lunabhan_2;Lunabhan_2;;;;;;;;;;;;;
b_taria_2;Taria_2;;;;;;;;;;;;;
b_kuniel_2;Kuniel_2;;;;;;;;;;;;;
b_qirurim_2;Qirurim_2;;;;;;;;;;;;;
b_emirian_2;Emirian_2;;;;;;;;;;;;;
b_kavana_2;Kavana_2;;;;;;;;;;;;;
b_castelodevide_2;Castelodevide_2;;;;;;;;;;;;;
b_kulika_2;Kulika_2;;;;;;;;;;;;;
b_rumory_2;Rumory_2;;;;;;;;;;;;;
b_qanory_2;Qanory_2;;;;;;;;;;;;;
b_qagitri_2;Qagitri_2;;;;;;;;;;;;;
b_saparim_2;Saparim_2;;;;;;;;;;;;;
b_egiucoja_2;Egiucoja_2;;;;;;;;;;;;;
b_rodael_2;Rodael_2;;;;;;;;;;;;;
b_sagitri_2;Sagitri_2;;;;;;;;;;;;;
b_qazcalar_2;Qazcalar_2;;;;;;;;;;;;;
b_lahirek_2;Lahirek_2;;;;;;;;;;;;;
b_emevoti_2;Emevoti_2;;;;;;;;;;;;;
b_tyilalla_2;Tyilalla_2;;;;;;;;;;;;;
b_laglot_2;Laglot_2;;;;;;;;;;;;;
b_zintuly;Zintuly;;;;;;;;;;;;;
b_zen-asor;Zen-Asor;;;;;;;;;;;;;
b_simida;Simida;;;;;;;;;;;;;
b_timagan;Timagan;;;;;;;;;;;;;
b_kimache;Kimache;;;;;;;;;;;;;
b_japiza;Japiza;;;;;;;;;;;;;
b_rexena;Rexena;;;;;;;;;;;;;
b_kesoki;Kesoki;;;;;;;;;;;;;
b_nainf;Nainf;;;;;;;;;;;;;
b_eraniza;Eraniza;;;;;;;;;;;;;
b_tasseh;Tasseh;;;;;;;;;;;;;
b_sallolf;Sallolf;;;;;;;;;;;;;
b_tuniya;Tuniya;;;;;;;;;;;;;
b_lunolf;Lunolf;;;;;;;;;;;;;
b_qallolf;Qallolf;;;;;;;;;;;;;
b_kesida;Kesida;;;;;;;;;;;;;
b_naneth;Naneth;;;;;;;;;;;;;
b_nunebu;Nunebu;;;;;;;;;;;;;
b_salliza;Salliza;;;;;;;;;;;;;
b_runagan;Runagan;;;;;;;;;;;;;
b_quneth;Quneth;;;;;;;;;;;;;
b_ranagan;Ranagan;;;;;;;;;;;;;
b_tainco;Tainco;;;;;;;;;;;;;
b_wanoun;Wanoun;;;;;;;;;;;;;
b_bayache;Bayache;;;;;;;;;;;;;
b_runiya;Runiya;;;;;;;;;;;;;
b_qenger;Qenger;;;;;;;;;;;;;
b_rishiya;Rishiya;;;;;;;;;;;;;
b_sayan;Sayan;;;;;;;;;;;;;
b_wyavida;Wyavida;;;;;;;;;;;;;
b_rayfeda;Rayfeda;;;;;;;;;;;;;
b_vesolet;Vesolet;;;;;;;;;;;;;
b_kumof;Kumof;;;;;;;;;;;;;
b_sapoun;Sapoun;;;;;;;;;;;;;
b_paniga;Paniga;;;;;;;;;;;;;
b_evalubu;Evalubu;;;;;;;;;;;;;
b_nallor;Nallor;;;;;;;;;;;;;
b_resoun;Resoun;;;;;;;;;;;;;
b_dapache;Dapache;;;;;;;;;;;;;
b_timoun;Timoun;;;;;;;;;;;;;
b_sanida;Sanida;;;;;;;;;;;;;
b_napagan;Napagan;;;;;;;;;;;;;
b_acapiya;Acapiya;;;;;;;;;;;;;
b_dainharo;Dainharo;;;;;;;;;;;;;
b_qyaveth;Qyaveth;;;;;;;;;;;;;
b_timida;Timida;;;;;;;;;;;;;
b_beseth;Beseth;;;;;;;;;;;;;
b_tisheth;Tisheth;;;;;;;;;;;;;
b_nordis;Nordis;;;;;;;;;;;;;
b_evalache;Evalache;;;;;;;;;;;;;
b_tadosye;Tadosye;;;;;;;;;;;;;
b_boyohn;Boyohn;;;;;;;;;;;;;
b_womagan;Womagan;;;;;;;;;;;;;
b_welagan;Welagan;;;;;;;;;;;;;
b_tikeid;Tikeid;;;;;;;;;;;;;
b_ranohn;Ranohn;;;;;;;;;;;;;
b_alydama;Alydama;;;;;;;;;;;;;
b_wapida;Wapida;;;;;;;;;;;;;
b_dimoun;Dimoun;;;;;;;;;;;;;
b_talloki;Talloki;;;;;;;;;;;;;
b_buniza;Buniza;;;;;;;;;;;;;
b_tayagan;Tayagan;;;;;;;;;;;;;
b_lenubu;Lenubu;;;;;;;;;;;;;
b_nunache;Nunache;;;;;;;;;;;;;
b_ragan;Ragan;;;;;;;;;;;;;
b_ecapoki;Ecapoki;;;;;;;;;;;;;
b_tunache;Tunache;;;;;;;;;;;;;
b_byavida;Byavida;;;;;;;;;;;;;
b_rapida;Rapida;;;;;;;;;;;;;
b_qapoun;Qapoun;;;;;;;;;;;;;
b_dimeth;Dimeth;;;;;;;;;;;;;
b_winidar;Winidar;;;;;;;;;;;;;
b_tasorad;Tasorad;;;;;;;;;;;;;
b_kabimil;Kabimil;;;;;;;;;;;;;
b_lanusa;Lanusa;;;;;;;;;;;;;
b_lusidar;Lusidar;;;;;;;;;;;;;
b_korad;Korad;;;;;;;;;;;;;
b_ranama;Ranama;;;;;;;;;;;;;
b_lamanor;Lamanor;;;;;;;;;;;;;
b_talagan;Talagan;;;;;;;;;;;;;
b_dunagan;Dunagan;;;;;;;;;;;;;
b_ryavida;Ryavida;;;;;;;;;;;;;
b_pago_segur;Pago Segur;;;;;;;;;;;;;
b_buneth;Buneth;;;;;;;;;;;;;
b_runoki;Runoki;;;;;;;;;;;;;
b_kolene;Kolene;;;;;;;;;;;;;
b_tanem;Tanem;;;;;;;;;;;;;
b_wolagh;Wolagh;;;;;;;;;;;;;
b_qarenis;Qarenis;;;;;;;;;;;;;
b_kalleth;Kalleth;;;;;;;;;;;;;
b_rogeni;Rogeni;;;;;;;;;;;;;
b_bavene;Bavene;;;;;;;;;;;;;
b_acunolf;Acunolf;;;;;;;;;;;;;
b_daloun;Daloun;;;;;;;;;;;;;
b_zanneth;Zanneth;;;;;;;;;;;;;
b_banubu;Banubu;;;;;;;;;;;;;
b_tanida;Tanida;;;;;;;;;;;;;
b_tesache;Tesache;;;;;;;;;;;;;
b_qaloki;Qaloki;;;;;;;;;;;;;
b_sinobor;Sinobor;;;;;;;;;;;;;
b_winegh;Winegh;;;;;;;;;;;;;
b_kigegh;Kigegh;;;;;;;;;;;;;
b_tigidar;Tigidar;;;;;;;;;;;;;
b_kovimil;Kovimil;;;;;;;;;;;;;
b_busovan;Busovan;;;;;;;;;;;;;
b_ligimil;Ligimil;;;;;;;;;;;;;
b_qigobor;Qigobor;;;;;;;;;;;;;
b_hox;Hox;;;;;;;;;;;;;x
b_misory;Misory;;;;;;;;;;;;;x
b_shadow_grave;Shadow Grave;;;;;;;;;;;;;x
b_kiltonford;Kiltonford;;;;;;;;;;;;;x
b_qigobor;Qigobor;;;;;;;;;;;;;x
b_wannu;Wannu;;;;;;;;;;;;;x
b_qogida;Qogida;;;;;;;;;;;;;x
b_amarone;Amarone;;;;;;;;;;;;;x
b_cutter_paug;Cutter Paug;;;;;;;;;;;;;x
b_sanguinis;Sanguinis;;;;;;;;;;;;;x
b_demon_cryp;Demon Cryp;;;;;;;;;;;;;x
b_toneandu;Toneandu;;;;;;;;;;;;;x
b_neteth;Neteth;;;;;;;;;;;;;x
b_woyeth;Woyeth;;;;;;;;;;;;;x
b_doom_shrine;Doom Shrine;;;;;;;;;;;;;x
b_dawn_tower;Dawn Tower;;;;;;;;;;;;;x
b_igomur;Igomur;;;;;;;;;;;;;x
b_xazuret;Xazuret;;;;;;;;;;;;;x
b_taltuven;Taltuven;;;;;;;;;;;;;x
b_rindee;Rindee;;;;;;;;;;;;;x
b_tareid;Tareid;;;;;;;;;;;;;x
b_erb;Erb;;;;;;;;;;;;;x
b_darkmoor;Darkmoor;;;;;;;;;;;;;x
b_bloodworth;Bloodworth;;;;;;;;;;;;;x
b_nightbrook;Nightbrook;;;;;;;;;;;;;x
b_qarene;Qarene;;;;;;;;;;;;;x
b_katagan;Katagan;;;;;;;;;;;;;x
b_lomiya;Lomiya;;;;;;;;;;;;;x
b_ravenwood;Ravenwood;;;;;;;;;;;;;x
b_duskborne;Duskborne;;;;;;;;;;;;;x
b_womeid;Womeid;;;;;;;;;;;;;x
b_royohn;Royohn;;;;;;;;;;;;;x
b_noki;Noki;;;;;;;;;;;;;x
b_evlohn;Evlohn;;;;;;;;;;;;;x
b_rakohn;Rakohn;;;;;;;;;;;;;x
b_bloodfall;Bloodfall;;;;;;;;;;;;;x
b_new_hell;New Hell;;;;;;;;;;;;;x
b_konaid;Konaid;;;;;;;;;;;;;x
b_rayg;Rayg;;;;;;;;;;;;;x
b_sindu;Sindu;;;;;;;;;;;;;x
b_bolida;Bolida;;;;;;;;;;;;;x
b_byoukart;Byoukart;;;;;;;;;;;;;x
b_savegh;Savegh;;;;;;;;;;;;;x
b_rujene;Rujene;;;;;;;;;;;;;x
b_abujai;Abujai;;;;;;;;;;;;;x
b_qarem;Qarem;;;;;;;;;;;;;x
b_denis;Denis;;;;;;;;;;;;;x
b_syesem;Syesem;;;;;;;;;;;;;x
b_tamart;Tamart;;;;;;;;;;;;;x
b_night_fort;Night Fort;;;;;;;;;;;;;x
b_wujucia;Wujucia;;;;;;;;;;;;;x
b_tavagh;Tavagh;;;;;;;;;;;;;x
b_andia;Andia;;;;;;;;;;;;;x
b_bindei;Bindei;;;;;;;;;;;;;x
b_sarus;Sarus;;;;;;;;;;;;;x
b_kaldu;Kaldu;;;;;;;;;;;;;x
b_crimsonvale;Crimsonvale;;;;;;;;;;;;;x
b_duskcliff_bastion;Duskcliff Bastion;;;;;;;;;;;;;x
b_adoit;Adoit;;;;;;;;;;;;;x
b_cebar;Cebar;;;;;;;;;;;;;x
b_rezdaug;Rezdaug;;;;;;;;;;;;;x
b_sadar;Sadar;;;;;;;;;;;;;x
b_lukatia;Lukatia;;;;;;;;;;;;;x
b_tanaury;Tanaury;;;;;;;;;;;;;x
b_darkfang_hold;Darkfang Hold;;;;;;;;;;;;;x
b_soul_bridge;Soul Bridge;;;;;;;;;;;;;x
b_diduel;Diduel;;;;;;;;;;;;;x
b_aramoom;Aramoom;;;;;;;;;;;;;x
b_tinoom;Tinoom;;;;;;;;;;;;;x
b_rimadar;Rimadar;;;;;;;;;;;;;x
b_shadow_march;Shadow March;;;;;;;;;;;;;x
b_kafuel;Kafuel;;;;;;;;;;;;;x
b_gaunfell;Gaunfell;;;;;;;;;;;;;x
b_tiruel;Tiruel;;;;;;;;;;;;;x
b_azakene;Azakene;;;;;;;;;;;;;x
b_night_reach;Night Reach;;;;;;;;;;;;;x
b_linote;Linote;;;;;;;;;;;;;x
b_zion_reach;Zion Reach;;;;;;;;;;;;;x
b_midstone_manor;Midstone Manor;;;;;;;;;;;;;x
b_nagmoon;Nagmoon;;;;;;;;;;;;;x
b_semaury;Semaury;;;;;;;;;;;;;x
b_ebonstone_hollow;Ebonstone Hollow;;;;;;;;;;;;;x
b_ranegen;Ranegen;;;;;;;;;;;;;x
b_ahlem;Ahlem;;;;;;;;;;;;;x
b_grimwatch_keep;Grimwatch Keep;;;;;;;;;;;;;x
b_sukzehn;Sukzehn;;;;;;;;;;;;;x
b_darkfell;Darkfell;;;;;;;;;;;;;x
b_sarous;Sarous;;;;;;;;;;;;;x
b_bomoros;Bomoros;;;;;;;;;;;;;x
b_narar;Narar;;;;;;;;;;;;;x
b_asacune;Asacune;;;;;;;;;;;;;x
b_blackthorn;Blackthorn;;;;;;;;;;;;;x
b_veilwatch;Veilwatch;;;;;;;;;;;;;x
b_ebonspire;Ebonspire;;;;;;;;;;;;;x
b_qakatia;Qakatia;;;;;;;;;;;;;x
b_qatoini;Qatoini;;;;;;;;;;;;;x
b_torois;Torois;;;;;;;;;;;;;x
b_nidise;Nidise;;;;;;;;;;;;;x
b_moonzelf;Moonzelf;;;;;;;;;;;;;x
b_rerni;Rerni;;;;;;;;;;;;;x
b_lucans;Lucans;;;;;;;;;;;;;x
b_suhirim;Suhirim;;;;;;;;;;;;;x
b_aperian;Aperian;;;;;;;;;;;;;x
b_burans;Burans;;;;;;;;;;;;;x
b_atuhans;Atuhans;;;;;;;;;;;;;x
b_qoririm;Qoririm;;;;;;;;;;;;;x
b_arina;Arina;;;;;;;;;;;;;x
b_beutns;Beutns;;;;;;;;;;;;;x
b_turaya;Turaya;;;;;;;;;;;;;x
b_sadeza;Sadeza;;;;;;;;;;;;;x
b_wilurt;Wilurt;;;;;;;;;;;;;x
b_lisina;Lisina;;;;;;;;;;;;;x
b_kerodis;Kerodis;;;;;;;;;;;;;x
b_borinava;Borinava;;;;;;;;;;;;;x
b_kinko;Kinko;;;;;;;;;;;;;x
b_risaya;Risaya;;;;;;;;;;;;;x
b_acina;Acina;;;;;;;;;;;;;x
b_deutn;Deutn;;;;;;;;;;;;;x
b_lairans;Lairans;;;;;;;;;;;;;x
b_redonas;Redonas;;;;;;;;;;;;;x
b_ebatos;Ebatos;;;;;;;;;;;;;x
b_qararde;Qararde;;;;;;;;;;;;;x
b_kemenka;Kemenka;;;;;;;;;;;;;x
b_wilahal;Wilahal;;;;;;;;;;;;;x
b_relyka;Relyka;;;;;;;;;;;;;x
b_ridos;Ridos;;;;;;;;;;;;;x
b_abetouz;Abetouz;;;;;;;;;;;;;x
b_greltuden;Greltuden;;;;;;;;;;;;;x
b_beuferic;Beuferic;;;;;;;;;;;;;x
b_dakof;Dakof;;;;;;;;;;;;;x
b_betith;Betith;;;;;;;;;;;;;x
b_weufioma;Weufioma;;;;;;;;;;;;;x
b_rodioma;Rodioma;;;;;;;;;;;;;x
b_engouz;Engouz;;;;;;;;;;;;;x
b_vestury;Vestury;;;;;;;;;;;;;x
b_teseric;Teseric;;;;;;;;;;;;;x
b_wecaule;Wecaule;;;;;;;;;;;;;x
b_keseph;Keseph;;;;;;;;;;;;;x
b_wudolg;Wudolg;;;;;;;;;;;;;x
b_wanados;Wanados;;;;;;;;;;;;;x
b_ceupo;Ceupo;;;;;;;;;;;;;x
b_qadoma;Qadoma;;;;;;;;;;;;;x
b_reufioma;Reufioma;;;;;;;;;;;;;x
b_bregod;Bregod;;;;;;;;;;;;;x
b_efenr;Efenr;;;;;;;;;;;;;x
b_ropold;Ropold;;;;;;;;;;;;;x
b_tinaule;Tinaule;;;;;;;;;;;;;x
b_sunenr;Sunenr;;;;;;;;;;;;;x
b_akuneph;Akuneph;;;;;;;;;;;;;x
b_bunohn;Bunohn;;;;;;;;;;;;;x
b_asopith;Asopith;;;;;;;;;;;;;x
b_demold;Demold;;;;;;;;;;;;;x
b_koderic;Koderic;;;;;;;;;;;;;x
b_tenefu;Tenefu;;;;;;;;;;;;;x
b_qerohn_2;Qerohn_2;;;;;;;;;;;;;x
b_qunohn;Qunohn;;;;;;;;;;;;;x
b_termic;Termic;;;;;;;;;;;;;x
b_teufeph;Teufeph;;;;;;;;;;;;;x
b_nilenr;Nilenr;;;;;;;;;;;;;x
b_etukith;Etukith;;;;;;;;;;;;;x
b_temeph;Temeph;;;;;;;;;;;;;x
b_loemr;Loemr;;;;;;;;;;;;;x
b_nenda;Nenda;;;;;;;;;;;;;x
b_wukith;Wukith;;;;;;;;;;;;;x
b_biraule;Biraule;;;;;;;;;;;;;x
b_tijaki;Tijaki;;;;;;;;;;;;;x
b_zualvet;Zualvet;;;;;;;;;;;;;x
b_atukold;Atukold;;;;;;;;;;;;;x
b_desioma;Desioma;;;;;;;;;;;;;x
b_pazith;Pazith;;;;;;;;;;;;;x
b_banador;Banador;;;;;;;;;;;;;x
b_semioma;Semioma;;;;;;;;;;;;;x
b_woferic;Woferic;;;;;;;;;;;;;x
b_qilith;Qilith;;;;;;;;;;;;;x
b_wengeph;Wengeph;;;;;;;;;;;;;x
b_tunador;Tunador;;;;;;;;;;;;;x
b_isifu;Isifu;;;;;;;;;;;;;x
b_recold;Recold;;;;;;;;;;;;;x
b_weuf;Weuf;;;;;;;;;;;;;x
b_beufohn;Beufohn;;;;;;;;;;;;;x
b_reufold;Reufold;;;;;;;;;;;;;x
b_neceph;Neceph;;;;;;;;;;;;;x
b_agfedram;Agfedram;;;;;;;;;;;;;x
b_banohn;Banohn;;;;;;;;;;;;;x
b_rukith;Rukith;;;;;;;;;;;;;x
b_agnadon;Agnadon;;;;;;;;;;;;;x
b_melsita;Melsita;;;;;;;;;;;;;x
b_dicepu;Dicepu;;;;;;;;;;;;;x
b_ningoma;Ningoma;;;;;;;;;;;;;x
b_pafurin;Pafurin;;;;;;;;;;;;;x
b_danenr;Danenr;;;;;;;;;;;;;x
b_quneric;Quneric;;;;;;;;;;;;;x
b_emeph;Emeph;;;;;;;;;;;;;x
b_jagul;Jagul;;;;;;;;;;;;;x
b_kalkebur;Kalkebur;;;;;;;;;;;;;x
b_nileph;Nileph;;;;;;;;;;;;;x
b_wemeric;Wemeric;;;;;;;;;;;;;x
b_qeroth;Qeroth;;;;;;;;;;;;;x
b_sebul;Sebul;;;;;;;;;;;;;x
b_kuisk;Kuisk;;;;;;;;;;;;;x
b_sabate;Sabate;;;;;;;;;;;;;x
b_esadra;Esadra;;;;;;;;;;;;;x
b_butate;Butate;;;;;;;;;;;;;x
b_dusenia;Dusenia;;;;;;;;;;;;;x
b_sosara;Sosara;;;;;;;;;;;;;x
b_wilof;Wilof;;;;;;;;;;;;;x
b_nuqadra;Nuqadra;;;;;;;;;;;;;x
b_ezoth;Ezoth;;;;;;;;;;;;;x
b_qesoja;Qesoja;;;;;;;;;;;;;x
b_beriraj;Beriraj;;;;;;;;;;;;;x
b_busara;Busara;;;;;;;;;;;;;x
b_tabara;Tabara;;;;;;;;;;;;;x
b_resiyaka;Resiyaka;;;;;;;;;;;;;x
b_dutilla;Dutilla;;;;;;;;;;;;;x
b_tarit;Tarit;;;;;;;;;;;;;x
b_rabosa;Rabosa;;;;;;;;;;;;;x
b_wavala;Wavala;;;;;;;;;;;;;x
b_ravius;Ravius;;;;;;;;;;;;;x
b_nabit;Nabit;;;;;;;;;;;;;x
b_beren;Beren;;;;;;;;;;;;;x
b_fesilla;Fesilla;;;;;;;;;;;;;x
b_desojabut;Desojabut;;;;;;;;;;;;;x
b_ravamit;Ravamit;;;;;;;;;;;;;x
b_terada;Terada;;;;;;;;;;;;;x
b_busate;Busate;;;;;;;;;;;;;x
b_tuqoja;Tuqoja;;;;;;;;;;;;;x
b_aciyaka;Aciyaka;;;;;;;;;;;;;x
b_kusenia;Kusenia;;;;;;;;;;;;;x
b_larumb;Larumb;;;;;;;;;;;;;x
b_nuqoja;Nuqoja;;;;;;;;;;;;;x
b_dacara;Dacara;;;;;;;;;;;;;x
b_sabala;Sabala;;;;;;;;;;;;;x
b_kamius;Kamius;;;;;;;;;;;;;x
b_siorr;Siorr;;;;;;;;;;;;;x
b_nousara;Nousara;;;;;;;;;;;;;x
b_sosate;Sosate;;;;;;;;;;;;;x
b_tafara;Tafara;;;;;;;;;;;;;x
b_kobuta;Kobuta;;;;;;;;;;;;;x
b_etara;Etara;;;;;;;;;;;;;x
b_gielen;Gielen;;;;;;;;;;;;;x
b_azabius;Azabius;;;;;;;;;;;;;x
b_alous;Alous;;;;;;;;;;;;;x
b_busilla;Busilla;;;;;;;;;;;;;x
b_nerarit;Nerarit;;;;;;;;;;;;;x
b_qavadra;Qavadra;;;;;;;;;;;;;x
b_qeserada;Qeserada;;;;;;;;;;;;;x
b_asoth;Asoth;;;;;;;;;;;;;x
b_bojta;Bojta;;;;;;;;;;;;;x
b_tousara;Tousara;;;;;;;;;;;;;x
b_lacaza;Lacaza;;;;;;;;;;;;;x
b_nosoja;Nosoja;;;;;;;;;;;;;x
b_atilof;Atilof;;;;;;;;;;;;;x
b_sesilof;Sesilof;;;;;;;;;;;;;x
b_waahan;Waahan;;;;;;;;;;;;;x
b_tilla;Tilla;;;;;;;;;;;;;x
b_racate;Racate;;;;;;;;;;;;;x
b_anerenia;Anerenia;;;;;;;;;;;;;x
b_alousius;Alousius;;;;;;;;;;;;;x
b_ezate;Ezate;;;;;;;;;;;;;x
b_desius;Desius;;;;;;;;;;;;;x
b_tusigo;Tusigo;;;;;;;;;;;;;x
b_kierra;Kierra;;;;;;;;;;;;;x
b_nabuqar;Nabuqar;;;;;;;;;;;;;x
b_waferada;Waferada;;;;;;;;;;;;;x
b_bamilla;Bamilla;;;;;;;;;;;;;x
b_ezara;Ezara;;;;;;;;;;;;;x
b_dabenia;Dabenia;;;;;;;;;;;;;x
b_nesius;Nesius;;;;;;;;;;;;;x
b_tacoth;Tacoth;;;;;;;;;;;;;x
b_emusilla;Emusilla;;;;;;;;;;;;;x
b_suqara;Suqara;;;;;;;;;;;;;x
b_dolora;Dolora;;;;;;;;;;;;;x
b_sacarit;Sacarit;;;;;;;;;;;;;x
b_rerilof;Rerilof;;;;;;;;;;;;;x
b_dover;Dover;;;;;;;;;;;;;x
b_safeza;Safeza;;;;;;;;;;;;;x
b_aneroth;Aneroth;;;;;;;;;;;;;x
b_wutasa;Wutasa;;;;;;;;;;;;;x
b_damilla;Damilla;;;;;;;;;;;;;x
b_seilof;Seilof;;;;;;;;;;;;;x
b_kousate;Kousate;;;;;;;;;;;;;x
b_rogucek;Rogucek;;;;;;;;;;;;;x
b_tabasa;Tabasa;;;;;;;;;;;;;x
b_anerate;Anerate;;;;;;;;;;;;;x
b_peladra;Peladra;;;;;;;;;;;;;x
b_teroja;Teroja;;;;;;;;;;;;;x
b_qamaoth;Qamaoth;;;;;;;;;;;;;x
b_keara;Keara;;;;;;;;;;;;;x
b_riyaka;Riyaka;;;;;;;;;;;;;x
b_taboja;Taboja;;;;;;;;;;;;;x
b_tamoth;Tamoth;;;;;;;;;;;;;x
b_lacerada;Lacerada;;;;;;;;;;;;;x
b_bacara;Bacara;;;;;;;;;;;;;x
b_kosilof;Kosilof;;;;;;;;;;;;;x
b_qerius;Qerius;;;;;;;;;;;;;x
b_zefi;Zefi;;;;;;;;;;;;;x
b_navius;Navius;;;;;;;;;;;;;x
b_saahan;Saahan;;;;;;;;;;;;;x
b_duisoja;Duisoja;;;;;;;;;;;;;x
b_kafara;Kafara;;;;;;;;;;;;;x
b_savilof;Savilof;;;;;;;;;;;;;x
b_nerius;Nerius;;;;;;;;;;;;;x
b_feredo;Feredo;;;;;;;;;;;;;x
b_kaahan;Kaahan;;;;;;;;;;;;;x
b_ravarit;Ravarit;;;;;;;;;;;;;x
b_rutoth;Rutoth;;;;;;;;;;;;;x
b_ankoja;Ankoja;;;;;;;;;;;;;x
b_qabarit;Qabarit;;;;;;;;;;;;;x
b_lerala;Lerala;;;;;;;;;;;;;x
b_tafoth;Tafoth;;;;;;;;;;;;;x
b_bersoth;Bersoth;;;;;;;;;;;;;x
b_garit;Garit;;;;;;;;;;;;;x
b_saciyaka;Saciyaka;;;;;;;;;;;;;x
b_kacadra;Kacadra;;;;;;;;;;;;;x
b_leroja;Leroja;;;;;;;;;;;;;x
b_nuqilof;Nuqilof;;;;;;;;;;;;;x
b_labius;Labius;;;;;;;;;;;;;x
b_babaj;Babaj;;;;;;;;;;;;;x
b_esiyak;Esiyak;;;;;;;;;;;;;x
b_ufias;Ufias;;;;;;;;;;;;;x
b_lesierr;Lesierr;;;;;;;;;;;;;x
b_doseal;Doseal;;;;;;;;;;;;;x
b_samoja;Samoja;;;;;;;;;;;;;x
b_werasa;Werasa;;;;;;;;;;;;;x
b_nogul;Nogul;;;;;;;;;;;;;x
b_kacirin;Kacirin;;;;;;;;;;;;;x
b_tareza;Tareza;;;;;;;;;;;;;x
b_lavlit;Lavlit;;;;;;;;;;;;;x
b_tosamur;Tosamur;;;;;;;;;;;;;x
b_afoch;Afoch;;;;;;;;;;;;;x
b_katamur;Katamur;;;;;;;;;;;;;x
b_ezuisoja;Ezuisoja;;;;;;;;;;;;;x
b_nalluf;Nalluf;;;;;;;;;;;;;x
b_qeadra;Qeadra;;;;;;;;;;;;;x
b_ezaahan;Ezaahan;;;;;;;;;;;;;x
b_bierr;Bierr;;;;;;;;;;;;;x
b_qoseni;Qoseni;;;;;;;;;;;;;x
b_saphuatl;Saphuatl;;;;;;;;;;;;;x
b_rafaua;Rafaua;;;;;;;;;;;;;x
b_detapan;Detapan;;;;;;;;;;;;;x
b_lombober;Lombober;;;;;;;;;;;;;x
b_tawuatl;Tawuatl;;;;;;;;;;;;;x
b_gobunes;Gobunes;;;;;;;;;;;;;x
b_kopeza;Kopeza;;;;;;;;;;;;;x
b_reseke;Reseke;;;;;;;;;;;;;x
b_desierr;Desierr;;;;;;;;;;;;;x
b_dacenia;Dacenia;;;;;;;;;;;;;x
b_qamilof;Qamilof;;;;;;;;;;;;;x
b_quqius;Quqius;;;;;;;;;;;;;x
b_wusara;Wusara;;;;;;;;;;;;;x
b_kutala;Kutala;;;;;;;;;;;;;x
b_kesiyaka;Kesiyaka;;;;;;;;;;;;;x
b_ekutilof;Ekutilof;;;;;;;;;;;;;x
b_jedda;Jedda;;;;;;;;;;;;;x
b_tugetar;Tugetar;;;;;;;;;;;;;x
b_qasari;Qasari;;;;;;;;;;;;;x
b_gund-abad;Gund Abad;;;;;;;;;;;;;x
b_pegite;Pegite;;;;;;;;;;;;;x
b_jizrer;Jizrer;;;;;;;;;;;;;x
b_tabihal;Tabihal;;;;;;;;;;;;;x
b_wulyau;Wulyau;;;;;;;;;;;;;x
b_umadra;Umadra;;;;;;;;;;;;;x
b_bampo;Bampo;;;;;;;;;;;;;x
b_sivhel;Sivhel;;;;;;;;;;;;;x
b_tjipeba;Tjipeba;;;;;;;;;;;;;x
b_emadra;Emadra;;;;;;;;;;;;;x
b_kabita;Kabita;;;;;;;;;;;;;x
b_safize;Safize;;;;;;;;;;;;;x
b_ketasa;Ketasa;;;;;;;;;;;;;x
b_dapur;Dapur;;;;;;;;;;;;;x
b_qelotar;Qelotar;;;;;;;;;;;;;x
b_jezaron;Jezaron;;;;;;;;;;;;;x
b_rucasa;Rucasa;;;;;;;;;;;;;x
b_wabasa;Wabasa;;;;;;;;;;;;;x
b_letasa;Letasa;;;;;;;;;;;;;x
b_ber-tabacon;Ber Tabacon;;;;;;;;;;;;;x
b_rigemot;Rigemot;;;;;;;;;;;;;x
b_nanaya;Nanaya;;;;;;;;;;;;;x
b_runatsi;Runatsi;;;;;;;;;;;;;x
b_dionan;Dionan;;;;;;;;;;;;;x
b_nilize;Nilize;;;;;;;;;;;;;x
b_rabapur;Rabapur;;;;;;;;;;;;;x
b_nanampo;Nanampo;;;;;;;;;;;;;x
b_kadra;Kadra;;;;;;;;;;;;;x
b_sucadra;Sucadra;;;;;;;;;;;;;x
b_qilyau;Qilyau;;;;;;;;;;;;;x
b_ejaban;Ejaban;;;;;;;;;;;;;x
b_abulampo;Abulampo;;;;;;;;;;;;;x
b_bugampo;Bugampo;;;;;;;;;;;;;x
b_gabull;Gabull;;;;;;;;;;;;;x
b_rulatsi;Rulatsi;;;;;;;;;;;;;x
b_nanasa;Nanasa;;;;;;;;;;;;;x
b_takai;Takai;;;;;;;;;;;;;x
b_qetan;Qetan;;;;;;;;;;;;;x
b_niyau;Niyau;;;;;;;;;;;;;x
b_labita;Labita;;;;;;;;;;;;;x
b_galregen;Galregen;;;;;;;;;;;;;x
b_bleseda;Bleseda;;;;;;;;;;;;;x
b_tamakai;Tamakai;;;;;;;;;;;;;x
b_filedra;Filedra;;;;;;;;;;;;;x
b_ranjor;Ranjor;;;;;;;;;;;;;x
b_qarize;Qarize;;;;;;;;;;;;;x
b_pevion;Pevion;;;;;;;;;;;;;x
b_nanetar;Nanetar;;;;;;;;;;;;;x
b_fazotel;Fazotel;;;;;;;;;;;;;x
b_valthune;Valthune;;;;;;;;;;;;;x
b_dunhir;Dunhir;;;;;;;;;;;;;x
b_faelond;Faelond;;;;;;;;;;;;;x
b_nymorath;Nymorath;;;;;;;;;;;;;x
b_keldorn;Keldorn;;;;;;;;;;;;;x
b_rhudaur;Rhudaur;;;;;;;;;;;;;x
b_mithlond;Mithlond;;;;;;;;;;;;;x
b_esgaroth;Esgaroth;;;;;;;;;;;;;x
b_duskveil;Duskveil;;;;;;;;;;;;;x
b_bralor;Bralor;;;;;;;;;;;;;x
b_galadorn;Galadorn;;;;;;;;;;;;;x
b_zephyrfall;Zephyrfall;;;;;;;;;;;;;x
b_brighthollow;Brighthollow;;;;;;;;;;;;;x
b_fronvhale;Fronvhale;;;;;;;;;;;;;x
b_umbraglen;Umbraglen;;;;;;;;;;;;;x
b_skyforge;Skyforge;;;;;;;;;;;;;x
b_nighthaven;Nighthaven;;;;;;;;;;;;;x
b_oakshade;Oakshade;;;;;;;;;;;;;x
b_jadefall;Jadefall;;;;;;;;;;;;;x
b_kelmor;Kelmor;;;;;;;;;;;;;x
b_elmsreach;Elmsreach;;;;;;;;;;;;;x
b_silvervale;Silvervale;;;;;;;;;;;;;x
b_glimmor;Glimmor;;;;;;;;;;;;;x
b_windcrest;Windcrest;;;;;;;;;;;;;x
b_yewglen;Yewglen;;;;;;;;;;;;;x
b_zendarfell;Zendarfell;;;;;;;;;;;;;x
b_ravens_perch;Ravens Perch;;;;;;;;;;;;;x
b_yggrath;Yggrath;;;;;;;;;;;;;x
b_cinderfall;Cinderfall;;;;;;;;;;;;;x
b_dusktide;Dusktide;;;;;;;;;;;;;x
b_denaju;Denaju;;;;;;;;;;;;;x
b_falcreach;Falcreach;;;;;;;;;;;;;x
b_greenthorn;Greenthorn;;;;;;;;;;;;;x
b_hollowhill;Hollowhill;;;;;;;;;;;;;x
b_jorundra;Jorundra;;;;;;;;;;;;;x
b_kaerbrant_pass;Kaerbrant Pass;;;;;;;;;;;;;x
b_loneshade;Loneshade;;;;;;;;;;;;;x
b_mournstead;Mournstead;;;;;;;;;;;;;x
b_frostmourne;Frostmourne;;;;;;;;;;;;;x
b_emberstrand;Emberstrand;;;;;;;;;;;;;x
b_vulojka;Vulojka;;;;;;;;;;;;;x
b_duskford;Duskford;;;;;;;;;;;;;x
b_vempal;Vempal;;;;;;;;;;;;;x
b_ebonstream;Ebonstream;;;;;;;;;;;;;x
b_bleakstead;Bleakstead;;;;;;;;;;;;;x
b_elderbrook;Elderbrook;;;;;;;;;;;;;x
b_ashenfield;Ashenfield;;;;;;;;;;;;;x
b_fenzega;Fenzega;;;;;;;;;;;;;x
b_bergen;Bergen;;;;;;;;;;;;;x
b_dragons_rest;Dragons Rest;;;;;;;;;;;;;x
b_dreadmoor;Dreadmoor;;;;;;;;;;;;;x
b_morndale;Morndale;;;;;;;;;;;;;x
b_rivenspire;Rivenspire;;;;;;;;;;;;;x
b_pineystone;Pineystone;;;;;;;;;;;;;x
b_wetasa;Wetasa;;;;;;;;;;;;;x
b_harud;Harud;;;;;;;;;;;;;x
b_zamari;Zamari;;;;;;;;;;;;;x
b_tugod;Tugod;;;;;;;;;;;;;x
b_isanjor;Isanjor;;;;;;;;;;;;;x
b_hafita;Hafita;;;;;;;;;;;;;x
b_ebonshade;Ebonshade;;;;;;;;;;;;;x
b_rulita;Rulita;;;;;;;;;;;;;x
b_wabatsi;Wabatsi;;;;;;;;;;;;;x
b_ramampo;Ramampo;;;;;;;;;;;;;x
b_samgai;Samgai;;;;;;;;;;;;;x
b_taglita;Taglita;;;;;;;;;;;;;x
b_onsadra;Onsadra;;;;;;;;;;;;;x
b_brightcliff;Brightcliff;;;;;;;;;;;;;x
b_bunakai;Bunakai;;;;;;;;;;;;;x
b_qiom;Qiom;;;;;;;;;;;;;x
b_ivoryglade;Ivoryglade;;;;;;;;;;;;;x
b_reledra;Reledra;;;;;;;;;;;;;x
b_ragasa;Ragasa;;;;;;;;;;;;;x
b_satsino;Satsino;;;;;;;;;;;;;x
b_kucod;Kucod;;;;;;;;;;;;;x
b_wamamgai;Wamamgai;;;;;;;;;;;;;x
b_kaarim;Kaarim;;;;;;;;;;;;;x
b_kamapa;Kamapa;;;;;;;;;;;;;x
b_kaeseik;Kaeseik;;;;;;;;;;;;;x
b_durian;Durian;;;;;;;;;;;;;x
b_lurulam;Lurulam;;;;;;;;;;;;;x
b_wuci;Wuci;;;;;;;;;;;;;x
b_ekhapa;Ekhapa;;;;;;;;;;;;;x
b_suciko;Suciko;;;;;;;;;;;;;x
b_dezhag;Dezhag;;;;;;;;;;;;;x
b_ejoanim;Ejoanim;;;;;;;;;;;;;x
b_vozkit;Vozkit;;;;;;;;;;;;;x
b_kasoka;Kasoka;;;;;;;;;;;;;x
b_ramit;Ramit;;;;;;;;;;;;;x
b_borsali;Borsali;;;;;;;;;;;;;x
b_emosa;Emosa;;;;;;;;;;;;;x
b_tuborz;Tuborz;;;;;;;;;;;;;x
b_ryudos;Ryudos;;;;;;;;;;;;;x
b_ramina;Ramina;;;;;;;;;;;;;x
b_qamarcus;Qamarcus;;;;;;;;;;;;;x
b_lyaqina;Lyaqina;;;;;;;;;;;;;x
b_tiyuasa;Tiyuasa;;;;;;;;;;;;;x
b_kajbadu;Kajbadu;;;;;;;;;;;;;x
b_wapa;Wapa;;;;;;;;;;;;;x
b_dachi;Dachi;;;;;;;;;;;;;x
b_rosatu;Rosatu;;;;;;;;;;;;;x
b_safezia;Safezia;;;;;;;;;;;;;x
b_bupenc;Bupenc;;;;;;;;;;;;;x
b_nezia;Nezia;;;;;;;;;;;;;x
b_dubran;Dubran;;;;;;;;;;;;;x
b_ekhieti;Ekhieti;;;;;;;;;;;;;x
b_bureik;Bureik;;;;;;;;;;;;;x
b_kalim;Kalim;;;;;;;;;;;;;x
b_namitta;Namitta;;;;;;;;;;;;;x
b_derit;Derit;;;;;;;;;;;;;x
b_salona;Salona;;;;;;;;;;;;;x
b_damit;Damit;;;;;;;;;;;;;x
b_qerona;Qerona;;;;;;;;;;;;;x
b_fonda;Fonda;;;;;;;;;;;;;x
b_balali;Balali;;;;;;;;;;;;;x
b_qacja;Qacja;;;;;;;;;;;;;x
b_asegona;Asegona;;;;;;;;;;;;;x
b_rerezh;Rerezh;;;;;;;;;;;;;x
b_isezh;Isezh;;;;;;;;;;;;;x
b_keruci;Keruci;;;;;;;;;;;;;x
b_balapa;Balapa;;;;;;;;;;;;;x
b_wocit;Wocit;;;;;;;;;;;;;x
b_naarit;Naarit;;;;;;;;;;;;;x
b_qeritta;Qeritta;;;;;;;;;;;;;x
b_ribona;Ribona;;;;;;;;;;;;;x
b_qopa;Qopa;;;;;;;;;;;;;x
b_syaqim;Syaqim;;;;;;;;;;;;;x
b_etrian;Etrian;;;;;;;;;;;;;x
b_sitta;Sitta;;;;;;;;;;;;;x
b_nasoka;Nasoka;;;;;;;;;;;;;x
b_qibeik;Qibeik;;;;;;;;;;;;;x
b_atibeik;Atibeik;;;;;;;;;;;;;x
b_pelta;Pelta;;;;;;;;;;;;;x
b_kanini;Kanini;;;;;;;;;;;;;x
b_taarit;Taarit;;;;;;;;;;;;;x
b_borna;Borna;;;;;;;;;;;;;x
b_ehapa;Ehapa;;;;;;;;;;;;;x
b_ratta;Ratta;;;;;;;;;;;;;x
b_nibit;Nibit;;;;;;;;;;;;;x
b_doja;Doja;;;;;;;;;;;;;x
b_negezh;Negezh;;;;;;;;;;;;;x
b_wardukes;Wardukes;;;;;;;;;;;;;x
b_nileti;Nileti;;;;;;;;;;;;;x
b_tasgoka;Tasgoka;;;;;;;;;;;;;x
b_mlini;Mlini;;;;;;;;;;;;;x
b_kegapa;Kegapa;;;;;;;;;;;;;x
b_usitta;Usitta;;;;;;;;;;;;;x
b_tobruna;Tobruna;;;;;;;;;;;;;x
b_tepa;Tepa;;;;;;;;;;;;;x
b_raarit;Raarit;;;;;;;;;;;;;x
b_naesim;Naesim;;;;;;;;;;;;;x
b_qalona;Qalona;;;;;;;;;;;;;x
b_toanali;Toanali;;;;;;;;;;;;;x
b_kegim;Kegim;;;;;;;;;;;;;x
b_ekaza;Ekaza;;;;;;;;;;;;;x
b_tiruc;Tiruc;;;;;;;;;;;;;x
b_surapa;Surapa;;;;;;;;;;;;;x
b_aherezh;Aherezh;;;;;;;;;;;;;x
b_atibacja;Atibacja;;;;;;;;;;;;;x
b_ekhatta;Ekhatta;;;;;;;;;;;;;x
b_agayar;Agayar;;;;;;;;;;;;;x
b_siucii;Siucii;;;;;;;;;;;;;x
b_feheto;Feheto;;;;;;;;;;;;;x
b_tauzme;Tauzme;;;;;;;;;;;;;x
b_kiuva;Kiuva;;;;;;;;;;;;;x
b_welinder;Welinder;;;;;;;;;;;;;x
b_tiuci;Tiuci;;;;;;;;;;;;;x
b_rivin;Rivin;;;;;;;;;;;;;x
b_agren;Agren;;;;;;;;;;;;;x
b_tunar;Tunar;;;;;;;;;;;;;x
b_kunais;Kunais;;;;;;;;;;;;;x
b_tudiuva;Tudiuva;;;;;;;;;;;;;x
b_durorau;Durorau;;;;;;;;;;;;;x
b_adudenda;Adudenda;;;;;;;;;;;;;x
b_wuremme;Wuremme;;;;;;;;;;;;;x
b_ajel;Ajel;;;;;;;;;;;;;x
b_bendar;Bendar;;;;;;;;;;;;;x
b_dadaris;Dadaris;;;;;;;;;;;;;x
b_qenirje;Qenirje;;;;;;;;;;;;;x
b_qudemme;Qudemme;;;;;;;;;;;;;x
b_rurais;Rurais;;;;;;;;;;;;;x
b_vudanka;Vudanka;;;;;;;;;;;;;x
b_pette;Pette;;;;;;;;;;;;;x
b_alenirje;Alenirje;;;;;;;;;;;;;x
b_hoswel;Hoswel;;;;;;;;;;;;;x
b_itine;Itine;;;;;;;;;;;;;x
b_birelg;Birelg;;;;;;;;;;;;;x
b_yalda;Yalda;;;;;;;;;;;;;x
b_tesoit;Tesoit;;;;;;;;;;;;;x
b_runar;Runar;;;;;;;;;;;;;x
b_nitiuva;Nitiuva;;;;;;;;;;;;;x
b_tanenga;Tanenga;;;;;;;;;;;;;x
b_suniir;Suniir;;;;;;;;;;;;;x
b_tiurar;Tiurar;;;;;;;;;;;;;x
b_rirelg;Rirelg;;;;;;;;;;;;;x
b_banorau;Banorau;;;;;;;;;;;;;x
b_zanaray;Zanaray;;;;;;;;;;;;;x
b_runarou;Runarou;;;;;;;;;;;;;x
b_ahanacob;Ahanacob;;;;;;;;;;;;;x
b_kilani;Kilani;;;;;;;;;;;;;x
b_abuginah;Abuginah;;;;;;;;;;;;;x
b_loitar;Loitar;;;;;;;;;;;;;x
b_qural;Qural;;;;;;;;;;;;;x
b_kiotield;Kiotield;;;;;;;;;;;;;x
b_tativ;Tativ;;;;;;;;;;;;;x
b_sitemme;Sitemme;;;;;;;;;;;;;x
b_lativ;Lativ;;;;;;;;;;;;;x
b_dunirje;Dunirje;;;;;;;;;;;;;x
b_dirar;Dirar;;;;;;;;;;;;;x
b_tanlar;Tanlar;;;;;;;;;;;;;x
b_woraki;Woraki;;;;;;;;;;;;;x
b_rayaal;Rayaal;;;;;;;;;;;;;x
b_nulabet;Nulabet;;;;;;;;;;;;;x
b_tikar;Tikar;;;;;;;;;;;;;x
b_korazub;Korazub;;;;;;;;;;;;;x
b_sunoit;Sunoit;;;;;;;;;;;;;x
b_sunoit_2;Sunoit_2;;;;;;;;;;;;;x
b_ahesi;Ahesi;;;;;;;;;;;;;x
b_unibor;Unibor;;;;;;;;;;;;;x
b_amunemme;Amunemme;;;;;;;;;;;;;x
b_rauzelg;Rauzelg;;;;;;;;;;;;;x
b_kunemme;Kunemme;;;;;;;;;;;;;x
b_badinder;Badinder;;;;;;;;;;;;;x
b_litorau;Litorau;;;;;;;;;;;;;x
b_liucelg;Liucelg;;;;;;;;;;;;;x
b_agayamme;Agayamme;;;;;;;;;;;;;x
b_ejacir;Ejacir;;;;;;;;;;;;;x
b_tirofo;Tirofo;;;;;;;;;;;;;x
b_keliuva;Keliuva;;;;;;;;;;;;;x
b_surelg;Surelg;;;;;;;;;;;;;x
b_qelivi;Qelivi;;;;;;;;;;;;;x
b_jelorau;Jelorau;;;;;;;;;;;;;x
b_sacivi;Sacivi;;;;;;;;;;;;;x
b_tiriuva;Tiriuva;;;;;;;;;;;;;x
b_nauzir;Nauzir;;;;;;;;;;;;;x
b_liranga;Liranga;;;;;;;;;;;;;x
b_belme;Belme;;;;;;;;;;;;;x
b_kittebar;Kittebar;;;;;;;;;;;;;x
b_esvacob;Esvacob;;;;;;;;;;;;;x
b_yelt;Yelt;;;;;;;;;;;;;x
b_kunaray;Kunaray;;;;;;;;;;;;;x
b_ednak;Ednak;;;;;;;;;;;;;x
b_qilarou;Qilarou;;;;;;;;;;;;;x
b_nialen;Nialen;;;;;;;;;;;;;x
b_runaki;Runaki;;;;;;;;;;;;;x
b_silac;Silac;;;;;;;;;;;;;x
b_lahmud;Lahmud;;;;;;;;;;;;;x
b_vacorau;Vacorau;;;;;;;;;;;;;x
b_kibodes;Kibodes;;;;;;;;;;;;;x
b_lacais;Lacais;;;;;;;;;;;;;x
b_uldaki;Uldaki;;;;;;;;;;;;;x
b_nborau;Nborau;;;;;;;;;;;;;x
b_suner;Suner;;;;;;;;;;;;;x
b_nacel;Nacel;;;;;;;;;;;;;x
b_rumelg;Rumelg;;;;;;;;;;;;;x
b_taugen;Taugen;;;;;;;;;;;;;x
b_elanga;Elanga;;;;;;;;;;;;;x
b_direner;Direner;;;;;;;;;;;;;x
b_kurelg;Kurelg;;;;;;;;;;;;;x
b_edirje;Edirje;;;;;;;;;;;;;x
b_besven;Besven;;;;;;;;;;;;;x
b_raybela;Raybela;;;;;;;;;;;;;x
b_korani;Korani;;;;;;;;;;;;;x
b_sacob;Sacob;;;;;;;;;;;;;x
b_oraray;Oraray;;;;;;;;;;;;;x
b_kanais;Kanais;;;;;;;;;;;;;x
b_vinder;Vinder;;;;;;;;;;;;;x
b_damuda;Damuda;;;;;;;;;;;;;x
b_sobela;Sobela;;;;;;;;;;;;;x
b_kadirje;Kadirje;;;;;;;;;;;;;x
b_laisbrot;Laisbrot;;;;;;;;;;;;;x
b_rosye;Rosye;;;;;;;;;;;;;x
b_heloit;Heloit;;;;;;;;;;;;;x
b_fresnes;Fresnes;;;;;;;;;;;;;x
b_amesyeu;Amesyeu;;;;;;;;;;;;;x
b_chate;Chate;;;;;;;;;;;;;x
b_krois;Krois;;;;;;;;;;;;;x
b_martou;Martou;;;;;;;;;;;;;x
b_nese;Nese;;;;;;;;;;;;;x
b_javtis;Javtis;;;;;;;;;;;;;x
b_launfal;Launfal;;;;;;;;;;;;;x
b_lievoie;Lievoie;;;;;;;;;;;;;x
b_colme;Colme;;;;;;;;;;;;;x
b_montge;Montge;;;;;;;;;;;;;x
b_leymitte;Leymitte;;;;;;;;;;;;;x
b_beaume;Beaume;;;;;;;;;;;;;x
b_uwose;Uwose;;;;;;;;;;;;;x
b_vedeux;Vedeux;;;;;;;;;;;;;x
b_vedeux_2;Vedeux_2;;;;;;;;;;;;;x
b_bun;Bun;;;;;;;;;;;;;x
b_villerval;Villerval;;;;;;;;;;;;;x
b_valen;Valen;;;;;;;;;;;;;x
b_pinine;Pinine;;;;;;;;;;;;;x
b_talgar;Talgar;;;;;;;;;;;;;x
b_zeuce;Zeuce;;;;;;;;;;;;;x
b_chande;Chande;;;;;;;;;;;;;x
b_cros;Cros;;;;;;;;;;;;;x
b_groze;Groze;;;;;;;;;;;;;x
b_ganiat;Ganiat;;;;;;;;;;;;;x
b_brusque;Brusque;;;;;;;;;;;;;x
b_dechy;Dechy;;;;;;;;;;;;;x
b_egles;Egles;;;;;;;;;;;;;x
b_meux;Meux;;;;;;;;;;;;;x
b_gurzy;Gurzy;;;;;;;;;;;;;x
b_doy;Doy;;;;;;;;;;;;;x
b_worzel;Worzel;;;;;;;;;;;;;x
b_moysen;Moysen;;;;;;;;;;;;;x
b_vievers;Vievers;;;;;;;;;;;;;x
b_yport;Yport;;;;;;;;;;;;;x
b_avree;Avree;;;;;;;;;;;;;x
b_duham;Duham;;;;;;;;;;;;;x
b_lila;Lila;;;;;;;;;;;;;x
b_glaci;Glaci;;;;;;;;;;;;;x
b_velhad;Velhad;;;;;;;;;;;;;x
b_fllend;Fllend;;;;;;;;;;;;;x
b_aronne;Aronne;;;;;;;;;;;;;x
b_soraig;Soraig;;;;;;;;;;;;;x
b_deloz;Deloz;;;;;;;;;;;;;x
b_cerbul;Cerbul;;;;;;;;;;;;;x
b_dunet;Dunet;;;;;;;;;;;;;x
b_adampole;Adampole;;;;;;;;;;;;;x
b_belhau;Belhau;;;;;;;;;;;;;x
b_bovin;Bovin;;;;;;;;;;;;;x
b_rosker;Rosker;;;;;;;;;;;;;x
b_ban_glean;Ban Glean;;;;;;;;;;;;;x
b_gropl;Gropl;;;;;;;;;;;;;x
b_myslin;Myslin;;;;;;;;;;;;;x
b_howley;Howley;;;;;;;;;;;;;x
b_caed_myrkvid;Caed Myrkvid;;;;;;;;;;;;;x
b_elms;Elms;;;;;;;;;;;;;x
b_meren;Meren;;;;;;;;;;;;;x
b_stilg;Stilg;;;;;;;;;;;;;x
b_delfarn;Delfarn;;;;;;;;;;;;;x
b_eldrych;Eldrych;;;;;;;;;;;;;x
b_petrun;Petrun;;;;;;;;;;;;;x
b_riuz;Riuz;;;;;;;;;;;;;x
b_tibeni;Tibeni;;;;;;;;;;;;;x
b_gorg;Gorg;;;;;;;;;;;;;x
b_aldom;Aldom;;;;;;;;;;;;;x
b_robern;Robern;;;;;;;;;;;;;x
b_benins;Benins;;;;;;;;;;;;;x
b_ryba;Ryba;;;;;;;;;;;;;x
b_solto;Solto;;;;;;;;;;;;;x
b_hirvan;Hirvan;;;;;;;;;;;;;x
b_loriel;Loriel;;;;;;;;;;;;;x
b_suire;Suire;;;;;;;;;;;;;x
b_karsh;Karsh;;;;;;;;;;;;;x
b_ustilog;Ustilog;;;;;;;;;;;;;x
b_egand;Egand;;;;;;;;;;;;;x
b_alamar;Alamar;;;;;;;;;;;;;x
b_delum;Delum;;;;;;;;;;;;;x
b_jofan;Jofan;;;;;;;;;;;;;x
b_salty;Salty;;;;;;;;;;;;;x
b_dun_gleanainn;Dun Gleanainn;;;;;;;;;;;;;x
b_warnig;Warnig;;;;;;;;;;;;;x
b_vaymbet;Vaymbet;;;;;;;;;;;;;x
b_richan;Richan;;;;;;;;;;;;;x
b_hael;Hael;;;;;;;;;;;;;x
b_verten;Verten;;;;;;;;;;;;;x
b_nymb;Nymb;;;;;;;;;;;;;x
b_birensk;Birensk;;;;;;;;;;;;;x
b_latan;Latan;;;;;;;;;;;;;x
b_demy;Demy;;;;;;;;;;;;;x
b_niark;Niark;;;;;;;;;;;;;x
b_tugun;Tugun;;;;;;;;;;;;;x
b_banrat;Banrat;;;;;;;;;;;;;x
b_tranhor;Tranhor;;;;;;;;;;;;;x
b_skierj;Skierj;;;;;;;;;;;;;x
b_dolven;Dolven;;;;;;;;;;;;;x
b_maum;Maum;;;;;;;;;;;;;x
b_meuse;Meuse;;;;;;;;;;;;;x
b_maroz;Maroz;;;;;;;;;;;;;x
b_uleva;Uleva;;;;;;;;;;;;;x
b_taganrog;Taganrog;;;;;;;;;;;;;x
b_borj;Borj;;;;;;;;;;;;;x
b_lism;Lism;;;;;;;;;;;;;x
b_lozar;Lozar;;;;;;;;;;;;;x
b_croda;Croda;;;;;;;;;;;;;x
b_serkin;Serkin;;;;;;;;;;;;;x
b_terpilit;Terpilit;;;;;;;;;;;;;x
b_riald;Riald;;;;;;;;;;;;;x
b_geurin;Geurin;;;;;;;;;;;;;x
b_ostrov;Ostrov;;;;;;;;;;;;;x
b_norko;Norko;;;;;;;;;;;;;x
b_ugol;Ugol;;;;;;;;;;;;;x
b_gnysa;Gnysa;;;;;;;;;;;;;x
b_kolum;Kolum;;;;;;;;;;;;;x
b_reik;Reik;;;;;;;;;;;;;x
b_spysk;Spysk;;;;;;;;;;;;;x
b_tisal;Tisal;;;;;;;;;;;;;x
b_artiom;Artiom;;;;;;;;;;;;;x
b_marice;Marice;;;;;;;;;;;;;x
b_satal;Satal;;;;;;;;;;;;;x
b_dumtir;Dumtir;;;;;;;;;;;;;x
b_fresnes;Fresnes;;;;;;;;;;;;;x
b_amesyeu;Amesyeu;;;;;;;;;;;;;x
b_chate;Chate;;;;;;;;;;;;;x
b_krois;Krois;;;;;;;;;;;;;x
b_martou;Martou;;;;;;;;;;;;;x
b_nese;Nese;;;;;;;;;;;;;x
b_javtis;Javtis;;;;;;;;;;;;;x
b_launfal;Launfal;;;;;;;;;;;;;x
b_lievoie;Lievoie;;;;;;;;;;;;;x
b_colme;Colme;;;;;;;;;;;;;x
b_montge;Montge;;;;;;;;;;;;;x
b_leymitte;Leymitte;;;;;;;;;;;;;x
b_beaume;Beaume;;;;;;;;;;;;;x
b_uwose;Uwose;;;;;;;;;;;;;x
b_vedeux;Vedeux;;;;;;;;;;;;;x
b_breile;Breile;;;;;;;;;;;;;x
b_cahy;Cahy;;;;;;;;;;;;;x
b_vyselki;Vyselki;;;;;;;;;;;;;x
b_lyone;Lyone;;;;;;;;;;;;;x
b_cenny;Cenny;;;;;;;;;;;;;x
b_beze;Beze;;;;;;;;;;;;;x
b_zurbarran;Zurbarran;;;;;;;;;;;;;x
b_vinceau;Vinceau;;;;;;;;;;;;;x
b_cene;Cene;;;;;;;;;;;;;x
b_bourge;Bourge;;;;;;;;;;;;;x
b_pilyp;Pilyp;;;;;;;;;;;;;x
b_villejavat;Villejavat;;;;;;;;;;;;;x
b_lorigne;Lorigne;;;;;;;;;;;;;x
b_cayenne;Cayenne;;;;;;;;;;;;;x
b_cambre;Cambre;;;;;;;;;;;;;x
b_vinoy;Vinoy;;;;;;;;;;;;;x
b_creuxrenard;Creuxrenard;;;;;;;;;;;;;x
b_frentou;Frentou;;;;;;;;;;;;;x
b_niortou;Niortou;;;;;;;;;;;;;x
b_drille;Drille;;;;;;;;;;;;;x
b_peyrac;Peyrac;;;;;;;;;;;;;x
b_meudy;Meudy;;;;;;;;;;;;;x
b_peyran;Peyran;;;;;;;;;;;;;x
b_troanny;Troanny;;;;;;;;;;;;;x
b_chene;Chene;;;;;;;;;;;;;x
b_daug;Daug;;;;;;;;;;;;;x
b_grindos;Grindos;;;;;;;;;;;;;x
b_harlau;Harlau;;;;;;;;;;;;;x
b_moule;Moule;;;;;;;;;;;;;x
b_skordh;Skordh;;;;;;;;;;;;;x
b_cassy;Cassy;;;;;;;;;;;;;x
b_chazy;Chazy;;;;;;;;;;;;;x
b_tridam;Tridam;;;;;;;;;;;;;x
b_autroche;Autroche;;;;;;;;;;;;;x
b_azunere;Azunere;;;;;;;;;;;;;x
b_gatabur;Gatabur;;;;;;;;;;;;;x
b_eglupis;Eglupis;;;;;;;;;;;;;x
b_indubak;Indubak;;;;;;;;;;;;;x
b_aluona;Aluona;;;;;;;;;;;;;x
b_serquigny;Serquigny;;;;;;;;;;;;;x
b_arthieul;Arthieul;;;;;;;;;;;;;x
b_cubele;Cubele;;;;;;;;;;;;;x
b_salant;Salant;;;;;;;;;;;;;x
b_sokonys;Sokonys;;;;;;;;;;;;;x
b_peyrieu;Peyrieu;;;;;;;;;;;;;x
b_levesville;Levesville;;;;;;;;;;;;;x
b_graix;Graix;;;;;;;;;;;;;x
b_pinay;Pinay;;;;;;;;;;;;;x
b_tiria;Tiria;;;;;;;;;;;;;x
b_dullin;Dullin;;;;;;;;;;;;;x
b_usen;Usen;;;;;;;;;;;;;x
b_rinxent;Rinxent;;;;;;;;;;;;;x
b_jaignes;Jaignes;;;;;;;;;;;;;x
b_taron;Taron;;;;;;;;;;;;;x
b_pellouailles;Pellouailles;;;;;;;;;;;;;x
b_nadruw;Nadruw;;;;;;;;;;;;;x
b_pillavar;Pillavar;;;;;;;;;;;;;x
b_mytowe;Mytowe;;;;;;;;;;;;;x
b_krustpils;Krustpils;;;;;;;;;;;;;x
b_talgar;Talgar;;;;;;;;;;;;;x
b_meurchin;Meurchin;;;;;;;;;;;;;x
b_gonge;Gonge;;;;;;;;;;;;;x
b_egles;Egles;;;;;;;;;;;;;x
b_kujagalv;Kujagalv;;;;;;;;;;;;;x
b_rimk;Rimk;;;;;;;;;;;;;x
b_cerel;Cerel;;;;;;;;;;;;;x
b_cavron;Cavron;;;;;;;;;;;;;x
b_argueil;Argueil;;;;;;;;;;;;;x
b_brenoux;Brenoux;;;;;;;;;;;;;x
b_vievers;Vievers;;;;;;;;;;;;;x
b_sol;Sol;;;;;;;;;;;;;x
b_cirel;Cirel;;;;;;;;;;;;;x
b_asmon;Asmon;;;;;;;;;;;;;x
b_chalignat;Chalignat;;;;;;;;;;;;;x
b_logoray;Logoray;;;;;;;;;;;;;x
b_alliancelles;Alliancelles;;;;;;;;;;;;;x
b_velpils;Velpils;;;;;;;;;;;;;x
b_tilgit;Tilgit;;;;;;;;;;;;;x
b_balanden;Balanden;;;;;;;;;;;;;x
b_luban;Luban;;;;;;;;;;;;;x
b_ventabren;Ventabren;;;;;;;;;;;;;x
b_ajat;Ajat;;;;;;;;;;;;;x
b_kerliou;Kerliou;;;;;;;;;;;;;x
b_adampole;Adampole;;;;;;;;;;;;;x
b_eiven;Eiven;;;;;;;;;;;;;x
b_sniukon;Sniukon;;;;;;;;;;;;;x
b_cirul;Cirul;;;;;;;;;;;;;x
b_auger;Auger;;;;;;;;;;;;;x
b_gongf;Gongf;;;;;;;;;;;;;x
b_ban_glean;Ban Glean;;;;;;;;;;;;;x
b_retkaurgun;Retkaurgun;;;;;;;;;;;;;x
b_oskol;Oskol;;;;;;;;;;;;;x
b_peremil;Peremil;;;;;;;;;;;;;x
b_konsha;Konsha;;;;;;;;;;;;;x
b_avkima;Avkima;;;;;;;;;;;;;x
b_galashki;Galashki;;;;;;;;;;;;;x
b_caed_myrkvid;Caed Myrkvid;;;;;;;;;;;;;x
b_atak;Atak;;;;;;;;;;;;;x
b_brevennoye;Brevennoye;;;;;;;;;;;;;x
b_petrovskiye;Petrovskiye;;;;;;;;;;;;;x
b_yaprintsev;Yaprintsev;;;;;;;;;;;;;x
b_redkodub;Redkodub;;;;;;;;;;;;;x
b_volokhova;Volokhova;;;;;;;;;;;;;x
b_petrun;Petrun;;;;;;;;;;;;;x
b_shabanka;Shabanka;;;;;;;;;;;;;x
b_uskul;Uskul;;;;;;;;;;;;;x
b_pelikova;Pelikova;;;;;;;;;;;;;x
b_kopys;Kopys;;;;;;;;;;;;;x
b_vasilyevo;Vasilyevo;;;;;;;;;;;;;x
b_aydarovo;Aydarovo;;;;;;;;;;;;;x
b_ryba;Ryba;;;;;;;;;;;;;x
b_bludnoye;Bludnoye;;;;;;;;;;;;;x
b_russkorechka;Russkorechka;;;;;;;;;;;;;x
b_trubanicha;Trubanicha;;;;;;;;;;;;;x
b_vedno;Vedno;;;;;;;;;;;;;x
b_prilepy;Prilepy;;;;;;;;;;;;;x
b_roma;Roma;;;;;;;;;;;;;x
b_ustilog;Ustilog;;;;;;;;;;;;;x
b_varguza;Varguza;;;;;;;;;;;;;x
b_piten;Piten;;;;;;;;;;;;;x
b_polksten;Polksten;;;;;;;;;;;;;x
b_angarsk;Angarsk;;;;;;;;;;;;;x
b_izvoz;Izvoz;;;;;;;;;;;;;x
b_marino;Marino;;;;;;;;;;;;;x
b_dun_gleanainn;Dun Gleanainn;;;;;;;;;;;;;x
b_lubno;Lubno;;;;;;;;;;;;;x
b_isker;Isker;;;;;;;;;;;;;x
b_ukek;Ukek;;;;;;;;;;;;;x
b_golchan;Golchan;;;;;;;;;;;;;x
b_ozinki;Ozinki;;;;;;;;;;;;;x
b_polstyanoy;Polstyanoy;;;;;;;;;;;;;x
b_bayymbet;Bayymbet;;;;;;;;;;;;;x
b_zaimka;Zaimka;;;;;;;;;;;;;x
b_kosaya;Kosaya;;;;;;;;;;;;;x
b_yeremenkov;Yeremenkov;;;;;;;;;;;;;x
b_tynay;Tynay;;;;;;;;;;;;;x
b_borozdy;Borozdy;;;;;;;;;;;;;x
b_zachin;Zachin;;;;;;;;;;;;;x
b_kirensk;Kirensk;;;;;;;;;;;;;x
b_cembalo;Cembalo;;;;;;;;;;;;;x
b_pelym;Pelym;;;;;;;;;;;;;x
b_braila;Braila;;;;;;;;;;;;;x
b_lutashi;Lutashi;;;;;;;;;;;;;x
b_nikolayevka;Nikolayevka;;;;;;;;;;;;;x
b_malygintsy;Malygintsy;;;;;;;;;;;;;x
b_tugun;Tugun;;;;;;;;;;;;;x
b_abbarten;Abbarten;;;;;;;;;;;;;x
b_makaryata;Makaryata;;;;;;;;;;;;;x
b_chastye;Chastye;;;;;;;;;;;;;x
b_svistovka;Svistovka;;;;;;;;;;;;;x
b_energetik;Energetik;;;;;;;;;;;;;x
b_rudnya;Rudnya;;;;;;;;;;;;;x
b_maum;Maum;;;;;;;;;;;;;x
b_kapan;Kapan;;;;;;;;;;;;;x
b_borovsk;Borovsk;;;;;;;;;;;;;x
b_vyshegrad;Vyshegrad;;;;;;;;;;;;;x
b_krinichkin;Krinichkin;;;;;;;;;;;;;x
b_dolgarevo;Dolgarevo;;;;;;;;;;;;;x
b_pankino;Pankino;;;;;;;;;;;;;x
b_taganrog;Taganrog;;;;;;;;;;;;;x
b_kolodiazhen;Kolodiazhen;;;;;;;;;;;;;x
b_soldaia;Soldaia;;;;;;;;;;;;;x
b_rubetskoye;Rubetskoye;;;;;;;;;;;;;x
b_tishina;Tishina;;;;;;;;;;;;;x
b_penkozavod;Penkozavod;;;;;;;;;;;;;x
b_mokeytsevo;Mokeytsevo;;;;;;;;;;;;;x
b_terpilit;Terpilit;;;;;;;;;;;;;x
b_berezniki;Berezniki;;;;;;;;;;;;;x
b_demlya;Demlya;;;;;;;;;;;;;x
b_seme;Seme;;;;;;;;;;;;;x
b_volchkovo;Volchkovo;;;;;;;;;;;;;x
b_gadivshina;Gadivshina;;;;;;;;;;;;;x
b_krest;Krest;;;;;;;;;;;;;x
b_ugol;Ugol;;;;;;;;;;;;;x
b_ashti;Ashti;;;;;;;;;;;;;x
b_selyakino;Selyakino;;;;;;;;;;;;;x
b_turgenyevo;Turgenyevo;;;;;;;;;;;;;x
b_nikislitsa;Nikislitsa;;;;;;;;;;;;;x
b_zaborovye;Zaborovye;;;;;;;;;;;;;x
b_grigorevko;Grigorevko;;;;;;;;;;;;;x
b_artiom;Artiom;;;;;;;;;;;;;x
b_bryn;Bryn;;;;;;;;;;;;;x
b_lukoml;Lukoml;;;;;;;;;;;;;x
b_krupl;Krupl;;;;;;;;;;;;;x
b_vikri;Vikri;;;;;;;;;;;;;x
b_vilyuneyskay;Vilyuneyskay;;;;;;;;;;;;;x
b_podlopatochnov;Podlopatochnov;;;;;;;;;;;;;x
b_kergedan;Kergedan;;;;;;;;;;;;;x
b_daevon;Daevon;;;;;;;;;;;;;x
b_trepol;Trepol;;;;;;;;;;;;;x
b_gertsik;Gertsik;;;;;;;;;;;;;x
b_shigashet;Shigashet;;;;;;;;;;;;;x
b_golovino;Golovino;;;;;;;;;;;;;x
b_syrtsovo;Syrtsovo;;;;;;;;;;;;;x
b_gauf;Gauf;;;;;;;;;;;;;x
b_kopka;Kopka;;;;;;;;;;;;;x
b_vyletovka;Vyletovka;;;;;;;;;;;;;x
b_podborovye;Podborovye;;;;;;;;;;;;;x
b_shernavka;Shernavka;;;;;;;;;;;;;x
b_vodyanka;Vodyanka;;;;;;;;;;;;;x
b_ilinka;Ilinka;;;;;;;;;;;;;x
b_ivlot;Ivlot;;;;;;;;;;;;;x
b_zarya;Zarya;;;;;;;;;;;;;x
b_kordon;Kordon;;;;;;;;;;;;;x
b_degtyarka;Degtyarka;;;;;;;;;;;;;x
b_olovyannaya;Olovyannaya;;;;;;;;;;;;;x
b_fomitsino;Fomitsino;;;;;;;;;;;;;x
b_maltsevo;Maltsevo;;;;;;;;;;;;;x
b_mangup;Mangup;;;;;;;;;;;;;x
b_labinsk;Labinsk;;;;;;;;;;;;;x
b_ornas;Ornas;;;;;;;;;;;;;x
b_debriansk;Debriansk;;;;;;;;;;;;;x
b_oktyabr;Oktyabr;;;;;;;;;;;;;x
b_ilinov;Ilinov;;;;;;;;;;;;;x
b_buruncha;Buruncha;;;;;;;;;;;;;x
b_ard_gymraen;Ard Gymraen;;;;;;;;;;;;;x
b_korbozero;Korbozero;;;;;;;;;;;;;x
b_nevon;Nevon;;;;;;;;;;;;;x
b_glabany;Glabany;;;;;;;;;;;;;x
b_kolonist;Kolonist;;;;;;;;;;;;;x
b_shoi;Shoi;;;;;;;;;;;;;x
b_bashir;Bashir;;;;;;;;;;;;;x
b_daud_otar;Daud Otar;;;;;;;;;;;;;x
b_chamvinka;Chamvinka;;;;;;;;;;;;;x
b_privolye;Privolye;;;;;;;;;;;;;x
b_neumoyki;Neumoyki;;;;;;;;;;;;;x
b_krym;Krym;;;;;;;;;;;;;x
b_gutnatikau;Gutnatikau;;;;;;;;;;;;;x
b_pichineyka;Pichineyka;;;;;;;;;;;;;x
b_klin;Klin;;;;;;;;;;;;;x
b_korsun;Korsun;;;;;;;;;;;;;x
b_rylsk;Rylsk;;;;;;;;;;;;;x
b_iskitim;Iskitim;;;;;;;;;;;;;x
b_osinovka;Osinovka;;;;;;;;;;;;;x
b_dolgoye;Dolgoye;;;;;;;;;;;;;x
b_kozyulino;Kozyulino;;;;;;;;;;;;;x
b_suzdal;Suzdal;;;;;;;;;;;;;x
b_lomza;Lomza;;;;;;;;;;;;;x
b_krull;Krull;;;;;;;;;;;;;x
b_varin;Varin;;;;;;;;;;;;;x
b_zimniki;Zimniki;;;;;;;;;;;;;x
b_semisola;Semisola;;;;;;;;;;;;;x
b_mukayeva;Mukayeva;;;;;;;;;;;;;x
b_bukina;Bukina;;;;;;;;;;;;;x
b_braniewo;Braniewo;;;;;;;;;;;;;x
b_blets;Blets;;;;;;;;;;;;;x
b_gubin;Gubin;;;;;;;;;;;;;x
b_kozodoi;Kozodoi;;;;;;;;;;;;;x
b_belkovo;Belkovo;;;;;;;;;;;;;x
b_pegan;Pegan;;;;;;;;;;;;;x
b_arkaim;Arkaim;;;;;;;;;;;;;x
b_hapsal;Hapsal;;;;;;;;;;;;;x
b_kunil;Kunil;;;;;;;;;;;;;x
b_gomel;Gomel;;;;;;;;;;;;;x
b_rusakovy;Rusakovy;;;;;;;;;;;;;x
b_novourupskiy;Novourupskiy;;;;;;;;;;;;;x
b_zefedat;Zefedat;;;;;;;;;;;;;x
b_barlest;Barlest;;;;;;;;;;;;;x
b_syda;Syda;;;;;;;;;;;;;x
b_shudasola;Shudasola;;;;;;;;;;;;;x
b_pulshalma;Pulshalma;;;;;;;;;;;;;x
b_feliksovo;Feliksovo;;;;;;;;;;;;;x
b_shipitsyna;Shipitsyna;;;;;;;;;;;;;x
b_trudovoy;Trudovoy;;;;;;;;;;;;;x
b_kazener;Kazener;;;;;;;;;;;;;x
b_orben;Orben;;;;;;;;;;;;;x
b_blagodat;Blagodat;;;;;;;;;;;;;x
b_dalyssy;Dalyssy;;;;;;;;;;;;;x
b_stepa;Stepa;;;;;;;;;;;;;x
b_vorobtsovka;Vorobtsovka;;;;;;;;;;;;;x
b_zorino;Zorino;;;;;;;;;;;;;x
b_nadym;Nadym;;;;;;;;;;;;;x
b_shiluva;Shiluva;;;;;;;;;;;;;x
b_tanais;Tanais;;;;;;;;;;;;;x
b_listven;Listven;;;;;;;;;;;;;x
b_voni;Voni;;;;;;;;;;;;;x
b_poloma;Poloma;;;;;;;;;;;;;x
b_kargino;Kargino;;;;;;;;;;;;;x
b_leyda;Leyda;;;;;;;;;;;;;x
b_grift;Grift;;;;;;;;;;;;;x
b_moroviisk;Moroviisk;;;;;;;;;;;;;x
b_dorostol;Dorostol;;;;;;;;;;;;;x
b_stepnoy;Stepnoy;;;;;;;;;;;;;x
b_amanat;Amanat;;;;;;;;;;;;;x
b_yerestnaya;Yerestnaya;;;;;;;;;;;;;x
b_mugort;Mugort;;;;;;;;;;;;;x
b_ternovy;Ternovy;;;;;;;;;;;;;x
b_kolentsevo;Kolentsevo;;;;;;;;;;;;;x
b_alikuyu;Alikuyu;;;;;;;;;;;;;x
b_pankov;Pankov;;;;;;;;;;;;;x
b_kutok;Kutok;;;;;;;;;;;;;x
b_nikitovka;Nikitovka;;;;;;;;;;;;;x
b_tarlyk;Tarlyk;;;;;;;;;;;;;x
b_kondas;Kondas;;;;;;;;;;;;;x
b_nizy;Nizy;;;;;;;;;;;;;x
b_felchikovo;Felchikovo;;;;;;;;;;;;;x
b_sharlovo;Sharlovo;;;;;;;;;;;;;x
b_mochaki;Mochaki;;;;;;;;;;;;;x
b_ozerki;Ozerki;;;;;;;;;;;;;x
b_vspaden;Vspaden;;;;;;;;;;;;;x
b_aramil;Aramil;;;;;;;;;;;;;x
b_iam;Iam;;;;;;;;;;;;;x
b_narym;Narym;;;;;;;;;;;;;x
b_bobylevka;Bobylevka;;;;;;;;;;;;;x
b_trifanovskiy;Trifanovskiy;;;;;;;;;;;;;x
b_frolovka;Frolovka;;;;;;;;;;;;;x
b_arvamas;Arvamas;;;;;;;;;;;;;x
b_gertsike;Gertsike;;;;;;;;;;;;;x
b_mahiliou;Mahiliou;;;;;;;;;;;;;x
b_majkop;Majkop;;;;;;;;;;;;;x
b_ternovski;Ternovski;;;;;;;;;;;;;x
b_beluzhino;Beluzhino;;;;;;;;;;;;;x
b_koldairov;Koldairov;;;;;;;;;;;;;x
b_gwenllechbrod;Gwenllechbrod;;;;;;;;;;;;;x
b_kaer_morhen;Kaer Morhen;;;;;;;;;;;;;x
b_ksniatin;Ksniatin;;;;;;;;;;;;;x
b_iasa;Iasa;;;;;;;;;;;;;x
b_voskresenka;Voskresenka;;;;;;;;;;;;;x
b_tabunnyy;Tabunnyy;;;;;;;;;;;;;x
b_duplyatka;Duplyatka;;;;;;;;;;;;;x
b_munor;Munor;;;;;;;;;;;;;x
b_barantsovskoye;Barantsovskoye;;;;;;;;;;;;;x
b_lyadishche;Lyadishche;;;;;;;;;;;;;x
b_damchurts;Damchurts;;;;;;;;;;;;;x
b_zarechye;Zarechye;;;;;;;;;;;;;x
b_shivey;Shivey;;;;;;;;;;;;;x
b_chiboi;Chiboi;;;;;;;;;;;;;x
b_tiga;Tiga;;;;;;;;;;;;;x
b_mikrilya;Mikrilya;;;;;;;;;;;;;x
b_sergeyevka;Sergeyevka;;;;;;;;;;;;;x
b_otradovka;Otradovka;;;;;;;;;;;;;x
b_darovinki;Darovinki;;;;;;;;;;;;;x
b_ushay_kutan;Ushay Kutan;;;;;;;;;;;;;x
b_snegirevka;Snegirevka;;;;;;;;;;;;;x
b_zabeley;Zabeley;;;;;;;;;;;;;x
b_nizhnyaya;Nizhnyaya;;;;;;;;;;;;;x
b_porez;Porez;;;;;;;;;;;;;x
b_kiryushino;Kiryushino;;;;;;;;;;;;;x
b_skokovo;Skokovo;;;;;;;;;;;;;x
b_derevnya;Derevnya;;;;;;;;;;;;;x
b_lazurny;Lazurny;;;;;;;;;;;;;x
b_ard_kestrel;Ard Kestrel;;;;;;;;;;;;;x
b_mirkov;Mirkov;;;;;;;;;;;;;x
b_trenich;Trenich;;;;;;;;;;;;;x
b_zibrovo;Zibrovo;;;;;;;;;;;;;x
b_barma;Barma;;;;;;;;;;;;;x
b_karmalka;Karmalka;;;;;;;;;;;;;x
b_mikhaylovka;Mikhaylovka;;;;;;;;;;;;;x
b_kolooma;Kolooma;;;;;;;;;;;;;x
b_prozorovo;Prozorovo;;;;;;;;;;;;;x
b_glebl;Glebl;;;;;;;;;;;;;x
b_ltava;Ltava;;;;;;;;;;;;;x
b_kruty;Kruty;;;;;;;;;;;;;x
b_kudrino;Kudrino;;;;;;;;;;;;;x
b_zhaysk;Zhaysk;;;;;;;;;;;;;x
b_marfink;Marfink;;;;;;;;;;;;;x
b_afonino;Afonino;;;;;;;;;;;;;x
b_kalinino;Kalinino;;;;;;;;;;;;;x
b_afanasyevo;Afanasyevo;;;;;;;;;;;;;x
b_lesnoye;Lesnoye;;;;;;;;;;;;;x
b_zavetny;Zavetny;;;;;;;;;;;;;x
b_arylaa;Arylaa;;;;;;;;;;;;;x
b_terssac;Terssac;;;;;;;;;;;;;x
b_stepki;Stepki;;;;;;;;;;;;;x
b_toshimoe;Toshimoe;;;;;;;;;;;;;x
b_glotovskaya;Glotovskaya;;;;;;;;;;;;;x
b_shumilovo;Shumilovo;;;;;;;;;;;;;x
b_selenginsk;Selenginsk;;;;;;;;;;;;;x
b_radishchevo;Radishchevo;;;;;;;;;;;;;x
b_lomtuga;Lomtuga;;;;;;;;;;;;;x
b_temnyy;Temnyy;;;;;;;;;;;;;x
b_karpovka;Karpovka;;;;;;;;;;;;;x
b_kostino;Kostino;;;;;;;;;;;;;x
b_lobozovo;Lobozovo;;;;;;;;;;;;;x
b_kyshkina;Kyshkina;;;;;;;;;;;;;x
b_zubkovo;Zubkovo;;;;;;;;;;;;;x
b_almandaye;Almandaye;;;;;;;;;;;;;x
b_zatishye;Zatishye;;;;;;;;;;;;;x
b_podbelo;Podbelo;;;;;;;;;;;;;x
b_fedorkovo;Fedorkovo;;;;;;;;;;;;;x
b_sapogyn;Sapogyn;;;;;;;;;;;;;x
b_podborye;Podborye;;;;;;;;;;;;;x
b_vyarvel;Vyarvel;;;;;;;;;;;;;x
b_ard_ghlais;Ard Ghlais;;;;;;;;;;;;;x
b_svyatinya_lebioda;Svyatinya Lebioda;;;;;;;;;;;;;x
b_chudnyakovo;Chudnyakovo;;;;;;;;;;;;;x
b_sondrovo;Sondrovo;;;;;;;;;;;;;x
b_ulaskovo;Ulaskovo;;;;;;;;;;;;;x
b_shugay;Shugay;;;;;;;;;;;;;x
b_mengon;Mengon;;;;;;;;;;;;;x
b_beloozero;Beloozero;;;;;;;;;;;;;x
b_tynda;Tynda;;;;;;;;;;;;;x
b_kadam;Kadam;;;;;;;;;;;;;x
b_podol;Podol;;;;;;;;;;;;;x
b_kasimov;Kasimov;;;;;;;;;;;;;x
b_komsomolskaya;Komsomolskaya;;;;;;;;;;;;;x
b_nikiforovka;Nikiforovka;;;;;;;;;;;;;x
b_jurga;Jurga;;;;;;;;;;;;;x
b_matrega;Matrega;;;;;;;;;;;;;x
b_kurba;Kurba;;;;;;;;;;;;;x
b_ukani;Ukani;;;;;;;;;;;;;x
b_arsgir;Arsgir;;;;;;;;;;;;;x
b_bolshoye;Bolshoye;;;;;;;;;;;;;x
b_kostarsvo;Kostarsvo;;;;;;;;;;;;;x
b_kadar_argon;Kadar Argon;;;;;;;;;;;;;x
b_men_erain;Men Erain;;;;;;;;;;;;;x
b_arthobel;Arthobel;;;;;;;;;;;;;x
b_sderb;Sderb;;;;;;;;;;;;;x
b_haudh_arantar;Haudh Arantar;;;;;;;;;;;;;x
b_tham_laegamon;Tham Laegamon;;;;;;;;;;;;;x
b_tham_sarch;Tham Sarch;;;;;;;;;;;;;x
b_angsul;Angsul;;;;;;;;;;;;;x
b_buhr_azel;Buhr Azel;;;;;;;;;;;;;x
b_carach_ang;Carach Ang;;;;;;;;;;;;;x
b_grezny;Grezny;;;;;;;;;;;;;x
b_maegoth;Maegoth;;;;;;;;;;;;;x
b_paraldas;Paraldas;;;;;;;;;;;;;x
b_angsul_2;Angsul_2;;;;;;;;;;;;;x
b_gath_forthnir;Gath Forthnir;;;;;;;;;;;;;x
b_bail_catharnakh;Bail Catharnakh;;;;;;;;;;;;;x
b_bail_dilas;Bail Dilas;;;;;;;;;;;;;x
b_grundaist;Grundaist;;;;;;;;;;;;;x
b_rhunendin;Rhunendin;;;;;;;;;;;;;x
b_monts_of_angmar;Monts of Angmar;;;;;;;;;;;;;x
b_bodroth;Bodroth;;;;;;;;;;;;;x
b_ram_duath;Ram Duath;;;;;;;;;;;;;x
b_lehma-koti;Lehma Koti;;;;;;;;;;;;;x
b_duvaire;Duvaire;;;;;;;;;;;;;x
b_frith-vaile;Frith Vaile;;;;;;;;;;;;;x
b_skathmur;Skathmur;;;;;;;;;;;;;x
b_rimpurod;Rimpurod;;;;;;;;;;;;;x
b_imlad_balchorth;Imlad Balchorth;;;;;;;;;;;;;x
b_tyrn_lhuig;Tyrn Lhuig;;;;;;;;;;;;;x
b_boglakh;Boglakh;;;;;;;;;;;;;x
b_grishbalt;Grishbalt;;;;;;;;;;;;;x
b_rammas_deluon;Rammas Deluon;;;;;;;;;;;;;x
b_mor_maudhul;Mor Maudhul;;;;;;;;;;;;;x
b_ravda;Ravda;;;;;;;;;;;;;x
b_ravda_2;Ravda_2;;;;;;;;;;;;;x
b_bailgor;Bailgor;;;;;;;;;;;;;x
b_bar_grundail;Bar Grundail;;;;;;;;;;;;;x
b_fervar;Fervar;;;;;;;;;;;;;x
b_gurthlin;Gurthlin;;;;;;;;;;;;;x
b_gwambar;Gwambar;;;;;;;;;;;;;x
b_kuska;Kuska;;;;;;;;;;;;;x
b_legeron;Legeron;;;;;;;;;;;;;x
b_gorothlad;Gorothlad;;;;;;;;;;;;;x
b_gabilshathur;Gabilshathur;;;;;;;;;;;;;x
b_donnvail;Donnvail;;;;;;;;;;;;;x
b_dun_covad;Dun Covad;;;;;;;;;;;;;x
b_fasach;Fasach;;;;;;;;;;;;;x
b_wilcot;Wilcot;;;;;;;;;;;;;x
b_gorothlad3;Gorothlad3;;;;;;;;;;;;;x
b_fail_a_khro;Fail a Khro;;;;;;;;;;;;;x
b_burzum_pushdug;Burzum Pushdug;;;;;;;;;;;;;x
b_morfil;Morfil;;;;;;;;;;;;;x
b_nad_nathair;Nad Nathair;;;;;;;;;;;;;x
b_tor_gailvin;Tor Gailvin;;;;;;;;;;;;;x
b_maethad;Maethad;;;;;;;;;;;;;x
b_maethad2;Maethad2;;;;;;;;;;;;;x
b_aughaire;Aughaire;;;;;;;;;;;;;x
b_buth_luikh;Buth Luikh;;;;;;;;;;;;;x
b_buth_sankhas;Buth Sankhas;;;;;;;;;;;;;x
b_rostelion;Rostelion;;;;;;;;;;;;;x
b_akan_methes;Akan Methes;;;;;;;;;;;;;x
b_arnalain;Arnalain;;;;;;;;;;;;;x
b_aughaire2;Aughaire2;;;;;;;;;;;;;x
b_amon_moth;Amon Moth;;;;;;;;;;;;;x
b_korb_taskral;Korb Taskral;;;;;;;;;;;;;x
b_eastwezor;Eastwezor;;;;;;;;;;;;;x
b_korondaj;Korondaj;;;;;;;;;;;;;x
b_kasrun;Kasrun;;;;;;;;;;;;;x
b_basnoha;Basnoha;;;;;;;;;;;;;x
b_tasrobel;Tasrobel;;;;;;;;;;;;;x
b_korb_haruzan;Korb Haruzan;;;;;;;;;;;;;x
b_thrijha_peh;Thrijha Peh;;;;;;;;;;;;;x
b_dliv;Dliv;;;;;;;;;;;;;x
b_suladan;Suladan;;;;;;;;;;;;;x
b_keplab;Keplab;;;;;;;;;;;;;x
b_dol_haedir;Dol Haedir;;;;;;;;;;;;;x
b_annuminas;Annuminas;;;;;;;;;;;;;x
b_adannon;Adannon;;;;;;;;;;;;;x
b_ariant;Ariant;;;;;;;;;;;;;x
b_crogu;Crogu;;;;;;;;;;;;;x
b_gaerannon;Gaerannon;;;;;;;;;;;;;x
b_menelband;Menelband;;;;;;;;;;;;;x
b_tyl_annun;Tyl Annun;;;;;;;;;;;;;x
b_chappelle;Chappelle;;;;;;;;;;;;;x
b_pizmak;Pizmak;;;;;;;;;;;;;x
b_hazelquist;Hazelquist;;;;;;;;;;;;;x
b_berrant;Berrant;;;;;;;;;;;;;x
b_nastim;Nastim;;;;;;;;;;;;;x
b_sephronvin;Sephronvin;;;;;;;;;;;;;x
b_isumdon;Isumdon;;;;;;;;;;;;;x
b_edoras;Edoras;;;;;;;;;;;;;x
b_folcbuhr;Folcbuhr;;;;;;;;;;;;;x
b_deorwold;Deorwold;;;;;;;;;;;;;x
b_hidolf;Hidolf;;;;;;;;;;;;;x
b_baduhir;Baduhir;;;;;;;;;;;;;x
b_magluf;Magluf;;;;;;;;;;;;;x
b_keguzan;Keguzan;;;;;;;;;;;;;x
b_nurumurl;Nurumurl;;;;;;;;;;;;;x
b_ronkgul;Ronkgul;;;;;;;;;;;;;x
b_khegorod;Khegorod;;;;;;;;;;;;;x
b_shpagaderzhat;Shpagaderzhat;;;;;;;;;;;;;x
b_tvoylozhka;Tvoylozhka;;;;;;;;;;;;;x
b_il_feshina;Il Feshina;;;;;;;;;;;;;x
b_makhagulshu;Makhagulshu;;;;;;;;;;;;;x
b_gothol_zigil;Gothol Zigil;;;;;;;;;;;;;x
b_muzumthork;Muzumthork;;;;;;;;;;;;;x
b_wradem;Wradem;;;;;;;;;;;;;x
b_jazargund;Jazargund;;;;;;;;;;;;;x
b_ulind;Ulind;;;;;;;;;;;;;x
b_duath_hai;Duath Hai;;;;;;;;;;;;;x
b_duath_varg;Duath Varg;;;;;;;;;;;;;x
b_baraz_duban;Baraz Duban;;;;;;;;;;;;;x
b_gabilgathol;Gabilgathol;;;;;;;;;;;;;x
b_baraz_ghar;Baraz Ghar;;;;;;;;;;;;;x
b_zabadgath;Zabadgath;;;;;;;;;;;;;x
b_budkhul;Budkhul;;;;;;;;;;;;;x
b_kor_mumak;Kor Mumak;;;;;;;;;;;;;x
b_zeddine;Zeddine;;;;;;;;;;;;;x
b_sulaj_dar;Sulaj Dar;;;;;;;;;;;;;x
b_wibotul;Wibotul;;;;;;;;;;;;;x
b_isra;Isra;;;;;;;;;;;;;x
b_kes_arik;Kes Arik;;;;;;;;;;;;;x
b_akhul;Akhul;;;;;;;;;;;;;x
b_draich_arkoth;Draich Arkoth;;;;;;;;;;;;;x
b_kaelos;Kaelos;;;;;;;;;;;;;x
b_chamber_of_thror;Chamber of Thror;;;;;;;;;;;;;x
b_hall_of_thrain;Hall of Thrain;;;;;;;;;;;;;x
b_ravenhill;Ravenhill;;;;;;;;;;;;;x
b_irebor;Irebor;;;;;;;;;;;;;x
b_kantharlu;Kantharlu;;;;;;;;;;;;;x
b_relain;Relain;;;;;;;;;;;;;x
b_noraenc;Noraenc;;;;;;;;;;;;;x
b_morlith;Morlith;;;;;;;;;;;;;x
b_neta_zibova;Neta Zibova;;;;;;;;;;;;;x
b_banerlei;Banerlei;;;;;;;;;;;;;x
b_bubhosh;Bubhosh;;;;;;;;;;;;;x
b_buth_ovaisa;Buth Ovaisa;;;;;;;;;;;;;x
b_zarok_iorag;Zarok Iorag;;;;;;;;;;;;;x
b_drazial;Drazial;;;;;;;;;;;;;x
b_ghrond;Ghrond;;;;;;;;;;;;;x
b_nabatan;Nabatan;;;;;;;;;;;;;x
b_jeva;Jeva;;;;;;;;;;;;;x
b_tyrkaelathin;Tyrkaelathin;;;;;;;;;;;;;x
b_muthkar;Muthkar;;;;;;;;;;;;;x
b_rienbi;Rienbi;;;;;;;;;;;;;x
b_khalaeth;Khalaeth;;;;;;;;;;;;;x
b_elu_anath;Elu Anath;;;;;;;;;;;;;x
b_ulkar;Ulkar;;;;;;;;;;;;;x
b_kyrast;Kyrast;;;;;;;;;;;;;x
b_nertis;Nertis;;;;;;;;;;;;;x
b_edibiba;Edibiba;;;;;;;;;;;;;x
b_tuern;Tuern;;;;;;;;;;;;;x
b_yamek;Yamek;;;;;;;;;;;;;x
b_har_narzul;Har Narzul;;;;;;;;;;;;;x
b_yeth;Yeth;;;;;;;;;;;;;x
b_graefur;Graefur;;;;;;;;;;;;;x
b_phaeros;Phaeros;;;;;;;;;;;;;x
b_lothtrys;Lothtrys;;;;;;;;;;;;;x
b_kayath;Kayath;;;;;;;;;;;;;x
b_tarsisa;Tarsisa;;;;;;;;;;;;;x
b_senthar;Senthar;;;;;;;;;;;;;x
b_skorn;Skorn;;;;;;;;;;;;;x
b_keikal;Keikal;;;;;;;;;;;;;x
b_asael;Asael;;;;;;;;;;;;;x
b_gorsaisil;Gorsaisil;;;;;;;;;;;;;x
b_umryel;Umryel;;;;;;;;;;;;;x
b_cirryel;Cirryel;;;;;;;;;;;;;x
b_sinnibar;Sinnibar;;;;;;;;;;;;;x
b_kiroth;Kiroth;;;;;;;;;;;;;x
b_clartan;Clartan;;;;;;;;;;;;;x
b_dalak_hag;Dalak Hag;;;;;;;;;;;;;x
b_pingassen;Pingassen;;;;;;;;;;;;;x
b_malagurn;Malagurn;;;;;;;;;;;;;x
b_gilveran;Gilveran;;;;;;;;;;;;;x
b_vhatau;Vhatau;;;;;;;;;;;;;x
b_artoura;Artoura;;;;;;;;;;;;;x
b_maibdethlas;Maibdethlas;;;;;;;;;;;;;x
b_uinthar;Uinthar;;;;;;;;;;;;;x
b_pathalon;Pathalon;;;;;;;;;;;;;x
b_olhand;Olhand;;;;;;;;;;;;;x
b_karandona;Karandona;;;;;;;;;;;;;x
b_muthris;Muthris;;;;;;;;;;;;;x
b_frital;Frital;;;;;;;;;;;;;x
b_skarn;Skarn;;;;;;;;;;;;;x
b_kuuwaith;Kuuwaith;;;;;;;;;;;;;x
b_levadoed;Levadoed;;;;;;;;;;;;;x
b_gaesthor;Gaesthor;;;;;;;;;;;;;x
b_urian;Urian;;;;;;;;;;;;;x
b_thaluun;Thaluun;;;;;;;;;;;;;x
b_melymarod;Melymarod;;;;;;;;;;;;;x
b_geweca;Geweca;;;;;;;;;;;;;x
b_naggau;Naggau;;;;;;;;;;;;;x
b_imbrucke;Imbrucke;;;;;;;;;;;;;x
b_miridith;Miridith;;;;;;;;;;;;;x
b_skrumar;Skrumar;;;;;;;;;;;;;x
b_zhulthis;Zhulthis;;;;;;;;;;;;;x
b_vothrarn;Vothrarn;;;;;;;;;;;;;x
b_karond_tull;Karond Tull;;;;;;;;;;;;;x
b_juthain;Juthain;;;;;;;;;;;;;x
b_briesach;Briesach;;;;;;;;;;;;;x
b_hithbaire;Hithbaire;;;;;;;;;;;;;x
b_hauclir;Hauclir;;;;;;;;;;;;;x
b_sivelitz;Sivelitz;;;;;;;;;;;;;x
b_amydn;Amydn;;;;;;;;;;;;;x
b_raethpar;Raethpar;;;;;;;;;;;;;x
b_khar_harag;Khar Harag;;;;;;;;;;;;;x
b_hirine;Hirine;;;;;;;;;;;;;x
b_hetka;Hetka;;;;;;;;;;;;;x
b_krissmarn;Krissmarn;;;;;;;;;;;;;x
b_avitak;Avitak;;;;;;;;;;;;;x
b_arriach;Arriach;;;;;;;;;;;;;x
b_indarl;Indarl;;;;;;;;;;;;;x
b_phakos;Phakos;;;;;;;;;;;;;x
b_veressa;Veressa;;;;;;;;;;;;;x
b_dakyan;Dakyan;;;;;;;;;;;;;x
b_mathbien;Mathbien;;;;;;;;;;;;;x
b_tharn;Tharn;;;;;;;;;;;;;x
b_teserban;Teserban;;;;;;;;;;;;;x
b_vuthad_graef;Vuthad Graef;;;;;;;;;;;;;x
b_xenostaen;Xenostaen;;;;;;;;;;;;;x
b_lindith;Lindith;;;;;;;;;;;;;x
b_zeoben;Zeoben;;;;;;;;;;;;;x
b_oraithe;Oraithe;;;;;;;;;;;;;x
b_korondaj_2;Korondaj_2;;;;;;;;;;;;;x
b_gallosar;Gallosar;;;;;;;;;;;;;x
b_vengerberg;Vengerberg;;;;;;;;;;;;;x
b_ates;Ates;;;;;;;;;;;;;x
b_guirbaden;Guirbaden;;;;;;;;;;;;;x
b_wangen;Wangen;;;;;;;;;;;;;x
b_cachy;Cachy;;;;;;;;;;;;;x
b_lecques;Lecques;;;;;;;;;;;;;x
b_kaudenberg;Kaudenberg;;;;;;;;;;;;;x
b_rozay;Rozay;;;;;;;;;;;;;x
b_bignan;Bignan;;;;;;;;;;;;;x
b_glageon;Glageon;;;;;;;;;;;;;x
b_lamaronde;Lamaronde;;;;;;;;;;;;;x
b_mirebel;Mirebel;;;;;;;;;;;;;x
b_bouesse;Bouesse;;;;;;;;;;;;;x
b_trelis;Trelis;;;;;;;;;;;;;x
b_olmion;Olmion;;;;;;;;;;;;;x
b_trefitt;Trefitt;;;;;;;;;;;;;x
b_boubert;Boubert;;;;;;;;;;;;;x
b_sarraltroff;Sarraltroff;;;;;;;;;;;;;x
b_bonsmoulins;Bonsmoulins;;;;;;;;;;;;;x
b_verdets;Verdets;;;;;;;;;;;;;x
b_aspach;Aspach;;;;;;;;;;;;;x
b_forbeaum;Forbeaum;;;;;;;;;;;;;x
b_combourg;Combourg;;;;;;;;;;;;;x
b_locarn;Locarn;;;;;;;;;;;;;x
b_dancourt;Dancourt;;;;;;;;;;;;;x
b_viriat;Viriat;;;;;;;;;;;;;x
b_rott;Rott;;;;;;;;;;;;;x
b_climont;Climont;;;;;;;;;;;;;x
b_veysset;Veysset;;;;;;;;;;;;;x
b_cheppy;Cheppy;;;;;;;;;;;;;x
b_peyrafon;Peyrafon;;;;;;;;;;;;;x
b_montracol;Montracol;;;;;;;;;;;;;x
b_jadron;Jadron;;;;;;;;;;;;;x
b_ouainville;Ouainville;;;;;;;;;;;;;x
b_svoboda;Svoboda;;;;;;;;;;;;;x
b_sharz;Sharz;;;;;;;;;;;;;x
b_svarlast;Svarlast;;;;;;;;;;;;;x
b_randlev;Randlev;;;;;;;;;;;;;x
b_eilain;Eilain;;;;;;;;;;;;;x
b_bagrine;Bagrine;;;;;;;;;;;;;x
b_yerediban;Yerediban;;;;;;;;;;;;;x
b_zekeal;Zekeal;;;;;;;;;;;;;x
b_dyulevo;Dyulevo;;;;;;;;;;;;;x
b_pharloth;Pharloth;;;;;;;;;;;;;x
b_teoadan;Teoadan;;;;;;;;;;;;;x
b_troadel;Troadel;;;;;;;;;;;;;x
b_ulstrup;Ulstrup;;;;;;;;;;;;;x
b_foclolar;Foclolar;;;;;;;;;;;;;x
b_turukhaner;Turukhaner;;;;;;;;;;;;;x
b_ogrens;Ogrens;;;;;;;;;;;;;x
b_yerensk;Yerensk;;;;;;;;;;;;;x
b_andarah;Andarah;;;;;;;;;;;;;x
b_ambyn;Ambyn;;;;;;;;;;;;;x
b_atayin;Atayin;;;;;;;;;;;;;x
b_wrauguvura;Wrauguvura;;;;;;;;;;;;;x
b_morghaarstein;Morghaarstein;;;;;;;;;;;;;x
b_helheim;Helheim;;;;;;;;;;;;;x
b_heltjald;Heltjald;;;;;;;;;;;;;x
b_feiknstafir_lidha;Feiknstafir Lidha;;;;;;;;;;;;;x
b_kraka_sokapaz;Kraka Sokapaz;;;;;;;;;;;;;x
b_khazid_ramyrel;Khazid Ramyrel;;;;;;;;;;;;;x
b_grung_aknik;Grung Aknik;;;;;;;;;;;;;x
b_blatnista;Blatnista;;;;;;;;;;;;;x
b_hekoms;Hekoms;;;;;;;;;;;;;x
b_malo_konare;Malo Konare;;;;;;;;;;;;;x
b_cad;Cad;;;;;;;;;;;;;x
b_ghebe;Ghebe;;;;;;;;;;;;;x
b_aubecul;Aubecul;;;;;;;;;;;;;x
b_sasounyan;Sasounyan;;;;;;;;;;;;;x
b_lesichovo;Lesichovo;;;;;;;;;;;;;x
b_synthe;Synthe;;;;;;;;;;;;;x
b_marte;Marte;;;;;;;;;;;;;x
b_deostrai;Deostrai;;;;;;;;;;;;;x
b_kriubocul;Kriubocul;;;;;;;;;;;;;x
b_tikhtai;Tikhtai;;;;;;;;;;;;;x
b_gutai;Gutai;;;;;;;;;;;;;x
b_poibrene;Poibrene;;;;;;;;;;;;;x
b_stranagl;Stranagl;;;;;;;;;;;;;x
b_belovo;Belovo;;;;;;;;;;;;;x
b_shmiel_dera;Shmiel Dera;;;;;;;;;;;;;x
b_hisahamr;Hisahamr;;;;;;;;;;;;;x
b_geahica;Geahica;;;;;;;;;;;;;x
b_pakux;Pakux;;;;;;;;;;;;;x
b_plagaz;Plagaz;;;;;;;;;;;;;x
b_panagsborg;Panagsborg;;;;;;;;;;;;;x
b_roggeveen;Roggeveen;;;;;;;;;;;;;x
b_bryne;Bryne;;;;;;;;;;;;;x
b_felaus;Felaus;;;;;;;;;;;;;x
b_tupeza;Tupeza;;;;;;;;;;;;;x
b_chazan;Chazan;;;;;;;;;;;;;x
b_shroktak;Shroktak;;;;;;;;;;;;;x
b_carn_orru;Carn Orru;;;;;;;;;;;;;x
b_tayhure;Tayhure;;;;;;;;;;;;;x
b_naryss;Naryss;;;;;;;;;;;;;x
b_tamndreri;Tamndreri;;;;;;;;;;;;;x
b_erseos;Erseos;;;;;;;;;;;;;x
b_geniele;Geniele;;;;;;;;;;;;;x
b_najrov;Najrov;;;;;;;;;;;;;x
b_vierze;Vierze;;;;;;;;;;;;;x
b_meze;Meze;;;;;;;;;;;;;x
b_bayonny;Bayonny;;;;;;;;;;;;;x
b_pentre;Pentre;;;;;;;;;;;;;x
b_hejls;Hejls;;;;;;;;;;;;;x
b_teglkaas;Teglkaas;;;;;;;;;;;;;x
b_hytten;Hytten;;;;;;;;;;;;;x
b_kariholm;Kariholm;;;;;;;;;;;;;x
b_ebeltoft;Ebeltoft;;;;;;;;;;;;;x
b_thyrnifell;Thyrnifell;;;;;;;;;;;;;x
b_karevik;Karevik;;;;;;;;;;;;;x
b_ojtoek;Ojtoek;;;;;;;;;;;;;x
b_morichida;Morichida;;;;;;;;;;;;;x
b_ladany;Ladany;;;;;;;;;;;;;x
b_formyre;Formyre;;;;;;;;;;;;;x
b_lendemark;Lendemark;;;;;;;;;;;;;x
b_knud;Knud;;;;;;;;;;;;;x
b_askildrup;Askildrup;;;;;;;;;;;;;x
b_aparhant;Aparhant;;;;;;;;;;;;;x
b_rapolt;Rapolt;;;;;;;;;;;;;x
b_igar;Igar;;;;;;;;;;;;;x
b_markaz;Markaz;;;;;;;;;;;;;x
b_polany;Polany;;;;;;;;;;;;;x
b_erkeny;Erkeny;;;;;;;;;;;;;x
b_zaporca;Zaporca;;;;;;;;;;;;;x
b_naugis;Naugis;;;;;;;;;;;;;x
b_yethis;Yethis;;;;;;;;;;;;;x
b_xavia;Xavia;;;;;;;;;;;;;x
b_channai;Channai;;;;;;;;;;;;;x
b_niovin;Niovin;;;;;;;;;;;;;x
b_mornaen;Mornaen;;;;;;;;;;;;;x
b_nenmael;Nenmael;;;;;;;;;;;;;x
b_yumarrak;Yumarrak;;;;;;;;;;;;;x
b_khaelo;Khaelo;;;;;;;;;;;;;x
b_aerlith;Aerlith;;;;;;;;;;;;;x
b_viriavel;Viriavel;;;;;;;;;;;;;x
b_rerdor;Rerdor;;;;;;;;;;;;;x
b_elithea;Elithea;;;;;;;;;;;;;x
b_avernera;Avernera;;;;;;;;;;;;;x
b_massylath;Massylath;;;;;;;;;;;;;x
b_hagain;Hagain;;;;;;;;;;;;;x
b_ghorhovel;Ghorhovel;;;;;;;;;;;;;x
b_zhabarr;Zhabarr;;;;;;;;;;;;;x
b_rilvram;Rilvram;;;;;;;;;;;;;x
b_caelthan;Caelthan;;;;;;;;;;;;;x
b_vokem;Vokem;;;;;;;;;;;;;x
b_hathdror;Hathdror;;;;;;;;;;;;;x
b_zail_hag;Zail Hag;;;;;;;;;;;;;x
b_khalabarg;Khalabarg;;;;;;;;;;;;;x
b_farndos;Farndos;;;;;;;;;;;;;x
b_durthan;Durthan;;;;;;;;;;;;;x
b_tanles;Tanles;;;;;;;;;;;;;x
b_talfintar;Talfintar;;;;;;;;;;;;;x
b_ukhorth;Ukhorth;;;;;;;;;;;;;x
b_hag_kaggain;Hag Kaggain;;;;;;;;;;;;;x
b_bedemera;Bedemera;;;;;;;;;;;;;x
b_mivren;Mivren;;;;;;;;;;;;;x
b_limfina;Limfina;;;;;;;;;;;;;x
b_diryni;Diryni;;;;;;;;;;;;;x
b_hlasthyn;Hlasthyn;;;;;;;;;;;;;x
b_ashiun;Ashiun;;;;;;;;;;;;;x
b_kuiron;Kuiron;;;;;;;;;;;;;x
b_vasharajin;Vasharajin;;;;;;;;;;;;;x
b_thelhyron;Thelhyron;;;;;;;;;;;;;x
b_moreni;Moreni;;;;;;;;;;;;;x
b_genralarna;Genralarna;;;;;;;;;;;;;x
b_khaeleth;Khaeleth;;;;;;;;;;;;;x
b_asynnar;Asynnar;;;;;;;;;;;;;x
b_tinara_kar;Tinara Kar;;;;;;;;;;;;;x
b_valhir;Valhir;;;;;;;;;;;;;x
b_uvonila;Uvonila;;;;;;;;;;;;;x
b_ervme;Ervme;;;;;;;;;;;;;x
b_vasti;Vasti;;;;;;;;;;;;;x
b_kraes;Kraes;;;;;;;;;;;;;x
b_erabur;Erabur;;;;;;;;;;;;;x
b_loltharin;Loltharin;;;;;;;;;;;;;x
b_arvvalo;Arvvalo;;;;;;;;;;;;;x
b_treame;Treame;;;;;;;;;;;;;x
b_olisarra;Olisarra;;;;;;;;;;;;;x
b_ruthsolei;Ruthsolei;;;;;;;;;;;;;x
b_nagairas;Nagairas;;;;;;;;;;;;;x
b_baas;Baas;;;;;;;;;;;;;x
b_fuan;Fuan;;;;;;;;;;;;;x
b_oxar;Oxar;;;;;;;;;;;;;x
b_seymeld;Seymeld;;;;;;;;;;;;;x
b_ithlenibat;Ithlenibat;;;;;;;;;;;;;x
b_gullic;Gullic;;;;;;;;;;;;;x
b_gullic_2;Gullic;;;;;;;;;;;;;x
b_dejris;Dejris;;;;;;;;;;;;;x
b_iwedarco;Iwedarco;;;;;;;;;;;;;x
b_kaalbis;Kaalbis;;;;;;;;;;;;;x
b_lesnoye_2;Lesnoye_2;;;;;;;;;;;;;x
b_vigla;Vigla;;;;;;;;;;;;;x
b_viriat_2;Viriat_2;;;;;;;;;;;;;x
b_gildehusen;Gildehusen;;;;;;;;;;;;;x
b_efzin;Efzin;;;;;;;;;;;;;x
b_formyre_2;Formyre_2;;;;;;;;;;;;;x
b_thyrnifell_2;Thyrnifell_2;;;;;;;;;;;;;x
b_karevik_2;Karevik_2;;;;;;;;;;;;;x
b_durthan_2;Durthan_2;;;;;;;;;;;;;x
b_tanles_2;Tanles_2;;;;;;;;;;;;;x
b_monru;Monru;;;;;;;;;;;;;x